n,k,group,category,severity,line_number,detail,excerpt,classification,rationale
3,3,pi_6^3,ambiguous_anaphora,review,61,Potentially ambiguous anaphoric prose: この群構造と,"この群構造と $E$ の単射性より, $E(\eta_{2}^{3})=\eta_{3}^{3}\neq0$ であり, 単射写像は元の位数を保つ.",confirmed_prose_review,Generated prose contains an ambiguous anaphoric phrase.
3,3,pi_6^3,unreferenced_equation_tag,candidate,35,Equation tag (1) is emitted but is never cited elsewhere in the public Narrative.,"[R2]より, $2\nu' = \eta_{3}^{3}\tag{1}$.",confirmed_unused_number_candidate,\tag{1} is visible but unused by canonical equation connectors.
3,3,pi_6^3,unreferenced_equation_tag,candidate,45,Equation tag (7) is emitted but is never cited elsewhere in the public Narrative.,$H\left(\nu'\eta_{6}\right) = H\left(\nu'\right)\eta_{6}\tag{7}$.,confirmed_unused_number_candidate,\tag{7} is visible but unused by canonical equation connectors.
3,3,pi_6^3,unreferenced_equation_tag,candidate,47,Equation tag (8) is emitted but is never cited elsewhere in the public Narrative.,$H\left(\nu'\eta_{6}\right) = \eta_{5}^{2}\tag{8}$.,confirmed_unused_number_candidate,\tag{8} is visible but unused by canonical equation connectors.
5,3,pi_8^5,unreferenced_equation_tag,candidate,61,Equation tag (8) is emitted but is never cited elsewhere in the public Narrative.,\pi_{8}^{5} = \mathbb{Z}/8\{\nu_{5}\}\tag{8},confirmed_unused_number_candidate,\tag{8} is visible but unused by canonical equation connectors.
5,3,pi_8^5,missing_equation_tag,defect,,"Equation reference (1) appears 3 time(s), but no matching \tag is present.",(1),audit_false_positive,(1) is not an equation reference in the canonical connector form.
5,3,pi_8^5,missing_equation_tag,defect,,"Equation reference (4) appears 3 time(s), but no matching \tag is present.",(4),audit_false_positive,(4) is not an equation reference in the canonical connector form.
5,3,pi_8^5,missing_equation_tag,defect,,"Equation reference (5) appears 2 time(s), but no matching \tag is present.",(5),audit_false_positive,(5) is not an equation reference in the canonical connector form.
5,3,pi_8^5,missing_equation_tag,defect,,"Equation reference (6) appears 2 time(s), but no matching \tag is present.",(6),audit_false_positive,(6) is not an equation reference in the canonical connector form.
5,3,pi_8^5,missing_equation_tag,defect,,"Equation reference (7) appears 2 time(s), but no matching \tag is present.",(7),audit_false_positive,(7) is not an equation reference in the canonical connector form.
9,7,pi_16^9,ambiguous_anaphora,review,30,Potentially ambiguous anaphoric prose: この群構造と,"この群構造と写像による移送の結果を合わせると, 対象の群の位数と写像の単射性が決まる.",confirmed_prose_review,Generated prose contains an ambiguous anaphoric phrase.
