provenance_index,depth,focus_kind,statement_type,inference_rule,premise_count,rendered
0,0,pi4_3_Z2_eta3,Relation,Toda pi_4^3 eta_3 generator notation,2,$\pi_{4}^{3} = \mathbb{Z}/2\{\eta_{3}\}$
1,1,pi4_3_Z2_eta3,Relation,Toda pi_4^3 finite cyclic quotient calculation,3,$\pi_{4}^{3} = \mathbb{Z}/2\{\eta_{3}\}$
3,2,pi3_2_Z_eta2,Relation,,0,$\pi_{3}^{2} = \mathbb{Z}\{\eta_{2}\}$
4,2,kernel_E_Z_2eta2,TodaSuspensionKernelFreeCyclicStatement,Toda pi_4^3 exactness Delta image equals E kernel,2,Toda pi_4^3 exactness Delta image equals E kernel
5,2,E_surjective,TodaSuspensionSurjectiveStatement,Toda pi_4^3 E-H exactness zero-right suspension surjectivity,2,$E: \pi_{3}^{2} \to \pi_{4}^{3}$ は全射である.
7,3,image_delta_Z_2eta2,TodaDeltaImageFreeCyclicStatement,Toda pi_4^3 Delta image generated by twice eta_2,3,Toda pi_4^3 Delta image generated by twice eta_2
8,3,exact_delta_E,TodaProp42ExactnessStatement,,0,$\pi_{5}^{5} \xrightarrow{Δ} \pi_{3}^{2} \xrightarrow{E} \pi_{4}^{3}$ は完全である.
10,3,exact_E_H,TodaProp42ExactnessStatement,,0,$\pi_{3}^{2} \xrightarrow{E} \pi_{4}^{3} \xrightarrow{H} \pi_{4}^{5}$ は完全である.
11,4,pi5_5_Z_iota5,Relation,,0,$\pi_{5}^{5} = \mathbb{Z}\{\iota_{5}\}$
