parent_depth,parent_focus,parent_type,parent_rule,premise_depth,premise_focus,premise_type,premise_rule,premise_slot
0,pi4_3_Z2_eta3,Relation,Toda pi_4^3 eta_3 generator notation,1,pi4_3_Z2_eta3,Relation,Toda pi_4^3 finite cyclic quotient calculation,0
0,pi4_3_Z2_eta3,Relation,Toda pi_4^3 eta_3 generator notation,1,,Relation,Toda eta_3 notation suspension bridge,1
1,pi4_3_Z2_eta3,Relation,Toda pi_4^3 finite cyclic quotient calculation,2,pi3_2_Z_eta2,Relation,,0
1,pi4_3_Z2_eta3,Relation,Toda pi_4^3 finite cyclic quotient calculation,2,kernel_E_Z_2eta2,TodaSuspensionKernelFreeCyclicStatement,Toda pi_4^3 exactness Delta image equals E kernel,1
1,pi4_3_Z2_eta3,Relation,Toda pi_4^3 finite cyclic quotient calculation,2,E_surjective,TodaSuspensionSurjectiveStatement,Toda pi_4^3 E-H exactness zero-right suspension surjectivity,2
1,,Relation,Toda eta_3 notation suspension bridge,2,,TodaEtaFamilyDefinitionStatement,,0
2,kernel_E_Z_2eta2,TodaSuspensionKernelFreeCyclicStatement,Toda pi_4^3 exactness Delta image equals E kernel,3,image_delta_Z_2eta2,TodaDeltaImageFreeCyclicStatement,Toda pi_4^3 Delta image generated by twice eta_2,0
2,kernel_E_Z_2eta2,TodaSuspensionKernelFreeCyclicStatement,Toda pi_4^3 exactness Delta image equals E kernel,3,exact_delta_E,TodaProp42ExactnessStatement,,1
2,E_surjective,TodaSuspensionSurjectiveStatement,Toda pi_4^3 E-H exactness zero-right suspension surjectivity,3,,TodaPrimaryGroupZeroStatement,,0
2,E_surjective,TodaSuspensionSurjectiveStatement,Toda pi_4^3 E-H exactness zero-right suspension surjectivity,3,exact_E_H,TodaProp42ExactnessStatement,,1
3,image_delta_Z_2eta2,TodaDeltaImageFreeCyclicStatement,Toda pi_4^3 Delta image generated by twice eta_2,4,pi5_5_Z_iota5,Relation,,0
3,image_delta_Z_2eta2,TodaDeltaImageFreeCyclicStatement,Toda pi_4^3 Delta image generated by twice eta_2,4,,TodaDeltaImageUpToSignStatement,Toda Delta iota_5 Whitehead-square relation,1
3,image_delta_Z_2eta2,TodaDeltaImageFreeCyclicStatement,Toda pi_4^3 Delta image generated by twice eta_2,4,,TodaPi32WhiteheadSquareUpToSignStatement,Toda pi_3^2 Whitehead square equals twice eta_2 up to sign,2
4,,TodaDeltaImageUpToSignStatement,Toda Delta iota_5 Whitehead-square relation,5,,TodaDeltaMap,,0
4,,TodaPi32WhiteheadSquareUpToSignStatement,Toda pi_3^2 Whitehead square equals twice eta_2 up to sign,5,,TodaProp27HopfInvariantUpToSignStatement,Toda Proposition 2.7 iota_2 Whitehead-square Hopf invariant up to sign,0
4,,TodaPi32WhiteheadSquareUpToSignStatement,Toda pi_3^2 Whitehead square equals twice eta_2 up to sign,5,,TodaPi32Eta2DefinitionStatement,,1
4,,TodaPi32WhiteheadSquareUpToSignStatement,Toda pi_3^2 Whitehead square equals twice eta_2 up to sign,5,,Relation,,2
4,,TodaPi32WhiteheadSquareUpToSignStatement,Toda pi_3^2 Whitehead square equals twice eta_2 up to sign,5,,TodaHopfInvariantInjectiveStatement,,3
5,,TodaProp27HopfInvariantUpToSignStatement,Toda Proposition 2.7 iota_2 Whitehead-square Hopf invariant up to sign,6,,WhiteheadProduct,,0
