file,matched_definitions,line_count,is_test
algebra.py,1,1602,False
audit_phase144_6_r5_17a_r2.py,1,306,False
audit_phase144_6_r5_17a_r3.py,1,355,False
audit_phase144_6_r5_17d.py,1,353,False
audit_phase144_6_r5_17d_r1.py,2,249,False
audit_phase144_6_r5_17e.py,1,340,False
audit_phase144_6_r5_21.py,3,357,False
audit_phase144_6_r5_22.py,1,252,False
audit_phase144_6_r5_23.py,1,367,False
audit_phase144_6_r5_24.py,2,363,False
audit_phase144_6_r5_27.py,2,383,False
audit_phase144_6_r5_28.py,1,348,False
audit_phase144_6_r5_29.py,1,384,False
audit_phase144_6_r5_37.py,2,290,False
audit_phase144_6_r5_43_5.py,1,527,False
audit_phase144_6_r5_43_8.py,1,480,False
audit_phase144_6_r5_43_9.py,2,342,False
barratt_hilton_rules.py,3,310,False
composition_facts.py,1,235,False
composition_scalar_rules.py,3,121,False
ehp_rules.py,6,353,False
formatter.py,3,341,False
generator_facts.py,3,225,False
homomorphism_rules.py,9,423,False
homotopy_groups.py,5,173,False
hopf_rules.py,13,576,False
indeterminacy_rules.py,7,242,False
low_dimensional_facts.py,9,173,False
map_facts.py,3,121,False
map_property_rules.py,4,128,False
phase161_r4_literature_premise_matching.py,3,138,False
phase162_group_structure_backward.py,1,157,False
phase162_r3_narrative_connection.py,2,290,False
phase162_r3j_inference_rule_audit.py,3,170,False
phase162_r3k_rule_meaning_audit.py,2,148,False
phase162_reference_boundary.py,2,126,False
phase162_validated_proof_presentation.py,8,645,False
probes/probe_phase27_capabilities.py,1,553,False
probes/probe_phase30_capabilities.py,1,925,False
probes/probe_phase32_capabilities.py,1,434,False
probes/probe_phase33_capabilities.py,1,746,False
probes/probe_phase34_capabilities.py,3,941,False
probes/probe_phase35_capabilities.py,1,1422,False
probes/probe_phase36_capabilities.py,1,465,False
probes/probe_phase37_capabilities.py,1,416,False
probes/probe_phase38_capabilities.py,1,456,False
probes/probe_phase45_capabilities.py,1,650,False
probes/probe_phase46_capabilities.py,2,499,False
probes/probe_phase47_capabilities.py,2,705,False
probes/probe_phase60_capabilities.py,2,804,False
probes/probe_phase61_capabilities.py,3,662,False
probes/probe_phase62_capabilities.py,2,621,False
probes/probe_phase63_capabilities.py,2,660,False
probes/probe_phase65_capabilities.py,1,548,False
probes/probe_phase66_capabilities.py,1,401,False
probes/probe_phase68_capabilities.py,1,600,False
probes/probe_phase69_capabilities.py,1,449,False
probes/probe_phase70_capabilities.py,1,596,False
probes/probe_phase71_capabilities.py,1,580,False
probes/probe_phase73_capabilities.py,1,602,False
probes/probe_phase75_capabilities.py,1,652,False
probes/probe_phase81_capabilities.py,1,518,False
probes/probe_phase86_capabilities.py,2,855,False
proof.py,18,2120,False
proof_repository.py,4,189,False
relation_rules.py,20,920,False
repository.py,2,264,False
repository_element_exploration.py,2,189,False
repository_element_facade.py,3,115,False
repository_element_lookup.py,4,258,False
repository_element_presentation.py,7,433,False
repository_element_renderer.py,1,274,False
repository_foundational_group_specialization.py,0,282,False
repository_generator_applicability_execution_entry.py,1,319,False
repository_generator_applicability_execution_orchestration.py,0,229,False
repository_generator_applicability_execution_seed.py,1,44,False
repository_generator_applicability_facade.py,3,241,False
repository_generator_applicability_handoff.py,8,411,False
repository_generator_applicability_presentation.py,11,750,False
repository_generator_applicability_renderer.py,3,452,False
repository_generator_applicability_selection.py,4,311,False
repository_generator_known_group_identity_lookup.py,3,367,False
repository_generator_known_group_identity_presentation.py,3,123,False
repository_generator_known_group_identity_renderer.py,1,51,False
repository_generator_known_group_proof_replay.py,3,314,False
repository_generator_known_group_proof_replay_presentation.py,2,76,False
repository_generator_known_group_proof_replay_renderer.py,3,130,False
repository_generator_production_application_execution_seed.py,1,65,False
repository_generator_production_application_recovery.py,3,187,False
repository_generator_qualified_execution_dispatch.py,0,131,False
repository_generator_qualified_execution_family.py,3,309,False
repository_generator_qualified_execution_family_selection.py,3,324,False
repository_generator_qualified_execution_handoff.py,2,131,False
repository_generator_qualified_execution_selection.py,4,159,False
repository_generator_standard_qualified_execution_facade.py,4,464,False
repository_generator_two_premise_execution_integration.py,1,274,False
repository_generator_user_execution_candidate_presentation.py,3,179,False
repository_generator_user_execution_candidate_renderer.py,2,88,False
repository_generator_user_execution_facade.py,3,352,False
repository_generator_user_execution_handoff.py,2,167,False
repository_generator_user_execution_presentation.py,2,130,False
repository_generator_user_execution_proof_step.py,2,151,False
repository_generator_user_execution_renderer.py,2,113,False
repository_generator_user_execution_resolver.py,3,452,False
repository_inference.py,13,3415,False
repository_map_relation_exploration.py,2,244,False
repository_nu5_eta8_suspension_zero_specialization.py,0,331,False
repository_nu5_stable_bridge_specialization.py,0,217,False
repository_nu_prime_suspension_membership_specialization.py,0,276,False
repository_operation_query.py,5,336,False
repository_operation_query_facade.py,2,91,False
repository_operation_query_lookup.py,4,735,False
repository_operation_query_presentation.py,4,253,False
repository_operation_query_proof_replay.py,3,372,False
repository_operation_query_proof_replay_presentation.py,2,81,False
repository_operation_query_proof_replay_renderer.py,3,152,False
repository_operation_query_proof_replay_statement_presentation.py,3,212,False
repository_operation_query_renderer.py,1,108,False
repository_proof_scope.py,4,249,False
repository_proof_scope_applicability.py,2,113,False
repository_proof_scope_exploration.py,6,562,False
repository_proof_scope_facade.py,3,256,False
repository_proof_scope_renderer.py,1,188,False
repository_sigma11_suspension_specialization.py,0,216,False
repository_symbolic_sigma_specialization.py,1,332,False
repository_symbolic_stable_group_specialization.py,1,835,False
repository_theorem_pattern_exploration.py,3,82,False
repository_toda_membership_exploration.py,2,287,False
rule_applicability.py,10,537,False
rule_catalog.py,8,344,False
scalar_rules.py,11,307,False
set_rules.py,26,949,False
stable_rules.py,11,419,False
standard_production_applicability_catalog.py,31,3496,False
standard_production_repository.py,1,29,False
standard_repository.py,1,97,False
tests/phase162_r5_6_reference_test_utils.py,1,24,True
tests/test_composition_facts.py,22,680,True
tests/test_ehp.py,10,1080,True
tests/test_ehp_rules.py,5,4281,True
tests/test_expression.py,1,3675,True
tests/test_formatter.py,6,748,True
tests/test_generator_facts.py,73,2755,True
tests/test_homomorphism_rules.py,10,2837,True
tests/test_hopf_rules.py,16,2390,True
tests/test_indeterminacy_rules.py,14,1999,True
tests/test_inference_rule_pattern.py,134,16617,True
tests/test_map_facts.py,36,1476,True
tests/test_map_property_rules.py,8,1237,True
tests/test_phase100_12b_standard_repository_integration.py,3,218,True
tests/test_phase100_minimal_cli.py,2,339,True
tests/test_phase100_production_proof_builder.py,1,264,True
tests/test_phase100_prop511_production_proof_builder.py,1,234,True
tests/test_phase100_prop515_production_proof_builder.py,1,309,True
tests/test_phase100_prop515_sigma_chain_bootstrap.py,1,311,True
tests/test_phase100_prop58_production_proof_builder.py,1,264,True
tests/test_phase100_standard_repository.py,8,457,True
tests/test_phase101_cli_boundary_alias_unknown_regression.py,3,567,True
tests/test_phase101_production_exploration_validation.py,1,369,True
tests/test_phase102_map_relation_exploration.py,2,440,True
tests/test_phase102_minimal_theorem_pattern_exploration_result.py,4,242,True
tests/test_phase102_production_scope_facade.py,3,353,True
tests/test_phase102_proof_scope_semantic_exploration.py,1,364,True
tests/test_phase102_proof_scope_traversal.py,3,470,True
tests/test_phase102_toda_membership_filter.py,3,461,True
tests/test_phase103_6d101_toda_lemma54_nu4_membership_theorem_specific_classification.py,3,394,True
tests/test_phase103_6d106_toda53_nu_prime_lemma52_membership_theorem_specific_classification.py,3,390,True
tests/test_phase103_6d108_remaining_strict_self_identifying_nu_prime_grouped_relevance_classification.py,4,494,True
tests/test_phase103_6d10_second_wave_classification.py,1,268,True
tests/test_phase103_6d2_rule_relevance_category.py,2,150,True
tests/test_phase103_6d32_residual_delta_injectivity_theorem_specific_classification.py,1,296,True
tests/test_phase103_6d41_prop53_dependent_theorem_specific_classification.py,2,375,True
tests/test_phase103_6d44_prop56_specialization_theorem_specific_classification.py,3,413,True
tests/test_phase103_6d47_stable_zero_transport_structural_classification.py,1,404,True
tests/test_phase103_6d4_relevance_metadata_propagation.py,5,290,True
tests/test_phase103_6d50_toda52_finite_cyclic_transport_theorem_specific_classification.py,3,388,True
tests/test_phase103_6d53_concrete_composition_zero_theorem_specific_classification.py,3,377,True
tests/test_phase103_6d56_prop53_finite_cyclic_suspension_transport_theorem_specific_classification.py,3,377,True
tests/test_phase103_6d59_prop53_eta_square_suspension_bridge_classification.py,1,377,True
tests/test_phase103_6d5b_category_family_ordering.py,2,389,True
tests/test_phase103_6d62_lemma54_nu4_construction_consequence_theorem_specific_classification.py,3,377,True
tests/test_phase103_6d65_prop511_finite_dimensional_nu_squared_transport_theorem_specific_classification.py,3,379,True
tests/test_phase103_6d68_cross_theorem_stable_range_transport_theorem_specific_classification.py,3,380,True
tests/test_phase103_6d71_prop51_derived_eta_zero_relation_theorem_specific_classification.py,2,411,True
tests/test_phase103_6d73_prop511_pi14_13_eta13_group_identification_theorem_specific_classification.py,3,371,True
tests/test_phase103_6d76_prop56_nu_prime_order_four_theorem_specific_classification.py,3,373,True
tests/test_phase103_6d79_prop59_delta_eta11_theorem_specific_classification.py,3,376,True
tests/test_phase103_6d82_prop59_delta_eta9_squared_theorem_specific_classification.py,3,376,True
tests/test_phase103_6d85_prop59_e_nu4_eta7_squared_bridge_theorem_specific_classification.py,3,376,True
tests/test_phase103_6d88_prop59_e_nu5_eta8_squared_zero_theorem_specific_classification.py,3,376,True
tests/test_phase103_6d91_prop59_pi7_2_suspension_zero_theorem_specific_classification.py,3,376,True
tests/test_phase103_6d94_paired_symbolic_eta_family_generator_bridge_classification.py,3,389,True
tests/test_phase103_6d98_toda53_eta3_twice_zero_theorem_specific_classification.py,3,411,True
tests/test_phase103_compact_detailed_renderer.py,1,111,True
tests/test_phase103_grouped_applicability_presentation.py,1,480,True
tests/test_phase103_grouped_applicability_renderer.py,1,185,True
tests/test_phase103_indexed_applicability_search.py,4,475,True
tests/test_phase103_minimal_applicability_candidate.py,4,484,True
tests/test_phase103_premise_pattern_compatibility_search.py,5,783,True
tests/test_phase103_production_proof_scope_integration.py,2,762,True
tests/test_phase103_rule_family_grouped_presentation.py,2,293,True
tests/test_phase103_rule_family_grouped_renderer.py,2,194,True
tests/test_phase103_standard_applicability_catalog.py,2,99,True
tests/test_phase104_3c_source_scoped_rule_family_selection.py,3,288,True
tests/test_phase104_4f_candidate_handoff_validation.py,6,362,True
tests/test_phase104_4i_explicit_final_rule_bounded_search_core.py,9,323,True
tests/test_phase104_4k_ready_handoff_search_report_adapter.py,3,452,True
tests/test_phase104_4m_ready_search_report_execution_adapter.py,2,434,True
tests/test_phase104_4o_end_to_end_provenance_regression.py,1,229,True
tests/test_phase105_14_qualified_execution_family_grouping.py,1,324,True
tests/test_phase105_5_minimal_production_execution_seed_adapter.py,5,498,True
tests/test_phase105_6_first_qualified_production_execution_entry_adapter.py,1,298,True
tests/test_phase105_7_candidate_execution_orchestration.py,1,280,True
tests/test_phase105_9_qualified_applicability_candidate_filtering.py,1,306,True
tests/test_phase107_16_multi_family_execution_dispatch.py,1,406,True
tests/test_phase107_7_two_premise_execution_seed_adapter.py,1,460,True
tests/test_phase107_9_two_premise_handoff_bounded_search_integration.py,1,483,True
tests/test_phase108_5_minimal_user_facing_executable_target_resolver.py,1,265,True
tests/test_phase108_7_executed_target_final_proof_step_extraction.py,2,291,True
tests/test_phase108_8_minimal_user_facing_result_proof_presentation.py,1,347,True
tests/test_phase109_10_existing_fact_known_group_identity_validation.py,4,228,True
tests/test_phase109_12_nu5_proof_derived_ambient_fallback.py,4,237,True
tests/test_phase109_14_decorated_sigma_finite_cyclic_fallback.py,1,259,True
tests/test_phase109_16_sigma8_direct_sum_fallback.py,1,323,True
tests/test_phase109_18_sigma9_indexed_finite_cyclic_fallback.py,1,249,True
tests/test_phase109_20_sigma10_concrete_specialization.py,1,263,True
tests/test_phase109_24_generic_indexed_sigma_proof_scope_integration.py,1,328,True
tests/test_phase109_31_known_group_replay_narrow_rendering.py,2,169,True
tests/test_phase109_3_recursive_known_group_identity_lookup.py,3,388,True
tests/test_phase109_7_user_facing_target_dedup_delta_rendering.py,1,192,True
tests/test_phase110_10_operation_query_proof_replay.py,6,280,True
tests/test_phase110_10_operation_query_proof_replay_cli.py,5,335,True
tests/test_phase110_12_operation_query_proof_replay_statement_presentation.py,2,355,True
tests/test_phase110_5_minimal_operation_query_core.py,3,352,True
tests/test_phase110_8_operation_query_cli_integration.py,1,138,True
tests/test_phase110_8_operation_query_result_presentation.py,6,298,True
tests/test_phase111_10_proof_replay_depth_cli.py,1,359,True
tests/test_phase111_12_deep_show_proof_safe_fallback.py,1,86,True
tests/test_phase111_9_three_term_composition_query.py,2,160,True
tests/test_phase113_sigma_group_query_integration.py,1,193,True
tests/test_phase114_3_nu5_operation_query_handoff.py,2,247,True
tests/test_phase115_sigma11_operation_query_handoff.py,1,305,True
tests/test_phase118_4_depth_browser_usability.py,1,191,True
tests/test_phase118_web_app.py,2,109,True
tests/test_phase118_web_operation_query.py,2,158,True
tests/test_phase118_web_operation_query_proof.py,6,161,True
tests/test_phase121_4_web_generator_exploration.py,1,211,True
tests/test_phase123_5a_web_applicability_volume.py,1,60,True
tests/test_phase129_nu_prime_operation_query_handoff.py,3,409,True
tests/test_phase130_k456_specialization.py,1,416,True
tests/test_phase130_low_dimensional_standard_query.py,1,322,True
tests/test_phase130_sigma9_standard_query.py,1,263,True
tests/test_phase130_stable_group_specialization.py,1,458,True
tests/test_phase132_4_group_proof_presentation.py,1,365,True
tests/test_phase132_5_group_proof_outline_renderer.py,1,316,True
tests/test_phase132_6_group_proof_narrative_renderer.py,3,429,True
tests/test_phase132_8_group_proof_narrative_dedup.py,2,353,True
tests/test_phase134_11_pi8_5_narrative.py,1,125,True
tests/test_phase134_11_testfix_v2.py,1,81,True
tests/test_phase134_11_testfix_v3.py,2,112,True
tests/test_phase134_16_classifier_regression.py,3,129,True
tests/test_phase134_16_presentation_catalog.py,4,71,True
tests/test_phase134_21_pi15_8_roles.py,3,130,True
tests/test_phase134_24_pi15_8_narrative.py,1,186,True
tests/test_phase134_28_reference_block_assembler.py,4,86,True
tests/test_phase134_9_group_proof_narrative_classifier.py,2,163,True
tests/test_phase135_2_web_narrative_inline_formatting.py,1,165,True
tests/test_phase141_8_general_roles.py,3,224,True
tests/test_phase141_9_catalog_compatibility.py,2,37,True
tests/test_phase141_9_final_audit.py,2,271,True
tests/test_phase141_narrative_blocks.py,4,222,True
tests/test_phase142_3_generic_proof_text.py,2,234,True
tests/test_phase143_2_generic_short_exact_sequence.py,1,167,True
tests/test_phase143_3_generic_eta_normalization.py,3,105,True
tests/test_phase143_73a_internal_statement_narrative.py,1,61,True
tests/test_phase143_75aa_toda56_nu4_prop44_specialization_rendering.py,2,60,True
tests/test_phase143_75ab3_whitehead_correction_rendering.py,1,60,True
tests/test_phase143_75ac4_hopf_odd_multiple_rendering.py,1,61,True
tests/test_phase143_75ad_double_suspension_rendering.py,1,58,True
tests/test_phase143_75m_finite_dimensional_semantic_rendering.py,1,98,True
tests/test_phase143_75p_prop44_suspension_injective_semantic_rendering.py,1,132,True
tests/test_phase143_75s_toda58_whitehead_square_semantic_rendering.py,1,197,True
tests/test_phase143_75t_toda58_equation_aggregate_semantic_rendering.py,1,77,True
tests/test_phase143_7_narrative_arguments.py,1,270,True
tests/test_phase144_5_generic_definition_order_equations.py,1,76,True
tests/test_phase144_6_r3_production_references.py,3,108,True
tests/test_phase144_6_r3_structured_references.py,3,81,True
tests/test_phase144_6_r4_supporting_fact_filtering.py,2,83,True
tests/test_phase144_6_r5_17a_proof_chain_selection_audit.py,1,70,True
tests/test_phase144_6_r5_17d_failure_novelty_classification.py,1,101,True
tests/test_phase144_6_r5_17d_r1_other_semantic_role_resolution.py,2,73,True
tests/test_phase144_6_r5_21_missing_7_facts_generic_provider_audit.py,3,67,True
tests/test_phase144_6_r5_22_missing_4_facts_statement_structure_audit.py,2,78,True
tests/test_phase144_6_r5_23_missing_7_facts_generic_visibility_path_audit.py,1,97,True
tests/test_phase144_6_r5_24_generic_visibility_policy_correction_design_audit.py,3,67,True
tests/test_phase144_6_r5_25_multi_argument_suppression_selective_frontier_relevance_audit.py,2,69,True
tests/test_phase144_6_r5_26_step_level_dedup_derivation_path_relevance_audit.py,1,61,True
tests/test_phase144_6_r5_27_bounded_derivation_visibility_step_dedup_readiness_audit.py,2,55,True
tests/test_phase144_6_r5_28_narrative_contribution_ownership_audit.py,2,46,True
tests/test_phase144_6_r5_29_narrative_contribution_chain_ownership_audit.py,1,61,True
tests/test_phase144_6_r5_30_upstream_calculation_attachment_audit.py,2,62,True
tests/test_phase144_6_r5_31_upstream_calculation_attachment_semantic_audit.py,1,53,True
tests/test_phase144_6_r5_33_visible_step_rendered_markdown_survival_audit.py,1,47,True
tests/test_phase144_6_r5_43_10_transport_chain_compression_production.py,2,263,True
tests/test_phase144_6_r5_43_9.py,1,36,True
tests/test_phase146_7_generic_argument_purpose_prose.py,1,83,True
tests/test_phase148_rc2_4_repair_r4_2_calculation_premise_semantic_closure.py,1,469,True
tests/test_phase149_rc3_3_minimal_ordering.py,1,186,True
tests/test_phase150_rc4_5b_3_reference_binding.py,4,91,True
tests/test_phase150_rc4_5c_2_exactness_to_map_property.py,1,180,True
tests/test_phase150_rc4_5d_3_multiple_relation_to_order.py,1,87,True
tests/test_phase150_rc4_5e_2_short_exact_derivation_reason.py,1,118,True
tests/test_phase150_rc4_5f_2_final_group_structure_reason.py,1,203,True
tests/test_phase150_rc4_7a_cross_group_reference_normalization.py,4,118,True
tests/test_phase153_closure_repair_r13.py,4,192,True
tests/test_phase153_generic_concrete_proof_scope_recovery.py,1,245,True
tests/test_phase153_r10_used_reference_filtering.py,2,183,True
tests/test_phase153_r11_generic_reference_attribution_filtering.py,2,120,True
tests/test_phase153_r12_root_reference_exclusion.py,4,122,True
tests/test_phase153_r2_public_reference_semantic_fact.py,1,52,True
tests/test_phase153_r3_10_public_reference_connection_repair.py,2,197,True
tests/test_phase153_r3_11_reference_body_ownership_repair.py,3,169,True
tests/test_phase153_r3_4_reference_statement_rendering_connection.py,4,166,True
tests/test_phase153_r3_5_reference_body_duplicate_suppression.py,3,112,True
tests/test_phase153_r3_6_unresolved_reference_statement_rendering.py,1,169,True
tests/test_phase153_r3_9_remaining_reference_renderer_coverage.py,1,177,True
tests/test_phase153_r5_reference_selection.py,2,190,True
tests/test_phase153_r6_reference_granularity.py,5,321,True
tests/test_phase153_r7_proof_body_relevance.py,2,110,True
tests/test_phase153_r7_sibling_boundary.py,1,60,True
tests/test_phase153_r8_reference_use_prose_normalization.py,4,125,True
tests/test_phase153_r9_reference_reuse_derivation_suppression.py,2,123,True
tests/test_phase153_scalar_order_narrative_classification.py,1,80,True
tests/test_phase154_r2_fix3_reference_marker_completion.py,3,140,True
tests/test_phase154_r2_fixed1_nu4_decomposition_semantic_prose.py,1,72,True
tests/test_phase154_r2_internal_prose_fallback_leakage.py,3,106,True
tests/test_phase154_r5_fix1_graph_backed_reference_linkage.py,3,147,True
tests/test_phase154_r5_fix1_repair1_reference_entry_frontier_linkage.py,3,160,True
tests/test_phase154_r5_fix1_repair2_legacy_route_linkage.py,3,93,True
tests/test_phase154_r6_2_ascii_comma_normalization.py,1,170,True
tests/test_phase156_r5_reference_attribution_separation.py,1,72,True
tests/test_phase156_r5_repair10_owned_step_line_suppression.py,2,75,True
tests/test_phase156_r5_repair11_reference_dependency_pruning.py,4,185,True
tests/test_phase156_r5_repair12_reference_frontier.py,3,218,True
tests/test_phase156_r5_repair13_root_reference_frontier.py,3,208,True
tests/test_phase156_r5_repair2_lemma52_specialization_attribution.py,2,97,True
tests/test_phase156_r5_repair4_bridge_reference_inference.py,4,66,True
tests/test_phase156_r5_repair6_reference_boundary_collapse.py,2,102,True
tests/test_phase156_r5_repair7_reference_boundary_filter_order.py,1,128,True
tests/test_phase156_r5_repair8_reference_owned_ancestor_closure.py,3,284,True
tests/test_phase157_r11_r17_residual_narrative_defects.py,5,251,True
tests/test_phase157_r11_reference_reason_punctuation.py,6,314,True
tests/test_phase157_r19_pi6_3_reference_dependency_restoration.py,3,218,True
tests/test_phase157_r20_generic_dependency_architecture.py,2,64,True
tests/test_phase157_r20_generic_dependency_rendering.py,1,72,True
tests/test_phase157_r20_repair10_reference_local_specialization.py,2,124,True
tests/test_phase157_r20_repair12_map_property_reference_support.py,2,92,True
tests/test_phase157_r20_repair14_late_surjectivity_reference_support.py,2,107,True
tests/test_phase157_r20_repair31_reference_period_and_stale_frontier_tests.py,2,86,True
tests/test_phase157_r20_repair35_reference_aware_eta_bridge_anchor.py,1,92,True
tests/test_phase157_r20_repair42_repeated_reference_restatements.py,2,94,True
tests/test_phase157_r20_repair43_dangling_connector_cleanup.py,2,151,True
tests/test_phase157_r20_repair45_relation_dependency_and_unique_step_dedup.py,1,150,True
tests/test_phase157_r20_repair53_display_closing_fragment_normalization.py,1,145,True
tests/test_phase157_r20_repair53_r3_fixed_reference_attribution.py,3,198,True
tests/test_phase157_r20_repair53_r3c_legacy_reference_marker_remapping.py,2,140,True
tests/test_phase157_r20_repair6_descendant_reference_usage.py,2,79,True
tests/test_phase157_r20_repair7_fixed_aggregate_carriers.py,2,95,True
tests/test_phase157_r20_repair8_reference_alias_descendants.py,2,77,True
tests/test_phase157_r2_literature_statement_boundary.py,5,328,True
tests/test_phase157_r3_pi6_3_reference_boundary.py,6,190,True
tests/test_phase157_r3_repair3_recursive_internal_recovery.py,1,124,True
tests/test_phase157_r4_r2_boundary_catalog.py,5,227,True
tests/test_phase157_r4_r3_reference_selection_integration.py,2,204,True
tests/test_phase157_r4_r3_repair1_reference_retention.py,2,280,True
tests/test_phase157_r5_r10_reference_proof_boundary_qed.py,4,234,True
tests/test_phase157_r5_r3_boundary_catalog_expansion.py,1,298,True
tests/test_phase157_r5_r4_generic_reference_selection.py,1,225,True
tests/test_phase157_r5_r6_53_bracket_definition_reference.py,2,189,True
tests/test_phase157_r5_r9_fixed_definition_body_suppression.py,4,139,True
tests/test_phase158_r5_4_repair_common_equation_numbering.py,3,147,True
tests/test_phase159_pi3_2_post_reference_locality_reapply.py,3,172,True
tests/test_phase159_pi4_3_exactness_reason_unification.py,1,251,True
tests/test_phase159_pi4_3_prop51_direct_delta_provenance.py,4,349,True
tests/test_phase159_pi4_3_repair1c_prop56_direct_prop51_dependency.py,1,86,True
tests/test_phase159_pi4_3_repair2g_reference_policy.py,5,412,True
tests/test_phase159_pi_nplus1_n_stable_transport.py,1,164,True
tests/test_phase159_r1_2_pi3_2_closure.py,1,157,True
tests/test_phase159_r1_6a_foundational_reference_identity.py,1,28,True
tests/test_phase159_r1_6b_toda51_attribution.py,4,220,True
tests/test_phase159_r1_6c_source_faithful_reference_linkage.py,3,177,True
tests/test_phase159_r1_6d_specialization_reference_linkage_finalization.py,1,122,True
tests/test_phase159_r1_6d_target_group_fact_order.py,2,110,True
tests/test_phase159_r1_7c_r2_equality_transitivity_collapse.py,1,105,True
tests/test_phase159_r1_7c_r2_repair6_semantic_rendered_equality_chain.py,1,131,True
tests/test_phase159_r1_7c_r3_repair4_reference_component_pruning.py,3,191,True
tests/test_phase159_r1_7c_r4_equation_reference_order_repair1.py,3,158,True
tests/test_phase159_r1_7c_r4_generator_canonicalization_repair1.py,1,162,True
tests/test_phase159_r1_7c_r4_map_property_dearu_public_normalization.py,1,147,True
tests/test_phase159_r1_7c_r4_repair6_residual_proof_prose_normalization.py,2,128,True
tests/test_phase160_generic_finite_cyclic_transport.py,2,461,True
tests/test_phase160_remaining_stable_production.py,1,265,True
tests/test_phase161_pi4_2_restored_reference_relink.py,1,63,True
tests/test_phase161_r4_literature_premise_matching.py,1,80,True
tests/test_phase161_r4_pi4_2_specialization_frontier.py,2,239,True
tests/test_phase161_r4_r5_pi4_3_prop51_reference_linkage.py,1,226,True
tests/test_phase161_r4_r5_repair13_reference_selection_source_binding.py,2,206,True
tests/test_phase161_r4_r5_repair14_reference_locator_dedup.py,1,176,True
tests/test_phase161_r4_r5_repair16_prop51_higher_eta_fixed_boundary.py,1,162,True
tests/test_phase161_r4_r5_repair4_zero_marker_consumer_linkage.py,1,131,True
tests/test_phase161_r4_repair1_pi4_2_semantic_frontier.py,1,247,True
tests/test_phase161_r5_backward_proof_reconstruction.py,1,77,True
tests/test_phase161_r6_proof_reconstruction_audit.py,2,85,True
tests/test_phase162_r3_2_reference_display.py,2,175,True
tests/test_phase162_r3_narrative_connection.py,3,103,True
tests/test_phase162_r3a_presentation_audit.py,1,54,True
tests/test_phase162_r3j_inference_rule_audit.py,1,89,True
tests/test_phase162_r4_b2_concrete_transport.py,2,59,True
tests/test_phase162_r4_b3_common_renderer_audit.py,1,22,True
tests/test_phase162_r4_narrative_refinement.py,1,57,True
tests/test_phase162_r5_2_general_reference_schema.py,1,80,True
tests/test_phase162_r5_3_reference_application_separation.py,2,66,True
tests/test_phase162_r5_6_proof_relevance_reference_attribution.py,1,61,True
tests/test_phase162_r5_6_repair2_direct_reference_attribution.py,1,47,True
tests/test_phase27_theorem_connection.py,5,811,True
tests/test_phase30_prop22.py,8,2487,True
tests/test_phase32_prop22.py,15,2556,True
tests/test_phase33_barratt_hilton.py,7,2839,True
tests/test_phase34_barratt_hilton.py,23,3248,True
tests/test_phase35_actual_h_calculation.py,18,3880,True
tests/test_phase36_actual_h_multiple.py,4,893,True
tests/test_phase38_injective_reflection.py,3,886,True
tests/test_phase39_primary_component.py,2,582,True
tests/test_phase40_toda_primary_group.py,1,582,True
tests/test_phase41_preimage_subgroup.py,8,772,True
tests/test_phase42_whitehead_product.py,3,938,True
tests/test_phase44_toda_lemma41_case_semantics.py,23,3935,True
tests/test_phase45_toda_prop42_bridge.py,7,530,True
tests/test_phase45_toda_prop42_compatibility.py,5,434,True
tests/test_phase45_toda_prop42_exactness_compatibility.py,10,630,True
tests/test_phase45_toda_prop42_exactness_instance.py,2,885,True
tests/test_phase45_toda_prop42_sequence.py,2,423,True
tests/test_phase45_toda_prop42_theorem_semantics.py,15,932,True
tests/test_phase46_toda_45_applicability_compatibility.py,12,522,True
tests/test_phase46_toda_45_compatibility.py,6,450,True
tests/test_phase46_toda_45_probe.py,3,236,True
tests/test_phase46_toda_45_stable_range_premise.py,9,304,True
tests/test_phase46_toda_45_suspension_map.py,1,322,True
tests/test_phase46_toda_45_theorem_semantics.py,12,612,True
tests/test_phase47_toda_prop44_applicability_compatibility.py,14,812,True
tests/test_phase47_toda_prop44_compatibility.py,3,640,True
tests/test_phase47_toda_prop44_decomposition_groups.py,2,523,True
tests/test_phase47_toda_prop44_decomposition_map.py,1,709,True
tests/test_phase47_toda_prop44_probe.py,3,273,True
tests/test_phase47_toda_prop44_theorem_semantics.py,20,940,True
tests/test_phase47_toda_prop44_toda_membership.py,4,396,True
tests/test_phase48_toda_prop44_e_injective_applicability.py,5,828,True
tests/test_phase48_toda_prop44_e_injective_theorem.py,21,840,True
tests/test_phase48_toda_prop44_e_injectivity_compatibility.py,7,593,True
tests/test_phase48_toda_prop44_e_map.py,1,530,True
tests/test_phase48_toda_prop44_first_summand_restriction.py,18,812,True
tests/test_phase48_toda_prop44_probe.py,1,511,True
tests/test_phase49_concrete_pi3_2_compatibility.py,13,353,True
tests/test_phase49_delta_hopf_surjectivity.py,12,862,True
tests/test_phase49_generator_transport.py,12,659,True
tests/test_phase49_hopf_injectivity.py,3,546,True
tests/test_phase49_hopf_isomorphism.py,4,486,True
tests/test_phase49_low_dimensional_facts.py,14,284,True
tests/test_phase49_probe.py,1,546,True
tests/test_phase50_applicability_provenance.py,2,1076,True
tests/test_phase50_eta_family_notation.py,5,521,True
tests/test_phase50_low_dimensional_delta_facts.py,17,490,True
tests/test_phase50_pi3_2_whitehead_square.py,5,535,True
tests/test_phase50_pi4_3_exactness_bridge.py,13,817,True
tests/test_phase50_pi4_3_finite_cyclic.py,2,574,True
tests/test_phase50_probe.py,1,651,True
tests/test_phase50_prop27_theorem_semantics.py,12,455,True
tests/test_phase52_delta_direct_bridge.py,7,773,True
tests/test_phase52_probe.py,3,289,True
tests/test_phase53_finite_cyclic_transport.py,3,1031,True
tests/test_phase55_probe.py,2,293,True
tests/test_phase55_prop51_finite_dimensional_statement.py,6,262,True
tests/test_phase55_prop51_integration.py,3,306,True
tests/test_phase55_prop51_rejection_provenance.py,1,262,True
tests/test_phase56_pi_i_minus_1_1_zero.py,1,291,True
tests/test_phase56_probe.py,3,388,True
tests/test_phase56_prop44_composition_compatibility.py,1,317,True
tests/test_phase56_prop44_eta2_specialization.py,1,536,True
tests/test_phase56_prop44_second_summand_restriction.py,1,566,True
tests/test_phase56_toda52_composition_isomorphism.py,4,614,True
tests/test_phase57_bracket_transformation_chain.py,5,674,True
tests/test_phase57_delta_two_eta2_preimage.py,5,597,True
tests/test_phase57_indeterminacy_vanishing.py,1,619,True
tests/test_phase57_lemma45_two_iota3.py,3,506,True
tests/test_phase57_prop26_hopf_bracket.py,2,639,True
tests/test_phase58_double_eta4_bridge.py,1,649,True
tests/test_phase58_hopf_eta5_bridge.py,1,528,True
tests/test_phase58_lemma52_specialization.py,2,636,True
tests/test_phase58_nu_prime_specialization.py,2,455,True
tests/test_phase59_eta4_squared_stable_transport.py,1,632,True
tests/test_phase59_n4_suspension_isomorphism.py,3,624,True
tests/test_phase59_pi5_3_eta3_squared.py,2,670,True
tests/test_phase59_pi6_4_eta4_squared.py,2,685,True
tests/test_phase59_prop53_integration.py,6,793,True
tests/test_phase59_toda52_pi4_2_transport.py,1,557,True
tests/test_phase60_lemma54_integration.py,11,476,True
tests/test_phase60_nu4_whitehead_correction.py,2,714,True
tests/test_phase60_probe.py,5,672,True
tests/test_phase60_toda36_specialization.py,7,739,True
tests/test_phase60_toda48_hopf_parity.py,10,571,True
tests/test_phase60_toda54_bracket_inclusion.py,1,739,True
tests/test_phase60_toda54_bracket_statement.py,4,301,True
tests/test_phase60_toda54_indeterminacy.py,2,795,True
tests/test_phase60_toda54_t0_bridge.py,7,680,True
tests/test_phase61_lemma55_alpha_star_inclusion.py,2,632,True
tests/test_phase61_lemma55_applicability_provenance.py,1,716,True
tests/test_phase61_lemma55_integration.py,6,617,True
tests/test_phase61_lemma55_nu4_composition.py,3,472,True
tests/test_phase61_lemma55_nu4_suspension.py,1,517,True
tests/test_phase61_lemma55_statement.py,5,321,True
tests/test_phase61_probe.py,6,555,True
tests/test_phase62_nu_family_definition.py,1,242,True
tests/test_phase62_nu_family_double_transport.py,1,506,True
tests/test_phase62_probe.py,5,589,True
tests/test_phase62_toda55_applicability_provenance.py,1,550,True
tests/test_phase62_toda55_integration.py,5,629,True
tests/test_phase63_applicability_provenance.py,1,570,True
tests/test_phase63_nu4_prop44_specialization.py,3,474,True
tests/test_phase63_probe.py,5,600,True
tests/test_phase63_prop44_decomposition_specialization.py,1,702,True
tests/test_phase63_toda56_integration.py,7,494,True
tests/test_phase63_toda56_semantics.py,2,624,True
tests/test_phase65_equation57_injectivity.py,4,853,True
tests/test_phase65_n5_quotient_e2_injectivity.py,3,423,True
tests/test_phase65_nu5_order_pi8_5.py,4,794,True
tests/test_phase65_nu5_stable_transport.py,3,819,True
tests/test_phase65_nu_prime_order_pi6_3.py,3,779,True
tests/test_phase65_pi5_2_eta2_cube.py,1,507,True
tests/test_phase65_pi7_4_decomposition.py,2,555,True
tests/test_phase65_probe.py,1,438,True
tests/test_phase65_prop56_integration.py,3,661,True
tests/test_phase65_provenance.py,1,388,True
tests/test_phase66_applicability_provenance.py,1,599,True
tests/test_phase66_delta_iota9_nu_expression.py,2,570,True
tests/test_phase66_delta_iota9_whitehead_square.py,1,642,True
tests/test_phase66_expression_sign_compatibility.py,2,347,True
tests/test_phase66_literature_aggregate.py,5,643,True
tests/test_phase66_probe.py,1,378,True
tests/test_phase66_whitehead_square_nu_expression.py,1,596,True
tests/test_phase67_lemma57_applicability_provenance.py,1,516,True
tests/test_phase67_lemma57_first_branch.py,7,689,True
tests/test_phase67_lemma57_hypothesis_statement.py,9,430,True
tests/test_phase67_lemma57_n3_zero_reflection.py,3,492,True
tests/test_phase67_lemma57_nu_prime_specialization.py,1,615,True
tests/test_phase67_pi6_2_eta2_nu_prime.py,1,545,True
tests/test_phase68_applicability_provenance.py,1,823,True
tests/test_phase68_delta_eta9.py,1,661,True
tests/test_phase68_probe.py,1,607,True
tests/test_phase68_prop58_integration.py,4,713,True
tests/test_phase69_delta_iota11.py,1,591,True
tests/test_phase69_probe.py,1,491,True
tests/test_phase70_applicability_provenance.py,1,1173,True
tests/test_phase70_pi7_2_eta2_nu_prime_eta6.py,1,718,True
tests/test_phase70_pi8_3_nu_prime_eta6_squared.py,1,1421,True
tests/test_phase70_probe.py,2,735,True
tests/test_phase70_prop59_integration.py,4,913,True
tests/test_phase71_probe.py,1,727,True
tests/test_phase71_toda512_integration.py,3,618,True
tests/test_phase71_toda512_n4_delta_injective.py,1,694,True
tests/test_phase71_toda512_n5_delta_injective.py,1,666,True
tests/test_phase71_toda512_n6_delta_injective.py,1,623,True
tests/test_phase72_applicability_provenance.py,1,906,True
tests/test_phase72_lemma510_modulo_integration.py,1,628,True
tests/test_phase72_lemma510_statement.py,3,315,True
tests/test_phase72_probe.py,1,554,True
tests/test_phase72r10_corrected_probe.py,1,228,True
tests/test_phase72r9_corrected_provenance_retirement.py,3,964,True
tests/test_phase73_513_delta_eta11_squared.py,1,694,True
tests/test_phase73_513_delta_eta13.py,1,720,True
tests/test_phase73_513_delta_nu9.py,1,703,True
tests/test_phase73_pi8_2_eta2_nu_prime_eta6_squared.py,1,809,True
tests/test_phase73_probe.py,1,779,True
tests/test_phase73_prop511_finite_dimensional_integration.py,1,233,True
tests/test_phase73_prop511_nu_squared_finite_dimensional.py,1,525,True
tests/test_phase73_prop511_provenance.py,1,250,True
tests/test_phase74_lemma512_applicability_provenance.py,3,1153,True
tests/test_phase74_lemma512_bracket_singleton_mod2.py,4,949,True
tests/test_phase74_lemma512_coefficient_stability.py,2,906,True
tests/test_phase74_lemma512_final_integration.py,1,867,True
tests/test_phase74_lemma512_first_indeterminacy_zero.py,2,507,True
tests/test_phase74_lemma512_nonzero_anchor.py,1,783,True
tests/test_phase74_lemma512_second_indeterminacy_zero.py,2,745,True
tests/test_phase74_probe.py,1,725,True
tests/test_phase75_514_first_short_exact.py,1,908,True
tests/test_phase75_514_second_short_exact.py,1,789,True
tests/test_phase75_515_sigma8_prop44_specialization.py,4,391,True
tests/test_phase75_515_sigma8_transported_decomposition.py,4,860,True
tests/test_phase75_lemma514_sigma8.py,5,653,True
tests/test_phase75_lemma514_sigma_double_prime.py,1,816,True
tests/test_phase75_lemma514_sigma_prime.py,4,610,True
tests/test_phase75_pi10_3_zero.py,2,920,True
tests/test_phase75_pi11_4_zero.py,1,669,True
tests/test_phase75_pi12_5_order_two.py,2,955,True
tests/test_phase75_pi13_6_order_four.py,2,586,True
tests/test_phase75_pi14_7_order_eight.py,2,606,True
tests/test_phase75_pi16_9_sigma9.py,2,617,True
tests/test_phase75_pi9_2_zero.py,1,400,True
tests/test_phase75_probe.py,2,621,True
tests/test_phase75_prop515_integration.py,1,1021,True
tests/test_phase75_sigma_family_definition.py,2,514,True
tests/test_phase76_applicability_provenance.py,2,755,True
tests/test_phase76_delta_e_exactness_bridge.py,11,833,True
tests/test_phase76_delta_iota17.py,6,856,True
tests/test_phase76_probe.py,1,511,True
tests/test_phase76_sigma8_suspension_kernel.py,3,994,True
tests/test_phase77_applicability_provenance.py,11,1010,True
tests/test_phase77_lemma516_scaled_bracket_sum.py,2,729,True
tests/test_phase77_lemma516_typed_setup.py,2,688,True
tests/test_phase77_probe.py,2,141,True
tests/test_phase77_sigma8_iterated_suspension_bridge.py,4,558,True
tests/test_phase77_theorem36_first_bracket.py,2,486,True
tests/test_phase77_theorem36_second_bracket.py,2,559,True
tests/test_phase78_g0_stable_ordinary_transport.py,3,599,True
tests/test_phase78_g4_g5_stable_zero_transport.py,2,640,True
tests/test_phase78_stable_group_representation.py,1,220,True
tests/test_phase78_stable_two_primary_identification.py,2,289,True
tests/test_phase79_cross_phase_repository.py,6,561,True
tests/test_phase79_repository_regression.py,4,736,True
tests/test_phase80_actual_proof_integration.py,6,433,True
tests/test_phase80_applicability_non_circularity.py,7,404,True
tests/test_phase80_goal_detection.py,2,258,True
tests/test_phase80_probe.py,2,101,True
tests/test_phase80_repository_available_steps.py,5,275,True
tests/test_phase80_repository_inference_runner.py,9,331,True
tests/test_phase81_actual_theorem_integration.py,5,415,True
tests/test_phase81_probe.py,3,176,True
tests/test_phase81_repository_rule_selection.py,15,550,True
tests/test_phase81_rule_selection_regression.py,6,823,True
tests/test_phase82_actual_theorem_integration.py,7,779,True
tests/test_phase82_missing_premise_detection.py,3,460,True
tests/test_phase82_premise_rule_lookup.py,4,432,True
tests/test_phase82_probe.py,1,116,True
tests/test_phase82_search_safety_regression.py,5,848,True
tests/test_phase82_two_step_forward_execution.py,4,374,True
tests/test_phase83_actual_theorem_integration.py,5,512,True
tests/test_phase83_all_missing_premises_uniquely_producible.py,2,340,True
tests/test_phase83_missing_premise_producer_lookup.py,3,330,True
tests/test_phase83_multiple_one_level_producer_execution.py,13,535,True
tests/test_phase83_multiple_producer_safety_regression.py,5,557,True
tests/test_phase83_probe.py,1,135,True
tests/test_phase84_actual_theorem_integration.py,5,471,True
tests/test_phase84_bounded_depth_two_execution.py,11,468,True
tests/test_phase84_bounded_search_representation.py,6,472,True
tests/test_phase84_depth_two_safety_regression.py,9,633,True
tests/test_phase84_probe.py,1,146,True
tests/test_phase84_producer_premise_availability.py,4,428,True
tests/test_phase84_unique_depth_two_producer_chain.py,2,267,True
tests/test_phase85_actual_theorem_integration.py,3,420,True
tests/test_phase85_bounded_search_diagnostic_representation.py,4,370,True
tests/test_phase85_direct_producer_failure_classification.py,5,385,True
tests/test_phase85_execution_diagnostic_report_integration.py,2,260,True
tests/test_phase85_execution_failure_diagnostics.py,9,390,True
tests/test_phase85_integrated_bounded_search_execution.py,2,294,True
tests/test_phase85_nested_producer_cycle_depth_classification.py,9,498,True
tests/test_phase85_probe.py,1,181,True
tests/test_phase86_depth_four_bounded_search.py,12,786,True
tests/test_phase86_depth_three_bounded_search.py,13,1000,True
tests/test_phase86_explicit_max_depth_parameterization.py,3,589,True
tests/test_phase86_probe.py,1,354,True
tests/test_phase87_minimal_retry_policy_representation.py,7,340,True
tests/test_phase87_probe.py,1,92,True
tests/test_phase87_retry_diagnostics_report.py,1,217,True
tests/test_phase87_selected_path_execution_retry_provenance.py,1,241,True
tests/test_phase87_selection_side_finite_retry.py,8,409,True
tests/test_phase88_concrete_goal_end_to_end.py,4,428,True
tests/test_phase88_concrete_missing_premise_representation.py,5,354,True
tests/test_phase88_goal_side_compatibility.py,2,267,True
tests/test_phase88_producer_goal_compatibility_filtering.py,6,300,True
tests/test_phase88_realistic_catalog_collision_observability.py,2,285,True
tests/test_phase88_selected_node_concrete_execution_validation.py,4,293,True
tests/test_phase88_unsafe_producer_diagnostic_compatibility.py,1,448,True
tests/test_phase90_actual_known_group_lookup.py,1,459,True
tests/test_phase90_known_group_lookup.py,4,491,True
tests/test_phase91_actual_group_normalization.py,1,404,True
tests/test_phase92_actual_ehp_extraction.py,1,319,True
tests/test_phase92_ehp_group_enrichment.py,1,417,True
tests/test_phase92_exactness_use_provenance.py,1,318,True
tests/test_phase93_dependency_role_classification.py,2,534,True
tests/test_phase95_actual_representative_top_level_capability.py,1,711,True
tests/test_phase95_calculation_goal_candidate.py,2,501,True
tests/test_phase95_concrete_aggregate_branch_extraction.py,1,462,True
tests/test_phase95_known_result_orchestration.py,2,350,True
tests/test_phase95_repository_wide_goal_candidate_discovery.py,6,519,True
tests/test_phase95_top_level_calculation_orchestration.py,1,606,True
tests/test_phase96_actual_pi9_5_end_to_end_presentation.py,2,489,True
tests/test_phase96_final_proof_report_audit.py,1,345,True
tests/test_phase96_full_proof_report_renderer.py,2,452,True
tests/test_phase96_human_readable_renderer.py,1,424,True
tests/test_phase96_proof_step_mathematical_narrative.py,9,448,True
tests/test_phase96_proof_step_source_presentation.py,11,784,True
tests/test_phase96_recursive_readable_proof_flow.py,2,664,True
tests/test_phase96_representative_targets_end_to_end_presentation.py,1,624,True
tests/test_phase97_actual_representative_targets_top_level_api.py,1,475,True
tests/test_phase97_not_found_multiple_results_top_level_handling.py,1,358,True
tests/test_phase97_single_found_calculation_to_report_api.py,1,363,True
tests/test_phase98_actual_use_facade_validation.py,1,512,True
tests/test_phase98_minimal_facade_api.py,1,267,True
tests/test_phase98_reports_access.py,1,202,True
tests/test_phase98_representative_convenience_validation.py,1,266,True
tests/test_phase98_single_found_report_property.py,1,217,True
tests/test_phase99_actual_element_exploration_facade.py,1,434,True
tests/test_phase99_actual_repository_element_lookup_validation.py,5,360,True
tests/test_phase99_element_centered_exploration.py,5,453,True
tests/test_phase99_element_exploration_facade.py,2,343,True
tests/test_phase99_exploration_markdown_renderer.py,1,343,True
tests/test_phase99_facade_boundary_regression.py,7,570,True
tests/test_phase99_repository_conclusion_element_lookup.py,4,456,True
tests/test_phase99_repository_generator_occurrence_result.py,4,525,True
tests/test_phase99_repository_occurrence_role_integration.py,4,383,True
tests/test_phase99_role_filtered_repository_lookup.py,4,316,True
tests/test_phase99_semantic_occurrence_roles.py,1,520,True
tests/test_phase99_structural_generator_containment.py,1,417,True
tests/test_proof.py,11,1538,True
tests/test_proof_repository.py,17,631,True
tests/test_relation_rules.py,7,3905,True
tests/test_repository.py,11,274,True
tests/test_rule_catalog.py,27,720,True
tests/test_scalar_rules.py,12,644,True
tests/test_set_rules.py,28,8827,True
tests/test_stable_rules.py,6,1681,True
tests/test_theorem_facts.py,14,538,True
tests/test_toda_rules.py,42,6316,True
theorem_facts.py,3,124,False
toda_delta_image_rules.py,1,93,False
toda_end_to_end_presentation.py,1,334,False
toda_general_reference_schema.py,4,107,False
toda_group_proof_aggregate_statement_catalog.py,1,23,False
toda_group_proof_aggregate_statement_renderer.py,1,200,False
toda_group_proof_generic_narrative_renderer.py,6,2454,False
toda_group_proof_narrative_arguments.py,1,719,False
toda_group_proof_narrative_classifier.py,3,428,False
toda_group_proof_narrative_contribution_renderer.py,38,10698,False
toda_group_proof_narrative_equation_numbering.py,1,327,False
toda_group_proof_narrative_group_structure_semantics.py,1,313,False
toda_group_proof_narrative_hidden_bridge_semantics.py,2,257,False
toda_group_proof_narrative_provenance_catalog.py,1,54,False
toda_group_proof_narrative_reason_renderer.py,2,1694,False
toda_group_proof_narrative_references.py,14,2233,False
toda_group_proof_narrative_renderer.py,33,12263,False
toda_group_proof_narrative_semantics.py,4,1125,False
toda_group_proof_narrative_transitions.py,1,431,False
toda_group_proof_narrative_transport_facts.py,2,131,False
toda_group_proof_outline_renderer.py,1,200,False
toda_group_result_proof_replay_renderer.py,2,133,False
toda_human_readable_renderer.py,1,1287,False
toda_literature_statement_boundary.py,10,1208,False
toda_proof_flow_presentation.py,1,524,False
toda_proof_narrative_renderer.py,2,1547,False
toda_proof_presentation.py,9,755,False
toda_rules.py,474,68624,False
toda_stable_eta_generator_normalization.py,1,150,False
toda_stable_generator_normalization.py,2,453,False
toda_stable_group_transport.py,2,280,False
toda_upstream_bootstrap.py,1,1167,False
web_generator_applicability.py,3,563,False
web_generator_execution.py,1,595,False
web_generator_proof.py,2,348,False
web_group_proof.py,2,1035,False
web_operation_query_proof.py,1,430,False
