n,k,group,premise_index,premise_statement_type,premise_rule,premise_reference,premise_count,premise_has_same_conclusion_as_target
5,1,pi_6^5,1,TodaProp51FiniteDimensionalStatement,Toda Proposition 5.1 finite-dimensional integration,Proposition 5.1,4,False
6,4,pi_10^6,1,Relation,Toda Proposition 5.8 pi_9^5 finite cyclic,Proposition 5.8,6,False
6,4,pi_10^6,2,TodaSuspensionSurjectiveStatement,Toda Proposition 5.8 pi_10^6 suspension surjective,Proposition 5.8,2,False
6,4,pi_10^6,3,Relation,Toda Proposition 3.1 nu_6 eta_9 zero consequence,Proposition 3.1,3,False
7,3,pi_10^7,1,TodaProp56FiniteDimensionalStatement,Toda Proposition 5.6 finite-dimensional integration,Proposition 5.6,6,False
7,5,pi_12^7,1,TodaDeltaSurjectiveStatement,Toda Proposition 5.9 pi_13^13 Delta surjective,Proposition 5.9,2,False
7,5,pi_12^7,2,TodaProp42ExactnessStatement,Toda Proposition 5.9 pi_12^7 concrete exactness,Proposition 5.9,1,False
7,5,pi_12^7,3,TodaSuspensionSurjectiveStatement,Toda Proposition 5.9 pi_12^7 suspension surjective,Proposition 5.9,2,False
9,3,pi_12^9,1,TodaProp56FiniteDimensionalStatement,Toda Proposition 5.6 finite-dimensional integration,Proposition 5.6,6,False
11,2,pi_13^11,1,TodaProp53FiniteDimensionalStatement,Toda Proposition 5.3 finite-dimensional integration,Proposition 5.3,5,False
13,1,pi_14^13,1,TodaProp51FiniteDimensionalStatement,Toda Proposition 5.1 finite-dimensional integration,Proposition 5.1,4,False
