n,k,group,node_index,statement_type,reference_label,reference_locator,classification,classification_reason,provenance_only,fallback_kind,inference_rule_name,generic_rendering
2,2,pi_4^2,6,TodaProp44IsomorphismStatement,Toda Proposition 4.4,Proposition 4.4,reference_only,provenance_only_statement,True,rule_name,Toda Proposition 4.4 eta_2 n=2 specialization,Toda Proposition 4.4 eta_2 n=2 specialization
2,3,pi_5^2,4,TodaSuspensionIsomorphismStatement,Toda Proposition 5.3,Proposition 5.3,reference_plus_semantic_fact,meaningful_generic_rendering_available,False,,Toda Proposition 5.3 n=3 suspension isomorphism,$E: \pi_{4}^{2} \to \pi_{5}^{3}$ は同型写像である.
2,3,pi_5^2,5,Relation,Toda Proposition 5.3,Proposition 5.3,reference_plus_semantic_fact,meaningful_generic_rendering_available,False,,Toda Proposition 5.3 n=3 eta-square suspension bridge,$E\eta_{2}\eta_{3} = \eta_{3}^{2}$
2,3,pi_5^2,7,TodaProp44IsomorphismStatement,Toda Proposition 4.4,Proposition 4.4,reference_only,provenance_only_statement,True,rule_name,Toda Proposition 4.4 eta_2 n=2 specialization,Toda Proposition 4.4 eta_2 n=2 specialization
2,4,pi_6^2,3,Relation,Toda Proposition 5.6,Proposition 5.6,reference_plus_semantic_fact,meaningful_generic_rendering_available,False,,Toda Proposition 5.6 pi_5^2 eta_2 cube,$\pi_{5}^{2} = \mathbb{Z}/2\{\eta_{2}\eta_{3}\eta_{4}\}$
2,4,pi_6^2,10,TodaProp44IsomorphismStatement,Toda Proposition 4.4,Proposition 4.4,reference_only,provenance_only_statement,True,rule_name,Toda Proposition 4.4 eta_2 n=2 specialization,Toda Proposition 4.4 eta_2 n=2 specialization
2,5,pi_7^2,4,Relation,Toda Equation 5.7,Equation 5.7,reference_plus_semantic_fact,meaningful_generic_rendering_available,False,,Toda Equation 5.7 nu-prime eta_6 Hopf value,$H\left(\nu'\eta_{6}\right) = \eta_{5}^{2}$
2,5,pi_7^2,5,TodaProp53FiniteDimensionalStatement,Toda Proposition 5.3,Proposition 5.3,reference_only,provenance_only_statement,True,rule_name,Toda Proposition 5.3 finite-dimensional integration,Toda Proposition 5.3 finite-dimensional integration
2,5,pi_7^2,7,TodaProp44IsomorphismStatement,Toda Proposition 4.4,Proposition 4.4,reference_only,provenance_only_statement,True,rule_name,Toda Proposition 4.4 eta_2 n=2 specialization,Toda Proposition 4.4 eta_2 n=2 specialization
2,6,pi_8^2,4,Relation,Toda Proposition 5.9,Proposition 5.9,reference_plus_semantic_fact,meaningful_generic_rendering_available,False,,Toda Proposition 5.9 pi_8^3 finite cyclic,$\pi_{8}^{3} = \mathbb{Z}/2\{\nu'\eta_{6}\eta_{7}\}$
2,6,pi_8^2,7,Relation,Toda Proposition 5.9,Proposition 5.9,reference_plus_semantic_fact,meaningful_generic_rendering_available,False,,Toda Proposition 5.9 pi_11^6 free cyclic,$\pi_{11}^{6} = \mathbb{Z}\{\Delta\left(\iota_{13}\right)\}$
2,6,pi_8^2,11,TodaProp44IsomorphismStatement,Toda Proposition 4.4,Proposition 4.4,reference_only,provenance_only_statement,True,rule_name,Toda Proposition 4.4 eta_2 n=2 specialization,Toda Proposition 4.4 eta_2 n=2 specialization
2,7,pi_9^2,3,Relation,Toda Proposition 5.11,Proposition 5.11,reference_plus_semantic_fact,meaningful_generic_rendering_available,False,,Toda Proposition 5.11 pi_8^2 from Proposition 5.9 and Toda (5.2),$\pi_{8}^{2} = \mathbb{Z}/2\{\eta_{2}\nu'\eta_{6}\eta_{7}\}$
2,7,pi_9^2,4,TodaPrimaryGroupZeroStatement,Toda Proposition 5.11,Proposition 5.11,reference_plus_semantic_fact,meaningful_generic_rendering_available,False,,Toda Proposition 5.11 pi_9^3 zero,$\pi_{9}^{3} = 0$
2,7,pi_9^2,6,TodaProp511NuSquaredFiniteDimensionalStatement,Toda Proposition 5.11,Proposition 5.11,unresolved_rendering,rule_name,False,rule_name,Toda Proposition 5.11 nu-squared finite-dimensional integration,Toda Proposition 5.11 nu-squared finite-dimensional integration
2,7,pi_9^2,8,TodaProp44IsomorphismStatement,Toda Proposition 4.4,Proposition 4.4,reference_only,provenance_only_statement,True,rule_name,Toda Proposition 4.4 eta_2 n=2 specialization,Toda Proposition 4.4 eta_2 n=2 specialization
3,2,pi_5^3,5,Toda52CompositionIsomorphismStatement,Toda (5.2),(5.2),reference_only,provenance_only_statement,True,rule_name,Toda 5.2 eta_2 composition isomorphism,Toda 5.2 eta_2 composition isomorphism
3,2,pi_5^3,6,TodaSuspensionInjectiveStatement,Toda Proposition 5.3,Proposition 5.3,reference_plus_semantic_fact,meaningful_generic_rendering_available,False,,Toda Proposition 5.3 n=3 Delta zero implies suspension injective,$E: \pi_{4}^{2} \to \pi_{5}^{3}$ は単射である.
3,2,pi_5^3,7,TodaSuspensionSurjectiveStatement,Toda Proposition 5.3,Proposition 5.3,reference_plus_semantic_fact,meaningful_generic_rendering_available,False,,Toda Proposition 5.3 n=3 Hopf zero implies suspension surjective,$E: \pi_{4}^{2} \to \pi_{5}^{3}$ は全射である.
3,3,pi_6^3,11,Relation,Toda (5.3),(5.3),reference_plus_semantic_fact,meaningful_generic_rendering_available,False,,Toda 5.3 eta_3 twice zero,$2\eta_{3} = 0$
3,3,pi_6^3,12,Relation,Toda Proposition 5.3,Proposition 5.3,reference_plus_semantic_fact,meaningful_generic_rendering_available,False,,Toda Proposition 5.3 n=3 pi_5^3 finite-cyclic transport,$\pi_{5}^{3} = \mathbb{Z}/2\{\eta_{3}\eta_{4}\}$
3,3,pi_6^3,13,Toda52CompositionIsomorphismStatement,Toda (5.2),(5.2),reference_only,provenance_only_statement,True,rule_name,Toda 5.2 eta_2 composition isomorphism,Toda 5.2 eta_2 composition isomorphism
3,3,pi_6^3,14,TodaDeltaZeroStatement,Toda Proposition 5.6,Proposition 5.6,reference_plus_semantic_fact,meaningful_generic_rendering_available,False,,Toda Proposition 5.6 pi_7^5 Delta zero,$\Delta: \pi_{7}^{5} \to \pi_{5}^{2}$ は零写像である.
3,3,pi_6^3,17,TodaProp51FiniteDimensionalStatement,Toda Proposition 5.1,Proposition 5.1,reference_only,provenance_only_statement,True,rule_name,Toda Proposition 5.1 finite-dimensional integration,Toda Proposition 5.1 finite-dimensional integration
3,4,pi_7^3,4,TodaHopfInvariantInjectiveStatement,Toda Proposition 5.8,Proposition 5.8,reference_plus_semantic_fact,meaningful_generic_rendering_available,False,,Toda Proposition 5.8 pi_7^3 Hopf injective,$H: \pi_{7}^{3} \to \pi_{7}^{5}$ は単射である.
3,4,pi_7^3,9,Relation,Toda (5.2),(5.2),reference_plus_semantic_fact,meaningful_generic_rendering_available,False,,Toda 5.2 pi_4^2 finite-cyclic transport,$\pi_{4}^{2} = \mathbb{Z}/2\{\eta_{2}\eta_{3}\}$
3,4,pi_7^3,12,Relation,Toda Proposition 5.3,Proposition 5.3,reference_plus_semantic_fact,meaningful_generic_rendering_available,False,,Toda Proposition 5.3 higher eta-squared finite-cyclic generator bridge,$\pi_{n + 2}^{n} = \mathbb{Z}/2\{\eta_{n}\eta_{n + 1}\}$
3,5,pi_8^3,6,Relation,Toda Proposition 5.9,Proposition 5.9,reference_plus_semantic_fact,meaningful_generic_rendering_available,False,,Toda Proposition 5.9 pi_7^2 eta_2 nu-prime eta_6,$\pi_{7}^{2} = \mathbb{Z}/2\{\eta_{2}\nu'\eta_{6}\}$
3,5,pi_8^3,7,TodaProp42ExactnessStatement,Toda Proposition 5.9,Proposition 5.9,reference_plus_semantic_fact,meaningful_generic_rendering_available,False,,Toda Proposition 5.9 concrete E-H exactness,$\pi_{7}^{2} \xrightarrow{E} \pi_{8}^{3} \xrightarrow{H} \pi_{8}^{5} \text{ is exact}$
3,5,pi_8^3,10,Relation,Toda Proposition 5.6,Proposition 5.6,reference_plus_semantic_fact,meaningful_generic_rendering_available,False,,Toda Proposition 5.6 pi_8^5 finite cyclic,$\pi_{8}^{5} = \mathbb{Z}/8\{\nu_{5}\}$
3,5,pi_8^3,11,Relation,Toda Lemma 5.7,Lemma 5.7,reference_plus_semantic_fact,meaningful_generic_rendering_available,False,,Toda Lemma 5.7 pi_6^2 eta_2 nu-prime,$\pi_{6}^{2} = \mathbb{Z}/4\{\eta_{2}\nu'\}$
3,5,pi_8^3,12,Relation,Toda Equation 5.7,Equation 5.7,reference_plus_semantic_fact,meaningful_generic_rendering_available,False,,Toda Equation 5.7 nu-prime eta_6 Hopf value,$H\left(\nu'\eta_{6}\right) = \eta_{5}^{2}$
3,5,pi_8^3,13,Toda55NuFamilyFiniteDimensionalStatement,Toda (5.5),(5.5),reference_only,provenance_only_statement,True,rule_name,Toda 5.5 nu-family finite-dimensional integration,Toda 5.5 nu-family finite-dimensional integration
3,6,pi_9^3,4,TodaSuspensionZeroStatement,Toda Proposition 5.11,Proposition 5.11,reference_plus_semantic_fact,meaningful_generic_rendering_available,False,,Toda Proposition 5.11 E pi_8^2 zero,$E: \pi_{8}^{2} \to \pi_{9}^{3} \text{ is the zero map}$
3,6,pi_9^3,5,TodaProp42ExactnessStatement,Toda Proposition 5.11,Proposition 5.11,reference_plus_semantic_fact,meaningful_generic_rendering_available,False,,Toda Proposition 5.11 pi_9^3 concrete EHP exactness,$\pi_{8}^{2} \xrightarrow{E} \pi_{9}^{3} \xrightarrow{H} \pi_{9}^{5} \text{ is exact}$
3,6,pi_9^3,6,TodaDeltaSurjectiveStatement,Toda Proposition 5.11,Proposition 5.11,unresolved_rendering,rule_name,False,rule_name,Toda Proposition 5.11 zero E implies Delta surjective,Toda Proposition 5.11 zero E implies Delta surjective
3,6,pi_9^3,7,TodaProp58FiniteDimensionalStatement,Toda Proposition 5.8,Proposition 5.8,reference_only,provenance_only_statement,True,rule_name,Toda Proposition 5.8 finite-dimensional integration,Toda Proposition 5.8 finite-dimensional integration
3,6,pi_9^3,8,TodaProp59FiniteDimensionalStatement,Toda Proposition 5.9,Proposition 5.9,reference_only,provenance_only_statement,True,rule_name,Toda Proposition 5.9 finite-dimensional integration,Toda Proposition 5.9 finite-dimensional integration
3,7,pi_10^3,5,TodaProp42ExactnessStatement,Toda Proposition 5.15,Proposition 5.15,reference_plus_semantic_fact,meaningful_generic_rendering_available,False,,Toda Proposition 5.15 pi_10^3 concrete EHP exactness,$\pi_{9}^{2} \xrightarrow{E} \pi_{10}^{3} \xrightarrow{H} \pi_{10}^{5} \text{ is exact}$
3,7,pi_10^3,7,TodaProp59FiniteDimensionalStatement,Toda Proposition 5.9,Proposition 5.9,reference_only,provenance_only_statement,True,rule_name,Toda Proposition 5.9 finite-dimensional integration,Toda Proposition 5.9 finite-dimensional integration
3,7,pi_10^3,8,TodaProp511FiniteDimensionalStatement,Toda Proposition 5.11,Proposition 5.11,reference_only,provenance_only_statement,True,rule_name,Toda Proposition 5.11 finite-dimensional integration,Toda Proposition 5.11 finite-dimensional integration
4,1,pi_5^4,2,Relation,Toda (4.5),(4.5),reference_plus_semantic_fact,meaningful_generic_rendering_available,False,,Toda 4.5 pi_4^3 finite-cyclic transport,$\pi_{n + 1}^{n} = \mathbb{Z}/2\{E^{n - 3}\eta_{3}\}$
4,2,pi_6^4,4,Relation,Toda (5.2),(5.2),reference_plus_semantic_fact,meaningful_generic_rendering_available,False,,Toda 5.2 pi_4^2 finite-cyclic transport,$\pi_{4}^{2} = \mathbb{Z}/2\{\eta_{2}\eta_{3}\}$
4,2,pi_6^4,5,TodaSuspensionIsomorphismStatement,Toda Proposition 5.3,Proposition 5.3,reference_plus_semantic_fact,meaningful_generic_rendering_available,False,,Toda Proposition 5.3 n=3 suspension isomorphism,$E: \pi_{4}^{2} \to \pi_{5}^{3}$ は同型写像である.
4,2,pi_6^4,6,Relation,Toda Proposition 5.3,Proposition 5.3,reference_plus_semantic_fact,meaningful_generic_rendering_available,False,,Toda Proposition 5.3 n=3 eta-square suspension bridge,$E\eta_{2}\eta_{3} = \eta_{3}^{2}$
4,2,pi_6^4,7,TodaProp44SuspensionInjectiveStatement,Toda Proposition 5.3,Proposition 5.3,reference_plus_semantic_fact,meaningful_generic_rendering_available,False,,Toda Proposition 5.3 n=4 Phase 48 injectivity bridge,$E: \pi_{5}^{3} \to \pi_{6}^{4}$ は単射である.
4,2,pi_6^4,8,TodaSuspensionSurjectiveStatement,Toda Proposition 5.3,Proposition 5.3,reference_plus_semantic_fact,meaningful_generic_rendering_available,False,,Toda Proposition 5.3 n=4 zero-right suspension surjectivity,$E: \pi_{5}^{3} \to \pi_{6}^{4}$ は全射である.
4,3,pi_7^4,5,TodaLemma54Statement,Toda Lemma 5.4,Lemma 5.4,reference_only,provenance_only_statement,True,rule_name,Toda Lemma 5.4 integration,Toda Lemma 5.4 integration
4,3,pi_7^4,6,Relation,Toda Proposition 5.6,Proposition 5.6,reference_plus_semantic_fact,meaningful_generic_rendering_available,False,,Toda Proposition 5.6 nu-prime order four,$\operatorname{ord}\left(\nu'\right) = 4$
4,3,pi_7^4,7,HomotopyGroupMembershipStatement,Toda (5.3),(5.3),reference_plus_semantic_fact,meaningful_generic_rendering_available,False,,Toda 5.3 nu-prime Lemma 5.2 membership specialization,$\nu' \in \pi_{6}^{3}$
4,3,pi_7^4,8,Relation,Toda Proposition 5.6,Proposition 5.6,reference_plus_semantic_fact,meaningful_generic_rendering_available,False,,Toda Proposition 5.6 pi_5^2 eta_2 cube,$\pi_{5}^{2} = \mathbb{Z}/2\{\eta_{2}\eta_{3}\eta_{4}\}$
4,3,pi_7^4,9,TodaSuspensionInjectiveStatement,Toda Proposition 5.6,Proposition 5.6,reference_plus_semantic_fact,meaningful_generic_rendering_available,False,,Toda Proposition 5.6 pi_5^2 suspension injective,$E: \pi_{5}^{2} \to \pi_{6}^{3}$ は単射である.
4,3,pi_7^4,11,TodaHopfInvariantSurjectiveStatement,Toda Proposition 5.3,Proposition 5.3,reference_plus_semantic_fact,meaningful_generic_rendering_available,False,,Toda Proposition 5.3 n=3 Hopf eta_5 surjectivity,$H: \pi_{6}^{3} \to \pi_{6}^{5}$ は全射である.
4,3,pi_7^4,12,Relation,Toda Lemma 5.4,Lemma 5.4,reference_plus_semantic_fact,meaningful_generic_rendering_available,False,,Toda Lemma 5.4 pi_6^5 finite-cyclic specialization,$\pi_{6}^{5} = \mathbb{Z}/2\{\eta_{5}\}$
4,3,pi_7^4,13,Relation,Toda (5.3),(5.3),reference_plus_semantic_fact,meaningful_generic_rendering_available,False,,Toda 5.3 nu-prime Lemma 5.2 double specialization,$2\nu' = \eta_{3}E\eta_{3}\eta_{5}$
4,4,pi_8^4,6,TodaLemma54Statement,Toda Lemma 5.4,Lemma 5.4,reference_only,provenance_only_statement,True,rule_name,Toda Lemma 5.4 integration,Toda Lemma 5.4 integration
4,4,pi_8^4,8,Relation,Toda Equation 5.7,Equation 5.7,reference_plus_semantic_fact,meaningful_generic_rendering_available,False,,Toda Equation 5.7 nu-prime eta_6 Hopf value,$H\left(\nu'\eta_{6}\right) = \eta_{5}^{2}$
4,4,pi_8^4,9,TodaProp53FiniteDimensionalStatement,Toda Proposition 5.3,Proposition 5.3,reference_only,provenance_only_statement,True,rule_name,Toda Proposition 5.3 finite-dimensional integration,Toda Proposition 5.3 finite-dimensional integration
4,5,pi_9^4,6,TodaLemma54Statement,Toda Lemma 5.4,Lemma 5.4,reference_only,provenance_only_statement,True,rule_name,Toda Lemma 5.4 integration,Toda Lemma 5.4 integration
4,5,pi_9^4,7,TodaHopfInvariantInjectiveStatement,Toda Proposition 5.9,Proposition 5.9,reference_plus_semantic_fact,meaningful_generic_rendering_available,False,,Toda Proposition 5.9 pi_8^3 Hopf injective,$H: \pi_{8}^{3} \to \pi_{8}^{5}$ は単射である.
4,5,pi_9^4,8,TodaProp42ExactnessStatement,Toda Proposition 5.9,Proposition 5.9,reference_plus_semantic_fact,meaningful_generic_rendering_available,False,,Toda Proposition 5.9 concrete H-Delta exactness,$\pi_{8}^{3} \xrightarrow{H} \pi_{8}^{5} \xrightarrow{\Delta} \pi_{6}^{2} \text{ is exact}$
4,5,pi_9^4,9,TodaProp59DeltaKernelStatement,Toda Proposition 5.9,Proposition 5.9,reference_plus_semantic_fact,meaningful_generic_rendering_available,False,,Toda Proposition 5.9 Delta nu_5 kernel,$\ker\left(\Delta: \pi_{8}^{5} \to \pi_{6}^{2}\right) = \mathbb{Z}/2\{4\nu_{5}\}$
4,5,pi_9^4,10,Relation,Toda Proposition 5.9,Proposition 5.9,reference_plus_semantic_fact,meaningful_generic_rendering_available,False,,Toda Proposition 5.9 nu-prime eta_6 squared Hopf value,$H\left(\nu'\eta_{6}\eta_{7}\right) = 4\nu_{5}$
4,5,pi_9^4,11,Relation,Toda (5.2),(5.2),reference_plus_semantic_fact,meaningful_generic_rendering_available,False,,Toda 5.2 pi_4^2 finite-cyclic transport,$\pi_{4}^{2} = \mathbb{Z}/2\{\eta_{2}\eta_{3}\}$
4,5,pi_9^4,14,Relation,Toda Proposition 5.3,Proposition 5.3,reference_plus_semantic_fact,meaningful_generic_rendering_available,False,,Toda Proposition 5.3 higher eta-squared finite-cyclic generator bridge,$\pi_{n + 2}^{n} = \mathbb{Z}/2\{\eta_{n}\eta_{n + 1}\}$
4,6,pi_10^4,4,TodaHopfInvariantInjectiveStatement,Toda Proposition 5.11,Proposition 5.11,reference_plus_semantic_fact,meaningful_generic_rendering_available,False,,Toda Proposition 5.11 zero E implies H injective,$H: \pi_{9}^{3} \to \pi_{9}^{5}$ は単射である.
4,6,pi_10^4,5,TodaDeltaInjectiveStatement,Toda Proposition 5.11,Proposition 5.11,reference_plus_semantic_fact,meaningful_generic_rendering_available,False,,Toda Proposition 5.11 pi_9^5 to pi_7^2 Delta injective,$\Delta: \pi_{9}^{5} \to \pi_{7}^{2}$ は単射である.
4,6,pi_10^4,6,TodaProp42ExactnessStatement,Toda Proposition 5.11,Proposition 5.11,reference_plus_semantic_fact,meaningful_generic_rendering_available,False,,Toda Proposition 5.11 pi_9^3 concrete EHP exactness,$\pi_{9}^{3} \xrightarrow{H} \pi_{9}^{5} \xrightarrow{\Delta} \pi_{7}^{2} \text{ is exact}$
4,6,pi_10^4,7,TodaProp56FiniteDimensionalStatement,Toda Proposition 5.6,Proposition 5.6,reference_only,provenance_only_statement,True,rule_name,Toda Proposition 5.6 finite-dimensional integration,Toda Proposition 5.6 finite-dimensional integration
4,6,pi_10^4,9,TodaLemma54Statement,Toda Lemma 5.4,Lemma 5.4,reference_only,provenance_only_statement,True,rule_name,Toda Lemma 5.4 integration,Toda Lemma 5.4 integration
4,7,pi_11^4,5,TodaDeltaInjectiveStatement,Toda Proposition 5.15,Proposition 5.15,reference_plus_semantic_fact,meaningful_generic_rendering_available,False,,Toda Proposition 5.15 pi_10^5 to pi_8^2 Delta injective,$\Delta: \pi_{10}^{5} \to \pi_{8}^{2}$ は単射である.
4,7,pi_11^4,6,TodaProp42ExactnessStatement,Toda Proposition 5.15,Proposition 5.15,reference_plus_semantic_fact,meaningful_generic_rendering_available,False,,Toda Proposition 5.15 pi_10^3 concrete EHP exactness,$\pi_{10}^{3} \xrightarrow{H} \pi_{10}^{5} \xrightarrow{\Delta} \pi_{8}^{2} \text{ is exact}$
4,7,pi_11^4,7,Relation,Toda Lemma 5.7,Lemma 5.7,reference_plus_semantic_fact,meaningful_generic_rendering_available,False,,Toda Lemma 5.7 pi_6^2 eta_2 nu-prime,$\pi_{6}^{2} = \mathbb{Z}/4\{\eta_{2}\nu'\}$
4,7,pi_11^4,8,Relation,Toda Proposition 5.8,Proposition 5.8,reference_plus_semantic_fact,meaningful_generic_rendering_available,False,,Toda Proposition 5.8 pi_7^3 finite cyclic,$\pi_{7}^{3} = \mathbb{Z}/2\{\nu'\eta_{6}\}$
4,7,pi_11^4,13,TodaProp44IsomorphismStatement,Toda Proposition 4.4,Proposition 4.4,reference_only,provenance_only_statement,True,rule_name,Toda Proposition 4.4 nu_4 n=4 decomposition specialization,Toda Proposition 4.4 nu_4 n=4 decomposition specialization
5,1,pi_6^5,2,Relation,Toda (4.5),(4.5),reference_plus_semantic_fact,meaningful_generic_rendering_available,False,,Toda 4.5 pi_4^3 finite-cyclic transport,$\pi_{n + 1}^{n} = \mathbb{Z}/2\{E^{n - 3}\eta_{3}\}$
5,2,pi_7^5,2,Relation,Toda Proposition 5.3,Proposition 5.3,reference_plus_semantic_fact,meaningful_generic_rendering_available,False,,Toda Proposition 5.3 eta_4 squared stable transport,$\pi_{n + 2}^{n} = \mathbb{Z}/2\{E^{n - 4}\eta_{4}\eta_{5}\}$
5,2,pi_7^5,3,Relation,Toda Proposition 5.3,Proposition 5.3,reference_plus_semantic_fact,meaningful_generic_rendering_available,False,,Toda Proposition 5.3 higher eta-squared bridge,$E^{n - 4}\eta_{4}\eta_{5} = \eta_{n}\eta_{n + 1}$
5,3,pi_8^5,8,Relation,Toda Proposition 5.6,Proposition 5.6,reference_plus_semantic_fact,meaningful_generic_rendering_available,False,,Toda Proposition 5.6 nu-prime order four,$\operatorname{ord}\left(\nu'\right) = 4$
5,3,pi_8^5,9,HomotopyGroupMembershipStatement,Toda (5.3),(5.3),reference_plus_semantic_fact,meaningful_generic_rendering_available,False,,Toda 5.3 nu-prime Lemma 5.2 membership specialization,$\nu' \in \pi_{6}^{3}$
5,3,pi_8^5,10,Relation,Toda Proposition 5.6,Proposition 5.6,reference_plus_semantic_fact,meaningful_generic_rendering_available,False,,Toda Proposition 5.6 pi_5^2 eta_2 cube,$\pi_{5}^{2} = \mathbb{Z}/2\{\eta_{2}\eta_{3}\eta_{4}\}$
5,3,pi_8^5,11,TodaSuspensionInjectiveStatement,Toda Proposition 5.6,Proposition 5.6,reference_plus_semantic_fact,meaningful_generic_rendering_available,False,,Toda Proposition 5.6 pi_5^2 suspension injective,$E: \pi_{5}^{2} \to \pi_{6}^{3}$ は単射である.
5,3,pi_8^5,13,TodaHopfInvariantSurjectiveStatement,Toda Proposition 5.3,Proposition 5.3,reference_plus_semantic_fact,meaningful_generic_rendering_available,False,,Toda Proposition 5.3 n=3 Hopf eta_5 surjectivity,$H: \pi_{6}^{3} \to \pi_{6}^{5}$ は全射である.
5,3,pi_8^5,14,Relation,Toda Lemma 5.4,Lemma 5.4,reference_plus_semantic_fact,meaningful_generic_rendering_available,False,,Toda Lemma 5.4 pi_6^5 finite-cyclic specialization,$\pi_{6}^{5} = \mathbb{Z}/2\{\eta_{5}\}$
5,3,pi_8^5,16,Relation,Toda (5.3),(5.3),reference_plus_semantic_fact,meaningful_generic_rendering_available,False,,Toda 5.3 nu-prime Lemma 5.2 double specialization,$2\nu' = \eta_{3}E\eta_{3}\eta_{5}$
5,4,pi_9^5,8,Relation,Toda Proposition 5.8,Proposition 5.8,reference_plus_semantic_fact,meaningful_generic_rendering_available,False,,Toda Proposition 5.8 pi_7^3 finite cyclic,$\pi_{7}^{3} = \mathbb{Z}/2\{\nu'\eta_{6}\}$
5,4,pi_9^5,10,TodaDeltaImageUpToSignStatement,Toda Proposition 2.5,Proposition 2.5,reference_plus_semantic_fact,meaningful_generic_rendering_available,False,,Toda Proposition 2.5 Delta eta_9 composition,$\Delta\left(\eta_{9}\right) = \pm 2\nu_{4} - E\nu'\eta_{7}$
5,4,pi_9^5,16,TodaHopfInvariantZeroStatement,Toda Proposition 5.8,Proposition 5.8,reference_plus_semantic_fact,meaningful_generic_rendering_available,False,,Toda Proposition 5.8 pi_9^5 Hopf zero,$H: \pi_{9}^{5} \to \pi_{9}^{9}$ は零写像である.
5,4,pi_9^5,17,TodaProp42ExactnessStatement,Toda Proposition 5.8,Proposition 5.8,reference_plus_semantic_fact,meaningful_generic_rendering_available,False,,Toda Proposition 5.8 pi_9^5 concrete exactness,$\pi_{8}^{4} \xrightarrow{E} \pi_{9}^{5} \xrightarrow{H} \pi_{9}^{9} \text{ is exact}$
5,5,pi_10^5,8,Relation,Toda Proposition 5.9,Proposition 5.9,reference_plus_semantic_fact,meaningful_generic_rendering_available,False,,Toda Proposition 5.9 pi_8^3 finite cyclic,$\pi_{8}^{3} = \mathbb{Z}/2\{\nu'\eta_{6}\eta_{7}\}$
5,5,pi_10^5,10,Relation,Toda Proposition 5.8,Proposition 5.8,reference_plus_semantic_fact,meaningful_generic_rendering_available,False,,Toda Proposition 5.8 Delta eta_9 value,$\Delta\left(\eta_{9}\right) = E\nu'\eta_{7}$
5,5,pi_10^5,11,Relation,Toda (5.2),(5.2),reference_plus_semantic_fact,meaningful_generic_rendering_available,False,,Toda 5.2 pi_4^2 finite-cyclic transport,$\pi_{4}^{2} = \mathbb{Z}/2\{\eta_{2}\eta_{3}\}$
5,5,pi_10^5,14,Relation,Toda Proposition 5.3,Proposition 5.3,reference_plus_semantic_fact,meaningful_generic_rendering_available,False,,Toda Proposition 5.3 higher eta-squared finite-cyclic generator bridge,$\pi_{n + 2}^{n} = \mathbb{Z}/2\{\eta_{n}\eta_{n + 1}\}$
5,5,pi_10^5,17,TodaHopfInvariantZeroStatement,Toda Proposition 5.9,Proposition 5.9,reference_plus_semantic_fact,meaningful_generic_rendering_available,False,,Toda Proposition 5.9 pi_10^5 Hopf zero,$H: \pi_{10}^{5} \to \pi_{10}^{9}$ は零写像である.
5,5,pi_10^5,18,TodaProp42ExactnessStatement,Toda Proposition 5.9,Proposition 5.9,reference_plus_semantic_fact,meaningful_generic_rendering_available,False,,Toda Proposition 5.9 pi_10^5 concrete exactness,$\pi_{9}^{4} \xrightarrow{E} \pi_{10}^{5} \xrightarrow{H} \pi_{10}^{9} \text{ is exact}$
5,5,pi_10^5,19,Relation,Toda Proposition 5.8,Proposition 5.8,reference_plus_semantic_fact,meaningful_generic_rendering_available,False,,Toda Proposition 5.8 E nu_4 eta_7 bridge,$E\nu_{4}\eta_{7} = \nu_{5}\eta_{8}$
5,6,pi_11^5,6,TodaProp56FiniteDimensionalStatement,Toda Proposition 5.6,Proposition 5.6,reference_only,provenance_only_statement,True,rule_name,Toda Proposition 5.6 finite-dimensional integration,Toda Proposition 5.6 finite-dimensional integration
5,6,pi_11^5,7,TodaPrimaryGroupZeroStatement,Toda Proposition 5.11,Proposition 5.11,reference_plus_semantic_fact,meaningful_generic_rendering_available,False,,Toda Proposition 5.11 pi_9^3 zero,$\pi_{9}^{3} = 0$
5,6,pi_11^5,10,Toda58EquationStatement,Toda Equation 5.8,Equation 5.8,reference_plus_semantic_fact,meaningful_generic_rendering_available,False,,Toda Equation 5.8 integration,"$\Delta\left(\iota_{9}\right) = \pm \left(2\nu_{4} - E\nu'\right) = \pm [\iota_{4}, \iota_{4}]$"
5,6,pi_11^5,12,TodaHopfInvariantZeroStatement,Toda Proposition 5.11,Proposition 5.11,reference_plus_semantic_fact,meaningful_generic_rendering_available,False,,Toda Proposition 5.11 pi_11^5 Hopf zero,$H: \pi_{11}^{5} \to \pi_{11}^{9}$ は零写像である.
5,6,pi_11^5,13,TodaProp42ExactnessStatement,Toda Proposition 5.11,Proposition 5.11,reference_plus_semantic_fact,meaningful_generic_rendering_available,False,,Toda Proposition 5.11 pi_11^5 concrete exactness,$\pi_{10}^{4} \xrightarrow{E} \pi_{11}^{5} \xrightarrow{H} \pi_{11}^{9} \text{ is exact}$
5,7,pi_12^5,4,TodaProp42ExactnessStatement,Toda Proposition 5.15,Proposition 5.15,reference_plus_semantic_fact,meaningful_generic_rendering_available,False,,Toda Proposition 5.15 pi_12^5 concrete EHP exactness,$\pi_{12}^{5} \xrightarrow{H} \pi_{12}^{9} \xrightarrow{\Delta} \pi_{10}^{4} \text{ is exact}$
5,7,pi_12^5,5,Relation,Toda Proposition 5.11,Proposition 5.11,reference_plus_semantic_fact,meaningful_generic_rendering_available,False,,Toda Proposition 5.11 pi_12^9 nu_9 specialization,$\pi_{12}^{9} = \mathbb{Z}/8\{\nu_{9}\}$
5,7,pi_12^5,6,TodaProp511FiniteDimensionalStatement,Toda Proposition 5.11,Proposition 5.11,reference_only,provenance_only_statement,True,rule_name,Toda Proposition 5.11 finite-dimensional integration,Toda Proposition 5.11 finite-dimensional integration
5,7,pi_12^5,7,TodaDeltaImageUpToSignStatement,Toda Equation 5.13,Equation 5.13,reference_plus_semantic_fact,meaningful_generic_rendering_available,False,,Toda Equation 5.13 Delta nu_9,$\Delta\left(\nu_{9}\right) = \pm 2\nu_{4}\nu_{7}$
5,7,pi_12^5,8,Toda55NuFamilyFiniteDimensionalStatement,Toda (5.5),(5.5),reference_only,provenance_only_statement,True,rule_name,Toda 5.5 nu-family finite-dimensional integration,Toda 5.5 nu-family finite-dimensional integration
6,1,pi_7^6,2,Relation,Toda (4.5),(4.5),reference_plus_semantic_fact,meaningful_generic_rendering_available,False,,Toda 4.5 pi_4^3 finite-cyclic transport,$\pi_{n + 1}^{n} = \mathbb{Z}/2\{E^{n - 3}\eta_{3}\}$
6,2,pi_8^6,2,Relation,Toda Proposition 5.3,Proposition 5.3,reference_plus_semantic_fact,meaningful_generic_rendering_available,False,,Toda Proposition 5.3 eta_4 squared stable transport,$\pi_{n + 2}^{n} = \mathbb{Z}/2\{E^{n - 4}\eta_{4}\eta_{5}\}$
6,2,pi_8^6,3,Relation,Toda Proposition 5.3,Proposition 5.3,reference_plus_semantic_fact,meaningful_generic_rendering_available,False,,Toda Proposition 5.3 higher eta-squared bridge,$E^{n - 4}\eta_{4}\eta_{5} = \eta_{n}\eta_{n + 1}$
6,4,pi_10^6,2,TodaPrimaryGroupZeroStatement,Toda Proposition 5.8,Proposition 5.8,reference_plus_semantic_fact,meaningful_generic_rendering_available,False,,Toda Proposition 5.8 pi_10^6 zero,$\pi_{10}^{6} = 0$
6,4,pi_10^6,3,Toda45IsomorphismStatement,Toda (4.5),(4.5),reference_plus_semantic_fact,meaningful_generic_rendering_available,False,,Toda 4.5 stable-range iterated suspension isomorphism,$E^{n - 6}: \pi_{6 + 4}^{6} \to \pi_{n + 4}^{n}$ は同型写像である.
6,5,pi_11^6,6,Relation,Toda Proposition 5.9,Proposition 5.9,reference_plus_semantic_fact,meaningful_generic_rendering_available,False,,Toda Proposition 5.9 pi_10^5 finite cyclic,$\pi_{10}^{5} = \mathbb{Z}/2\{\nu_{5}\eta_{8}\eta_{9}\}$
6,5,pi_11^6,7,TodaProp42ExactnessStatement,Toda Proposition 5.9,Proposition 5.9,reference_plus_semantic_fact,meaningful_generic_rendering_available,False,,Toda Proposition 5.9 pi_11^6 concrete exactness,$\pi_{10}^{5} \xrightarrow{E} \pi_{11}^{6} \xrightarrow{H} \pi_{11}^{11} \text{ is exact}$
6,5,pi_11^6,10,Relation,Toda Proposition 5.8,Proposition 5.8,reference_plus_semantic_fact,meaningful_generic_rendering_available,False,,Toda Proposition 5.8 pi_9^5 finite cyclic,$\pi_{9}^{5} = \mathbb{Z}/2\{\nu_{5}\eta_{8}\}$
6,6,pi_12^6,3,Relation,Toda Proposition 5.11,Proposition 5.11,reference_plus_semantic_fact,meaningful_generic_rendering_available,False,,Toda Proposition 5.11 pi_12^9 nu_9 specialization,$\pi_{12}^{9} = \mathbb{Z}/8\{\nu_{9}\}$
6,6,pi_12^6,4,Relation,Toda Proposition 5.11,Proposition 5.11,reference_plus_semantic_fact,meaningful_generic_rendering_available,False,,Toda Proposition 5.11 pi_10^4 generated by nu_4 squared,$\pi_{10}^{4} = \mathbb{Z}/8\{\nu_{4}\nu_{7}\}$
6,6,pi_12^6,6,TodaProp42ExactnessStatement,Toda Proposition 5.11,Proposition 5.11,reference_plus_semantic_fact,meaningful_generic_rendering_available,False,,Toda Proposition 5.11 pi_11^5 concrete exactness,$\pi_{12}^{9} \xrightarrow{\Delta} \pi_{10}^{4} \xrightarrow{E} \pi_{11}^{5} \text{ is exact}$
6,6,pi_12^6,7,TodaSuspensionSurjectiveStatement,Toda Proposition 5.11,Proposition 5.11,reference_plus_semantic_fact,meaningful_generic_rendering_available,False,,Toda Proposition 5.11 pi_11^5 suspension surjective,$E: \pi_{10}^{4} \to \pi_{11}^{5}$ は全射である.
6,6,pi_12^6,8,TodaSuspensionInjectiveStatement,Toda Proposition 5.11,Proposition 5.11,reference_plus_semantic_fact,meaningful_generic_rendering_available,False,,Toda Proposition 5.11 pi_12^6 suspension injective,$E: \pi_{11}^{5} \to \pi_{12}^{6}$ は単射である.
6,6,pi_12^6,9,TodaSuspensionSurjectiveStatement,Toda Proposition 5.11,Proposition 5.11,reference_plus_semantic_fact,meaningful_generic_rendering_available,False,,Toda Proposition 5.11 pi_12^6 suspension surjective,$E: \pi_{11}^{5} \to \pi_{12}^{6}$ は全射である.
6,7,pi_13^6,7,Relation,Toda Equation 5.13,Equation 5.13,reference_plus_semantic_fact,meaningful_generic_rendering_available,False,,Toda Equation 5.13 Delta eta_11 squared zero,$\Delta\left(\eta_{11}\eta_{12}\right) = 0$
6,7,pi_13^6,8,TodaProp56FiniteDimensionalStatement,Toda Proposition 5.6,Proposition 5.6,reference_only,provenance_only_statement,True,rule_name,Toda Proposition 5.6 finite-dimensional integration,Toda Proposition 5.6 finite-dimensional integration
6,7,pi_13^6,12,TodaProp515Pi12_5HopfIsomorphismStatement,Toda Proposition 5.15,Proposition 5.15,reference_only,provenance_only_statement,True,rule_name,Toda Proposition 5.15 pi_12^5 Hopf isomorphism,Toda Proposition 5.15 pi_12^5 Hopf isomorphism
6,7,pi_13^6,14,TodaProp53FiniteDimensionalStatement,Toda Proposition 5.3,Proposition 5.3,reference_only,provenance_only_statement,True,rule_name,Toda Proposition 5.3 finite-dimensional integration,Toda Proposition 5.3 finite-dimensional integration
7,1,pi_8^7,2,Relation,Toda (4.5),(4.5),reference_plus_semantic_fact,meaningful_generic_rendering_available,False,,Toda 4.5 pi_4^3 finite-cyclic transport,$\pi_{n + 1}^{n} = \mathbb{Z}/2\{E^{n - 3}\eta_{3}\}$
7,2,pi_9^7,2,Relation,Toda Proposition 5.3,Proposition 5.3,reference_plus_semantic_fact,meaningful_generic_rendering_available,False,,Toda Proposition 5.3 eta_4 squared stable transport,$\pi_{n + 2}^{n} = \mathbb{Z}/2\{E^{n - 4}\eta_{4}\eta_{5}\}$
7,2,pi_9^7,3,Relation,Toda Proposition 5.3,Proposition 5.3,reference_plus_semantic_fact,meaningful_generic_rendering_available,False,,Toda Proposition 5.3 higher eta-squared bridge,$E^{n - 4}\eta_{4}\eta_{5} = \eta_{n}\eta_{n + 1}$
7,4,pi_11^7,2,TodaPrimaryGroupZeroStatement,Toda Proposition 5.8,Proposition 5.8,reference_plus_semantic_fact,meaningful_generic_rendering_available,False,,Toda Proposition 5.8 pi_10^6 zero,$\pi_{10}^{6} = 0$
7,4,pi_11^7,3,Toda45IsomorphismStatement,Toda (4.5),(4.5),reference_plus_semantic_fact,meaningful_generic_rendering_available,False,,Toda 4.5 stable-range iterated suspension isomorphism,$E^{n - 6}: \pi_{6 + 4}^{6} \to \pi_{n + 4}^{n}$ は同型写像である.
7,5,pi_12^7,2,TodaPrimaryGroupZeroStatement,Toda Proposition 5.9,Proposition 5.9,reference_plus_semantic_fact,meaningful_generic_rendering_available,False,,Toda Proposition 5.9 pi_12^7 zero,$\pi_{12}^{7} = 0$
7,5,pi_12^7,3,Toda45IsomorphismStatement,Toda (4.5),(4.5),reference_plus_semantic_fact,meaningful_generic_rendering_available,False,,Toda 4.5 stable-range iterated suspension isomorphism,$E^{n - 7}: \pi_{7 + 5}^{7} \to \pi_{n + 5}^{n}$ は同型写像である.
7,6,pi_13^7,3,Relation,Toda Proposition 5.11,Proposition 5.11,reference_plus_semantic_fact,meaningful_generic_rendering_available,False,,Toda Proposition 5.11 pi_11^5 nu_5 squared,$\pi_{11}^{5} = \mathbb{Z}/2\{\nu_{5}\nu_{8}\}$
7,6,pi_13^7,4,TodaSuspensionIsomorphismStatement,Toda Proposition 5.11,Proposition 5.11,reference_plus_semantic_fact,meaningful_generic_rendering_available,False,,Toda Proposition 5.11 pi_12^6 suspension isomorphism,$E: \pi_{11}^{5} \to \pi_{12}^{6}$ は同型写像である.
7,6,pi_13^7,5,TodaSuspensionInjectiveStatement,Toda Proposition 5.11,Proposition 5.11,reference_plus_semantic_fact,meaningful_generic_rendering_available,False,,Toda Proposition 5.11 pi_13^7 suspension injective,$E: \pi_{12}^{6} \to \pi_{13}^{7}$ は単射である.
7,6,pi_13^7,6,TodaSuspensionSurjectiveStatement,Toda Proposition 5.11,Proposition 5.11,reference_plus_semantic_fact,meaningful_generic_rendering_available,False,,Toda Proposition 5.11 pi_13^7 suspension surjective,$E: \pi_{12}^{6} \to \pi_{13}^{7}$ は全射である.
7,7,pi_14^7,7,Relation,Toda Equation 5.13,Equation 5.13,reference_plus_semantic_fact,meaningful_generic_rendering_available,False,,Toda Equation 5.13 Delta eta_13 zero,$\Delta\left(\eta_{13}\right) = 0$
7,7,pi_14^7,8,TodaProp53FiniteDimensionalStatement,Toda Proposition 5.3,Proposition 5.3,reference_only,provenance_only_statement,True,rule_name,Toda Proposition 5.3 finite-dimensional integration,Toda Proposition 5.3 finite-dimensional integration
7,7,pi_14^7,13,Relation,Toda Proposition 5.15,Proposition 5.15,reference_plus_semantic_fact,meaningful_generic_rendering_available,False,,Toda Proposition 5.15 pi_12^5 finite cyclic,$\pi_{12}^{5} = \mathbb{Z}/2\{\sigma'''\}$
7,7,pi_14^7,15,TodaProp51FiniteDimensionalStatement,Toda Proposition 5.1,Proposition 5.1,reference_only,provenance_only_statement,True,rule_name,Toda Proposition 5.1 finite-dimensional integration,Toda Proposition 5.1 finite-dimensional integration
8,1,pi_9^8,2,Relation,Toda (4.5),(4.5),reference_plus_semantic_fact,meaningful_generic_rendering_available,False,,Toda 4.5 pi_4^3 finite-cyclic transport,$\pi_{n + 1}^{n} = \mathbb{Z}/2\{E^{n - 3}\eta_{3}\}$
8,2,pi_10^8,2,Relation,Toda Proposition 5.3,Proposition 5.3,reference_plus_semantic_fact,meaningful_generic_rendering_available,False,,Toda Proposition 5.3 eta_4 squared stable transport,$\pi_{n + 2}^{n} = \mathbb{Z}/2\{E^{n - 4}\eta_{4}\eta_{5}\}$
8,2,pi_10^8,3,Relation,Toda Proposition 5.3,Proposition 5.3,reference_plus_semantic_fact,meaningful_generic_rendering_available,False,,Toda Proposition 5.3 higher eta-squared bridge,$E^{n - 4}\eta_{4}\eta_{5} = \eta_{n}\eta_{n + 1}$
8,4,pi_12^8,2,TodaPrimaryGroupZeroStatement,Toda Proposition 5.8,Proposition 5.8,reference_plus_semantic_fact,meaningful_generic_rendering_available,False,,Toda Proposition 5.8 pi_10^6 zero,$\pi_{10}^{6} = 0$
8,4,pi_12^8,3,Toda45IsomorphismStatement,Toda (4.5),(4.5),reference_plus_semantic_fact,meaningful_generic_rendering_available,False,,Toda 4.5 stable-range iterated suspension isomorphism,$E^{n - 6}: \pi_{6 + 4}^{6} \to \pi_{n + 4}^{n}$ は同型写像である.
8,5,pi_13^8,2,TodaPrimaryGroupZeroStatement,Toda Proposition 5.9,Proposition 5.9,reference_plus_semantic_fact,meaningful_generic_rendering_available,False,,Toda Proposition 5.9 pi_12^7 zero,$\pi_{12}^{7} = 0$
8,5,pi_13^8,3,Toda45IsomorphismStatement,Toda (4.5),(4.5),reference_plus_semantic_fact,meaningful_generic_rendering_available,False,,Toda 4.5 stable-range iterated suspension isomorphism,$E^{n - 7}: \pi_{7 + 5}^{7} \to \pi_{n + 5}^{n}$ は同型写像である.
8,6,pi_14^8,3,Relation,Toda Proposition 5.11,Proposition 5.11,reference_plus_semantic_fact,meaningful_generic_rendering_available,False,,Toda Proposition 5.11 pi_12^6 nu_6 squared,$\pi_{12}^{6} = \mathbb{Z}/2\{\nu_{6}\nu_{9}\}$
8,6,pi_14^8,4,TodaSuspensionIsomorphismStatement,Toda Proposition 5.11,Proposition 5.11,reference_plus_semantic_fact,meaningful_generic_rendering_available,False,,Toda Proposition 5.11 pi_13^7 suspension isomorphism,$E: \pi_{12}^{6} \to \pi_{13}^{7}$ は同型写像である.
8,7,pi_15^8,2,TodaProp44IsomorphismStatement,Toda Proposition 5.15,Proposition 5.15,reference_only,provenance_only_statement,True,rule_name,Toda Proposition 5.15 sigma_8 n=8 Proposition 4.4 decomposition specialization,Toda Proposition 5.15 sigma_8 n=8 Proposition 4.4 decomposition specialization
8,7,pi_15^8,3,Relation,Toda Proposition 5.15,Proposition 5.15,reference_plus_semantic_fact,meaningful_generic_rendering_available,False,,Toda Proposition 5.15 pi_14^7 finite cyclic,$\pi_{14}^{7} = \mathbb{Z}/8\{\sigma'\}$
9,1,pi_10^9,2,Relation,Toda (4.5),(4.5),reference_plus_semantic_fact,meaningful_generic_rendering_available,False,,Toda 4.5 pi_4^3 finite-cyclic transport,$\pi_{n + 1}^{n} = \mathbb{Z}/2\{E^{n - 3}\eta_{3}\}$
9,2,pi_11^9,2,Relation,Toda Proposition 5.3,Proposition 5.3,reference_plus_semantic_fact,meaningful_generic_rendering_available,False,,Toda Proposition 5.3 eta_4 squared stable transport,$\pi_{n + 2}^{n} = \mathbb{Z}/2\{E^{n - 4}\eta_{4}\eta_{5}\}$
9,2,pi_11^9,3,Relation,Toda Proposition 5.3,Proposition 5.3,reference_plus_semantic_fact,meaningful_generic_rendering_available,False,,Toda Proposition 5.3 higher eta-squared bridge,$E^{n - 4}\eta_{4}\eta_{5} = \eta_{n}\eta_{n + 1}$
9,4,pi_13^9,2,TodaPrimaryGroupZeroStatement,Toda Proposition 5.8,Proposition 5.8,reference_plus_semantic_fact,meaningful_generic_rendering_available,False,,Toda Proposition 5.8 pi_10^6 zero,$\pi_{10}^{6} = 0$
9,4,pi_13^9,3,Toda45IsomorphismStatement,Toda (4.5),(4.5),reference_plus_semantic_fact,meaningful_generic_rendering_available,False,,Toda 4.5 stable-range iterated suspension isomorphism,$E^{n - 6}: \pi_{6 + 4}^{6} \to \pi_{n + 4}^{n}$ は同型写像である.
9,5,pi_14^9,2,TodaPrimaryGroupZeroStatement,Toda Proposition 5.9,Proposition 5.9,reference_plus_semantic_fact,meaningful_generic_rendering_available,False,,Toda Proposition 5.9 pi_12^7 zero,$\pi_{12}^{7} = 0$
9,5,pi_14^9,3,Toda45IsomorphismStatement,Toda (4.5),(4.5),reference_plus_semantic_fact,meaningful_generic_rendering_available,False,,Toda 4.5 stable-range iterated suspension isomorphism,$E^{n - 7}: \pi_{7 + 5}^{7} \to \pi_{n + 5}^{n}$ は同型写像である.
9,6,pi_15^9,2,Relation,Toda Proposition 5.11,Proposition 5.11,reference_plus_semantic_fact,meaningful_generic_rendering_available,False,,Toda Proposition 5.11 pi_14^8 nu_8 squared,$\pi_{14}^{8} = \mathbb{Z}/2\{\nu_{8}\nu_{11}\}$
9,6,pi_15^9,3,Toda45IsomorphismStatement,Toda (4.5),(4.5),reference_plus_semantic_fact,meaningful_generic_rendering_available,False,,Toda 4.5 stable-range iterated suspension isomorphism,$E^{n - 8}: \pi_{8 + 6}^{8} \to \pi_{n + 6}^{n}$ は同型写像である.
9,7,pi_16^9,6,TodaLemma514SigmaPrimeStatement,Toda Lemma 5.14,Lemma 5.14,reference_only,provenance_only_statement,True,rule_name,Toda Lemma 5.14 sigma-prime branch,Toda Lemma 5.14 sigma-prime branch
9,7,pi_16^9,8,TodaProp515Pi12_5HopfIsomorphismStatement,Toda Proposition 5.15,Proposition 5.15,reference_only,provenance_only_statement,True,rule_name,Toda Proposition 5.15 pi_12^5 Hopf isomorphism,Toda Proposition 5.15 pi_12^5 Hopf isomorphism
10,1,pi_11^10,2,Relation,Toda (4.5),(4.5),reference_plus_semantic_fact,meaningful_generic_rendering_available,False,,Toda 4.5 pi_4^3 finite-cyclic transport,$\pi_{n + 1}^{n} = \mathbb{Z}/2\{E^{n - 3}\eta_{3}\}$
10,2,pi_12^10,2,Relation,Toda Proposition 5.3,Proposition 5.3,reference_plus_semantic_fact,meaningful_generic_rendering_available,False,,Toda Proposition 5.3 eta_4 squared stable transport,$\pi_{n + 2}^{n} = \mathbb{Z}/2\{E^{n - 4}\eta_{4}\eta_{5}\}$
10,2,pi_12^10,3,Relation,Toda Proposition 5.3,Proposition 5.3,reference_plus_semantic_fact,meaningful_generic_rendering_available,False,,Toda Proposition 5.3 higher eta-squared bridge,$E^{n - 4}\eta_{4}\eta_{5} = \eta_{n}\eta_{n + 1}$
10,4,pi_14^10,2,TodaPrimaryGroupZeroStatement,Toda Proposition 5.8,Proposition 5.8,reference_plus_semantic_fact,meaningful_generic_rendering_available,False,,Toda Proposition 5.8 pi_10^6 zero,$\pi_{10}^{6} = 0$
10,4,pi_14^10,3,Toda45IsomorphismStatement,Toda (4.5),(4.5),reference_plus_semantic_fact,meaningful_generic_rendering_available,False,,Toda 4.5 stable-range iterated suspension isomorphism,$E^{n - 6}: \pi_{6 + 4}^{6} \to \pi_{n + 4}^{n}$ は同型写像である.
10,5,pi_15^10,2,TodaPrimaryGroupZeroStatement,Toda Proposition 5.9,Proposition 5.9,reference_plus_semantic_fact,meaningful_generic_rendering_available,False,,Toda Proposition 5.9 pi_12^7 zero,$\pi_{12}^{7} = 0$
10,5,pi_15^10,3,Toda45IsomorphismStatement,Toda (4.5),(4.5),reference_plus_semantic_fact,meaningful_generic_rendering_available,False,,Toda 4.5 stable-range iterated suspension isomorphism,$E^{n - 7}: \pi_{7 + 5}^{7} \to \pi_{n + 5}^{n}$ は同型写像である.
10,6,pi_16^10,2,Relation,Toda Proposition 5.11,Proposition 5.11,reference_plus_semantic_fact,meaningful_generic_rendering_available,False,,Toda Proposition 5.11 pi_14^8 nu_8 squared,$\pi_{14}^{8} = \mathbb{Z}/2\{\nu_{8}\nu_{11}\}$
10,6,pi_16^10,3,Toda45IsomorphismStatement,Toda (4.5),(4.5),reference_plus_semantic_fact,meaningful_generic_rendering_available,False,,Toda 4.5 stable-range iterated suspension isomorphism,$E^{n - 8}: \pi_{8 + 6}^{8} \to \pi_{n + 6}^{n}$ は同型写像である.
10,7,pi_17^10,2,Relation,Toda Proposition 5.15,Proposition 5.15,reference_plus_semantic_fact,meaningful_generic_rendering_available,False,,Toda Proposition 5.15 pi_16^9 generated by sigma_9,$\pi_{16}^{9} = \mathbb{Z}/16\{\sigma_{9}\}$
10,7,pi_17^10,3,Toda45IsomorphismStatement,Toda (4.5),(4.5),reference_plus_semantic_fact,meaningful_generic_rendering_available,False,,Toda 4.5 stable-range iterated suspension isomorphism,$E^{n - 9}: \pi_{9 + 7}^{9} \to \pi_{n + 7}^{n}$ は同型写像である.
10,7,pi_17^10,4,TodaSigmaFamilyDefinitionStatement,Toda Lemma 5.14,Lemma 5.14,reference_plus_semantic_fact,meaningful_generic_rendering_available,False,,Toda Lemma 5.14 sigma-family definition,$\sigma_{n}$ を \(\sigma\)-family の元として定める.
11,1,pi_12^11,2,Relation,Toda (4.5),(4.5),reference_plus_semantic_fact,meaningful_generic_rendering_available,False,,Toda 4.5 pi_4^3 finite-cyclic transport,$\pi_{n + 1}^{n} = \mathbb{Z}/2\{E^{n - 3}\eta_{3}\}$
11,2,pi_13^11,2,Relation,Toda Proposition 5.3,Proposition 5.3,reference_plus_semantic_fact,meaningful_generic_rendering_available,False,,Toda Proposition 5.3 eta_4 squared stable transport,$\pi_{n + 2}^{n} = \mathbb{Z}/2\{E^{n - 4}\eta_{4}\eta_{5}\}$
11,2,pi_13^11,3,Relation,Toda Proposition 5.3,Proposition 5.3,reference_plus_semantic_fact,meaningful_generic_rendering_available,False,,Toda Proposition 5.3 higher eta-squared bridge,$E^{n - 4}\eta_{4}\eta_{5} = \eta_{n}\eta_{n + 1}$
11,4,pi_15^11,2,TodaPrimaryGroupZeroStatement,Toda Proposition 5.8,Proposition 5.8,reference_plus_semantic_fact,meaningful_generic_rendering_available,False,,Toda Proposition 5.8 pi_10^6 zero,$\pi_{10}^{6} = 0$
11,4,pi_15^11,3,Toda45IsomorphismStatement,Toda (4.5),(4.5),reference_plus_semantic_fact,meaningful_generic_rendering_available,False,,Toda 4.5 stable-range iterated suspension isomorphism,$E^{n - 6}: \pi_{6 + 4}^{6} \to \pi_{n + 4}^{n}$ は同型写像である.
11,5,pi_16^11,2,TodaPrimaryGroupZeroStatement,Toda Proposition 5.9,Proposition 5.9,reference_plus_semantic_fact,meaningful_generic_rendering_available,False,,Toda Proposition 5.9 pi_12^7 zero,$\pi_{12}^{7} = 0$
11,5,pi_16^11,3,Toda45IsomorphismStatement,Toda (4.5),(4.5),reference_plus_semantic_fact,meaningful_generic_rendering_available,False,,Toda 4.5 stable-range iterated suspension isomorphism,$E^{n - 7}: \pi_{7 + 5}^{7} \to \pi_{n + 5}^{n}$ は同型写像である.
11,6,pi_17^11,2,Relation,Toda Proposition 5.11,Proposition 5.11,reference_plus_semantic_fact,meaningful_generic_rendering_available,False,,Toda Proposition 5.11 pi_14^8 nu_8 squared,$\pi_{14}^{8} = \mathbb{Z}/2\{\nu_{8}\nu_{11}\}$
11,6,pi_17^11,3,Toda45IsomorphismStatement,Toda (4.5),(4.5),reference_plus_semantic_fact,meaningful_generic_rendering_available,False,,Toda 4.5 stable-range iterated suspension isomorphism,$E^{n - 8}: \pi_{8 + 6}^{8} \to \pi_{n + 6}^{n}$ は同型写像である.
11,7,pi_18^11,2,Relation,Toda Proposition 5.15,Proposition 5.15,reference_plus_semantic_fact,meaningful_generic_rendering_available,False,,Toda Proposition 5.15 pi_16^9 generated by sigma_9,$\pi_{16}^{9} = \mathbb{Z}/16\{\sigma_{9}\}$
11,7,pi_18^11,3,Toda45IsomorphismStatement,Toda (4.5),(4.5),reference_plus_semantic_fact,meaningful_generic_rendering_available,False,,Toda 4.5 stable-range iterated suspension isomorphism,$E^{n - 9}: \pi_{9 + 7}^{9} \to \pi_{n + 7}^{n}$ は同型写像である.
11,7,pi_18^11,4,TodaSigmaFamilyDefinitionStatement,Toda Lemma 5.14,Lemma 5.14,reference_plus_semantic_fact,meaningful_generic_rendering_available,False,,Toda Lemma 5.14 sigma-family definition,$\sigma_{n}$ を \(\sigma\)-family の元として定める.
12,1,pi_13^12,2,Relation,Toda (4.5),(4.5),reference_plus_semantic_fact,meaningful_generic_rendering_available,False,,Toda 4.5 pi_4^3 finite-cyclic transport,$\pi_{n + 1}^{n} = \mathbb{Z}/2\{E^{n - 3}\eta_{3}\}$
12,2,pi_14^12,2,Relation,Toda Proposition 5.3,Proposition 5.3,reference_plus_semantic_fact,meaningful_generic_rendering_available,False,,Toda Proposition 5.3 eta_4 squared stable transport,$\pi_{n + 2}^{n} = \mathbb{Z}/2\{E^{n - 4}\eta_{4}\eta_{5}\}$
12,2,pi_14^12,3,Relation,Toda Proposition 5.3,Proposition 5.3,reference_plus_semantic_fact,meaningful_generic_rendering_available,False,,Toda Proposition 5.3 higher eta-squared bridge,$E^{n - 4}\eta_{4}\eta_{5} = \eta_{n}\eta_{n + 1}$
12,4,pi_16^12,2,TodaPrimaryGroupZeroStatement,Toda Proposition 5.8,Proposition 5.8,reference_plus_semantic_fact,meaningful_generic_rendering_available,False,,Toda Proposition 5.8 pi_10^6 zero,$\pi_{10}^{6} = 0$
12,4,pi_16^12,3,Toda45IsomorphismStatement,Toda (4.5),(4.5),reference_plus_semantic_fact,meaningful_generic_rendering_available,False,,Toda 4.5 stable-range iterated suspension isomorphism,$E^{n - 6}: \pi_{6 + 4}^{6} \to \pi_{n + 4}^{n}$ は同型写像である.
12,5,pi_17^12,2,TodaPrimaryGroupZeroStatement,Toda Proposition 5.9,Proposition 5.9,reference_plus_semantic_fact,meaningful_generic_rendering_available,False,,Toda Proposition 5.9 pi_12^7 zero,$\pi_{12}^{7} = 0$
12,5,pi_17^12,3,Toda45IsomorphismStatement,Toda (4.5),(4.5),reference_plus_semantic_fact,meaningful_generic_rendering_available,False,,Toda 4.5 stable-range iterated suspension isomorphism,$E^{n - 7}: \pi_{7 + 5}^{7} \to \pi_{n + 5}^{n}$ は同型写像である.
12,6,pi_18^12,2,Relation,Toda Proposition 5.11,Proposition 5.11,reference_plus_semantic_fact,meaningful_generic_rendering_available,False,,Toda Proposition 5.11 pi_14^8 nu_8 squared,$\pi_{14}^{8} = \mathbb{Z}/2\{\nu_{8}\nu_{11}\}$
12,6,pi_18^12,3,Toda45IsomorphismStatement,Toda (4.5),(4.5),reference_plus_semantic_fact,meaningful_generic_rendering_available,False,,Toda 4.5 stable-range iterated suspension isomorphism,$E^{n - 8}: \pi_{8 + 6}^{8} \to \pi_{n + 6}^{n}$ は同型写像である.
12,7,pi_19^12,2,Relation,Toda Proposition 5.15,Proposition 5.15,reference_plus_semantic_fact,meaningful_generic_rendering_available,False,,Toda Proposition 5.15 pi_16^9 generated by sigma_9,$\pi_{16}^{9} = \mathbb{Z}/16\{\sigma_{9}\}$
12,7,pi_19^12,3,Toda45IsomorphismStatement,Toda (4.5),(4.5),reference_plus_semantic_fact,meaningful_generic_rendering_available,False,,Toda 4.5 stable-range iterated suspension isomorphism,$E^{n - 9}: \pi_{9 + 7}^{9} \to \pi_{n + 7}^{n}$ は同型写像である.
12,7,pi_19^12,4,TodaSigmaFamilyDefinitionStatement,Toda Lemma 5.14,Lemma 5.14,reference_plus_semantic_fact,meaningful_generic_rendering_available,False,,Toda Lemma 5.14 sigma-family definition,$\sigma_{n}$ を \(\sigma\)-family の元として定める.
13,1,pi_14^13,2,Relation,Toda (4.5),(4.5),reference_plus_semantic_fact,meaningful_generic_rendering_available,False,,Toda 4.5 pi_4^3 finite-cyclic transport,$\pi_{n + 1}^{n} = \mathbb{Z}/2\{E^{n - 3}\eta_{3}\}$
13,2,pi_15^13,2,Relation,Toda Proposition 5.3,Proposition 5.3,reference_plus_semantic_fact,meaningful_generic_rendering_available,False,,Toda Proposition 5.3 eta_4 squared stable transport,$\pi_{n + 2}^{n} = \mathbb{Z}/2\{E^{n - 4}\eta_{4}\eta_{5}\}$
13,2,pi_15^13,3,Relation,Toda Proposition 5.3,Proposition 5.3,reference_plus_semantic_fact,meaningful_generic_rendering_available,False,,Toda Proposition 5.3 higher eta-squared bridge,$E^{n - 4}\eta_{4}\eta_{5} = \eta_{n}\eta_{n + 1}$
13,4,pi_17^13,2,TodaPrimaryGroupZeroStatement,Toda Proposition 5.8,Proposition 5.8,reference_plus_semantic_fact,meaningful_generic_rendering_available,False,,Toda Proposition 5.8 pi_10^6 zero,$\pi_{10}^{6} = 0$
13,4,pi_17^13,3,Toda45IsomorphismStatement,Toda (4.5),(4.5),reference_plus_semantic_fact,meaningful_generic_rendering_available,False,,Toda 4.5 stable-range iterated suspension isomorphism,$E^{n - 6}: \pi_{6 + 4}^{6} \to \pi_{n + 4}^{n}$ は同型写像である.
13,5,pi_18^13,2,TodaPrimaryGroupZeroStatement,Toda Proposition 5.9,Proposition 5.9,reference_plus_semantic_fact,meaningful_generic_rendering_available,False,,Toda Proposition 5.9 pi_12^7 zero,$\pi_{12}^{7} = 0$
13,5,pi_18^13,3,Toda45IsomorphismStatement,Toda (4.5),(4.5),reference_plus_semantic_fact,meaningful_generic_rendering_available,False,,Toda 4.5 stable-range iterated suspension isomorphism,$E^{n - 7}: \pi_{7 + 5}^{7} \to \pi_{n + 5}^{n}$ は同型写像である.
13,6,pi_19^13,2,Relation,Toda Proposition 5.11,Proposition 5.11,reference_plus_semantic_fact,meaningful_generic_rendering_available,False,,Toda Proposition 5.11 pi_14^8 nu_8 squared,$\pi_{14}^{8} = \mathbb{Z}/2\{\nu_{8}\nu_{11}\}$
13,6,pi_19^13,3,Toda45IsomorphismStatement,Toda (4.5),(4.5),reference_plus_semantic_fact,meaningful_generic_rendering_available,False,,Toda 4.5 stable-range iterated suspension isomorphism,$E^{n - 8}: \pi_{8 + 6}^{8} \to \pi_{n + 6}^{n}$ は同型写像である.
13,7,pi_20^13,2,Relation,Toda Proposition 5.15,Proposition 5.15,reference_plus_semantic_fact,meaningful_generic_rendering_available,False,,Toda Proposition 5.15 pi_16^9 generated by sigma_9,$\pi_{16}^{9} = \mathbb{Z}/16\{\sigma_{9}\}$
13,7,pi_20^13,3,Toda45IsomorphismStatement,Toda (4.5),(4.5),reference_plus_semantic_fact,meaningful_generic_rendering_available,False,,Toda 4.5 stable-range iterated suspension isomorphism,$E^{n - 9}: \pi_{9 + 7}^{9} \to \pi_{n + 7}^{n}$ は同型写像である.
13,7,pi_20^13,4,TodaSigmaFamilyDefinitionStatement,Toda Lemma 5.14,Lemma 5.14,reference_plus_semantic_fact,meaningful_generic_rendering_available,False,,Toda Lemma 5.14 sigma-family definition,$\sigma_{n}$ を \(\sigma\)-family の元として定める.
14,1,pi_15^14,2,Relation,Toda (4.5),(4.5),reference_plus_semantic_fact,meaningful_generic_rendering_available,False,,Toda 4.5 pi_4^3 finite-cyclic transport,$\pi_{n + 1}^{n} = \mathbb{Z}/2\{E^{n - 3}\eta_{3}\}$
14,2,pi_16^14,2,Relation,Toda Proposition 5.3,Proposition 5.3,reference_plus_semantic_fact,meaningful_generic_rendering_available,False,,Toda Proposition 5.3 eta_4 squared stable transport,$\pi_{n + 2}^{n} = \mathbb{Z}/2\{E^{n - 4}\eta_{4}\eta_{5}\}$
14,2,pi_16^14,3,Relation,Toda Proposition 5.3,Proposition 5.3,reference_plus_semantic_fact,meaningful_generic_rendering_available,False,,Toda Proposition 5.3 higher eta-squared bridge,$E^{n - 4}\eta_{4}\eta_{5} = \eta_{n}\eta_{n + 1}$
14,4,pi_18^14,2,TodaPrimaryGroupZeroStatement,Toda Proposition 5.8,Proposition 5.8,reference_plus_semantic_fact,meaningful_generic_rendering_available,False,,Toda Proposition 5.8 pi_10^6 zero,$\pi_{10}^{6} = 0$
14,4,pi_18^14,3,Toda45IsomorphismStatement,Toda (4.5),(4.5),reference_plus_semantic_fact,meaningful_generic_rendering_available,False,,Toda 4.5 stable-range iterated suspension isomorphism,$E^{n - 6}: \pi_{6 + 4}^{6} \to \pi_{n + 4}^{n}$ は同型写像である.
14,5,pi_19^14,2,TodaPrimaryGroupZeroStatement,Toda Proposition 5.9,Proposition 5.9,reference_plus_semantic_fact,meaningful_generic_rendering_available,False,,Toda Proposition 5.9 pi_12^7 zero,$\pi_{12}^{7} = 0$
14,5,pi_19^14,3,Toda45IsomorphismStatement,Toda (4.5),(4.5),reference_plus_semantic_fact,meaningful_generic_rendering_available,False,,Toda 4.5 stable-range iterated suspension isomorphism,$E^{n - 7}: \pi_{7 + 5}^{7} \to \pi_{n + 5}^{n}$ は同型写像である.
14,6,pi_20^14,2,Relation,Toda Proposition 5.11,Proposition 5.11,reference_plus_semantic_fact,meaningful_generic_rendering_available,False,,Toda Proposition 5.11 pi_14^8 nu_8 squared,$\pi_{14}^{8} = \mathbb{Z}/2\{\nu_{8}\nu_{11}\}$
14,6,pi_20^14,3,Toda45IsomorphismStatement,Toda (4.5),(4.5),reference_plus_semantic_fact,meaningful_generic_rendering_available,False,,Toda 4.5 stable-range iterated suspension isomorphism,$E^{n - 8}: \pi_{8 + 6}^{8} \to \pi_{n + 6}^{n}$ は同型写像である.
14,7,pi_21^14,2,Relation,Toda Proposition 5.15,Proposition 5.15,reference_plus_semantic_fact,meaningful_generic_rendering_available,False,,Toda Proposition 5.15 pi_16^9 generated by sigma_9,$\pi_{16}^{9} = \mathbb{Z}/16\{\sigma_{9}\}$
14,7,pi_21^14,3,Toda45IsomorphismStatement,Toda (4.5),(4.5),reference_plus_semantic_fact,meaningful_generic_rendering_available,False,,Toda 4.5 stable-range iterated suspension isomorphism,$E^{n - 9}: \pi_{9 + 7}^{9} \to \pi_{n + 7}^{n}$ は同型写像である.
14,7,pi_21^14,4,TodaSigmaFamilyDefinitionStatement,Toda Lemma 5.14,Lemma 5.14,reference_plus_semantic_fact,meaningful_generic_rendering_available,False,,Toda Lemma 5.14 sigma-family definition,$\sigma_{n}$ を \(\sigma\)-family の元として定める.
15,1,pi_16^15,2,Relation,Toda (4.5),(4.5),reference_plus_semantic_fact,meaningful_generic_rendering_available,False,,Toda 4.5 pi_4^3 finite-cyclic transport,$\pi_{n + 1}^{n} = \mathbb{Z}/2\{E^{n - 3}\eta_{3}\}$
15,2,pi_17^15,2,Relation,Toda Proposition 5.3,Proposition 5.3,reference_plus_semantic_fact,meaningful_generic_rendering_available,False,,Toda Proposition 5.3 eta_4 squared stable transport,$\pi_{n + 2}^{n} = \mathbb{Z}/2\{E^{n - 4}\eta_{4}\eta_{5}\}$
15,2,pi_17^15,3,Relation,Toda Proposition 5.3,Proposition 5.3,reference_plus_semantic_fact,meaningful_generic_rendering_available,False,,Toda Proposition 5.3 higher eta-squared bridge,$E^{n - 4}\eta_{4}\eta_{5} = \eta_{n}\eta_{n + 1}$
15,4,pi_19^15,2,TodaPrimaryGroupZeroStatement,Toda Proposition 5.8,Proposition 5.8,reference_plus_semantic_fact,meaningful_generic_rendering_available,False,,Toda Proposition 5.8 pi_10^6 zero,$\pi_{10}^{6} = 0$
15,4,pi_19^15,3,Toda45IsomorphismStatement,Toda (4.5),(4.5),reference_plus_semantic_fact,meaningful_generic_rendering_available,False,,Toda 4.5 stable-range iterated suspension isomorphism,$E^{n - 6}: \pi_{6 + 4}^{6} \to \pi_{n + 4}^{n}$ は同型写像である.
15,5,pi_20^15,2,TodaPrimaryGroupZeroStatement,Toda Proposition 5.9,Proposition 5.9,reference_plus_semantic_fact,meaningful_generic_rendering_available,False,,Toda Proposition 5.9 pi_12^7 zero,$\pi_{12}^{7} = 0$
15,5,pi_20^15,3,Toda45IsomorphismStatement,Toda (4.5),(4.5),reference_plus_semantic_fact,meaningful_generic_rendering_available,False,,Toda 4.5 stable-range iterated suspension isomorphism,$E^{n - 7}: \pi_{7 + 5}^{7} \to \pi_{n + 5}^{n}$ は同型写像である.
15,6,pi_21^15,2,Relation,Toda Proposition 5.11,Proposition 5.11,reference_plus_semantic_fact,meaningful_generic_rendering_available,False,,Toda Proposition 5.11 pi_14^8 nu_8 squared,$\pi_{14}^{8} = \mathbb{Z}/2\{\nu_{8}\nu_{11}\}$
15,6,pi_21^15,3,Toda45IsomorphismStatement,Toda (4.5),(4.5),reference_plus_semantic_fact,meaningful_generic_rendering_available,False,,Toda 4.5 stable-range iterated suspension isomorphism,$E^{n - 8}: \pi_{8 + 6}^{8} \to \pi_{n + 6}^{n}$ は同型写像である.
15,7,pi_22^15,2,Relation,Toda Proposition 5.15,Proposition 5.15,reference_plus_semantic_fact,meaningful_generic_rendering_available,False,,Toda Proposition 5.15 pi_16^9 generated by sigma_9,$\pi_{16}^{9} = \mathbb{Z}/16\{\sigma_{9}\}$
15,7,pi_22^15,3,Toda45IsomorphismStatement,Toda (4.5),(4.5),reference_plus_semantic_fact,meaningful_generic_rendering_available,False,,Toda 4.5 stable-range iterated suspension isomorphism,$E^{n - 9}: \pi_{9 + 7}^{9} \to \pi_{n + 7}^{n}$ は同型写像である.
15,7,pi_22^15,4,TodaSigmaFamilyDefinitionStatement,Toda Lemma 5.14,Lemma 5.14,reference_plus_semantic_fact,meaningful_generic_rendering_available,False,,Toda Lemma 5.14 sigma-family definition,$\sigma_{n}$ を \(\sigma\)-family の元として定める.
