n,k,stem,group,nodes,blocks,arguments,typed_reasons,other_blocks,other_steps,fallback_steps,other_fallback_overlap_steps
2,0,0,pi_2^2,1,1,1,0,0,0,0,0
2,1,1,pi_3^2,6,4,1,0,1,1,1,1
2,2,2,pi_4^2,8,5,1,2,0,0,3,0
2,3,3,pi_5^2,9,6,1,2,0,0,3,0
2,4,4,pi_6^2,12,6,1,1,1,2,5,2
2,5,5,pi_7^2,9,7,1,2,1,1,4,1
2,6,6,pi_8^2,13,8,1,1,1,2,5,2
2,7,7,pi_9^2,10,6,1,0,1,2,5,2
3,0,0,pi_3^3,1,1,1,0,0,0,0,0
3,1,1,pi_4^3,7,6,1,2,2,2,2,2
3,2,2,pi_5^3,10,7,1,2,2,2,3,2
3,3,3,pi_6^3,21,16,3,6,0,0,3,0
3,4,4,pi_7^3,14,8,1,1,3,4,4,4
3,5,5,pi_8^3,15,14,1,1,3,3,2,1
3,6,6,pi_9^3,10,10,1,0,5,5,3,3
3,7,7,pi_10^3,10,9,1,0,3,4,3,3
4,0,0,pi_4^4,1,1,1,0,0,0,0,0
4,1,1,pi_5^4,4,3,1,2,0,0,0,0
4,2,2,pi_6^4,11,8,1,2,2,2,2,2
4,3,3,pi_7^4,15,13,2,1,2,2,3,2
4,4,4,pi_8^4,14,14,1,1,3,3,5,3
4,5,5,pi_9^4,16,13,1,1,4,5,5,4
4,6,6,pi_10^4,10,10,1,2,3,3,4,3
4,7,7,pi_11^4,14,11,1,0,2,3,4,3
5,0,0,pi_5^5,1,1,1,0,0,0,0,0
5,1,1,pi_6^5,4,3,1,2,0,0,0,0
5,2,2,pi_7^5,4,3,1,2,0,0,0,0
5,3,3,pi_8^5,18,15,4,3,1,1,1,0
5,4,4,pi_9^5,19,17,2,1,1,1,2,0
5,5,5,pi_10^5,20,13,1,1,2,3,3,2
5,6,6,pi_11^5,14,11,1,4,3,3,2,1
5,7,7,pi_12^5,9,8,2,2,1,2,4,2
6,0,0,pi_6^6,1,1,1,0,0,0,0,0
6,1,1,pi_7^6,4,3,1,2,0,0,0,0
6,2,2,pi_8^6,4,3,1,2,0,0,0,0
6,3,3,pi_9^6,5,4,1,2,1,1,1,1
6,4,4,pi_10^6,5,4,1,0,2,2,2,2
6,5,5,pi_11^6,13,13,1,0,3,3,2,2
6,6,6,pi_12^6,10,6,1,2,0,0,0,0
6,7,7,pi_13^6,15,12,2,3,3,6,5,4
7,0,0,pi_7^7,1,1,1,0,0,0,0,0
7,1,1,pi_8^7,4,3,1,2,0,0,0,0
7,2,2,pi_9^7,4,3,1,2,0,0,0,0
7,3,3,pi_10^7,5,4,1,2,1,1,1,1
7,4,4,pi_11^7,5,4,1,0,2,2,2,2
7,5,5,pi_12^7,5,4,1,0,2,2,2,2
7,6,6,pi_13^7,7,4,1,2,0,0,0,0
7,7,7,pi_14^7,16,9,1,4,1,5,3,2
8,0,0,pi_8^8,1,1,1,0,0,0,0,0
8,1,1,pi_9^8,4,3,1,2,0,0,0,0
8,2,2,pi_10^8,4,3,1,2,0,0,0,0
8,3,3,pi_11^8,5,4,1,2,1,1,1,1
8,4,4,pi_12^8,5,4,1,0,2,2,2,2
8,5,5,pi_13^8,5,4,1,0,2,2,2,2
8,6,6,pi_14^8,7,6,1,2,0,0,1,0
8,7,7,pi_15^8,5,5,1,0,1,1,1,0
9,0,0,pi_9^9,1,1,1,0,0,0,0,0
9,1,1,pi_10^9,4,3,1,2,0,0,0,0
9,2,2,pi_11^9,4,3,1,2,0,0,0,0
9,3,3,pi_12^9,5,4,1,2,1,1,1,1
9,4,4,pi_13^9,5,4,1,0,2,2,2,2
9,5,5,pi_14^9,5,4,1,0,2,2,2,2
9,6,6,pi_15^9,5,4,1,2,2,2,2,2
9,7,7,pi_16^9,10,8,3,3,3,5,5,4
10,0,0,pi_10^10,1,1,1,0,0,0,0,0
10,1,1,pi_11^10,4,3,1,2,0,0,0,0
10,2,2,pi_12^10,4,3,1,2,0,0,0,0
10,3,3,pi_13^10,5,4,1,2,1,1,1,1
10,4,4,pi_14^10,5,4,1,0,2,2,2,2
10,5,5,pi_15^10,5,4,1,0,2,2,2,2
10,6,6,pi_16^10,5,4,1,2,2,2,2,2
10,7,7,pi_17^10,5,4,2,2,1,1,1,1
11,0,0,pi_11^11,1,1,1,0,0,0,0,0
11,1,1,pi_12^11,4,3,1,2,0,0,0,0
11,2,2,pi_13^11,4,3,1,2,0,0,0,0
11,3,3,pi_14^11,5,4,1,2,1,1,1,1
11,4,4,pi_15^11,5,4,1,0,2,2,2,2
11,5,5,pi_16^11,5,4,1,0,2,2,2,2
11,6,6,pi_17^11,5,4,1,2,2,2,2,2
11,7,7,pi_18^11,5,4,2,2,1,1,1,1
12,0,0,pi_12^12,1,1,1,0,0,0,0,0
12,1,1,pi_13^12,4,3,1,2,0,0,0,0
12,2,2,pi_14^12,4,3,1,2,0,0,0,0
12,3,3,pi_15^12,5,4,1,2,1,1,1,1
12,4,4,pi_16^12,5,4,1,0,2,2,2,2
12,5,5,pi_17^12,5,4,1,0,2,2,2,2
12,6,6,pi_18^12,5,4,1,2,2,2,2,2
12,7,7,pi_19^12,5,4,2,2,1,1,1,1
13,0,0,pi_13^13,1,1,1,0,0,0,0,0
13,1,1,pi_14^13,4,3,1,2,0,0,0,0
13,2,2,pi_15^13,4,3,1,2,0,0,0,0
13,3,3,pi_16^13,5,4,1,2,1,1,1,1
13,4,4,pi_17^13,5,4,1,0,2,2,2,2
13,5,5,pi_18^13,5,4,1,0,2,2,2,2
13,6,6,pi_19^13,5,4,1,2,2,2,2,2
13,7,7,pi_20^13,5,4,2,2,1,1,1,1
14,0,0,pi_14^14,1,1,1,0,0,0,0,0
14,1,1,pi_15^14,4,3,1,2,0,0,0,0
14,2,2,pi_16^14,4,3,1,2,0,0,0,0
14,3,3,pi_17^14,5,4,1,2,1,1,1,1
14,4,4,pi_18^14,5,4,1,0,2,2,2,2
14,5,5,pi_19^14,5,4,1,0,2,2,2,2
14,6,6,pi_20^14,5,4,1,2,2,2,2,2
14,7,7,pi_21^14,5,4,2,2,1,1,1,1
15,0,0,pi_15^15,1,1,1,0,0,0,0,0
15,1,1,pi_16^15,4,3,1,2,0,0,0,0
15,2,2,pi_17^15,4,3,1,2,0,0,0,0
15,3,3,pi_18^15,5,4,1,2,1,1,1,1
15,4,4,pi_19^15,5,4,1,0,2,2,2,2
15,5,5,pi_20^15,5,4,1,0,2,2,2,2
15,6,6,pi_21^15,5,4,1,2,2,2,2,2
15,7,7,pi_22^15,5,4,2,2,1,1,1,1
