n,k,group,intro_absent,reference_body_nonempty,first_reference_is_r1,valid
2,0,pi_2^2,True,False,True,True
2,1,pi_3^2,True,False,True,True
2,2,pi_4^2,True,True,True,True
2,3,pi_5^2,True,True,True,True
2,4,pi_6^2,True,True,True,True
2,5,pi_7^2,True,True,True,True
2,6,pi_8^2,True,True,True,True
2,7,pi_9^2,True,True,True,True
3,0,pi_3^3,True,False,True,True
3,1,pi_4^3,True,False,True,True
3,2,pi_5^3,True,True,True,True
3,3,pi_6^3,True,True,True,True
3,4,pi_7^3,True,True,True,True
3,5,pi_8^3,True,True,True,True
3,6,pi_9^3,True,True,True,True
3,7,pi_10^3,True,True,True,True
4,0,pi_4^4,True,False,True,True
4,1,pi_5^4,True,True,True,True
4,2,pi_6^4,True,True,True,True
4,3,pi_7^4,True,True,True,True
4,4,pi_8^4,True,True,True,True
4,5,pi_9^4,True,True,True,True
4,6,pi_10^4,True,True,True,True
4,7,pi_11^4,True,True,True,True
5,0,pi_5^5,True,False,True,True
5,1,pi_6^5,True,True,True,True
5,2,pi_7^5,True,True,True,True
5,3,pi_8^5,True,True,True,True
5,4,pi_9^5,True,True,True,True
5,5,pi_10^5,True,True,True,True
5,6,pi_11^5,True,True,True,True
5,7,pi_12^5,True,True,True,True
6,0,pi_6^6,True,False,True,True
6,1,pi_7^6,True,True,True,True
6,2,pi_8^6,True,True,True,True
6,3,pi_9^6,True,True,True,True
6,4,pi_10^6,True,True,True,True
6,5,pi_11^6,True,True,True,True
6,6,pi_12^6,True,True,True,True
6,7,pi_13^6,True,True,True,True
7,0,pi_7^7,True,False,True,True
7,1,pi_8^7,True,True,True,True
7,2,pi_9^7,True,True,True,True
7,3,pi_10^7,True,True,True,True
7,4,pi_11^7,True,True,True,True
7,5,pi_12^7,True,False,True,True
7,6,pi_13^7,True,True,True,True
7,7,pi_14^7,True,True,True,True
8,0,pi_8^8,True,False,True,True
8,1,pi_9^8,True,True,True,True
8,2,pi_10^8,True,True,True,True
8,3,pi_11^8,True,True,True,True
8,4,pi_12^8,True,True,True,True
8,5,pi_13^8,True,True,True,True
8,6,pi_14^8,True,False,True,True
8,7,pi_15^8,True,True,True,True
9,0,pi_9^9,True,False,True,True
9,1,pi_10^9,True,True,True,True
9,2,pi_11^9,True,True,True,True
9,3,pi_12^9,True,True,True,True
9,4,pi_13^9,True,True,True,True
9,5,pi_14^9,True,True,True,True
9,6,pi_15^9,True,True,True,True
9,7,pi_16^9,True,True,True,True
10,0,pi_10^10,True,False,True,True
10,1,pi_11^10,True,True,True,True
10,2,pi_12^10,True,True,True,True
10,3,pi_13^10,True,True,True,True
10,4,pi_14^10,True,True,True,True
10,5,pi_15^10,True,True,True,True
10,6,pi_16^10,True,True,True,True
10,7,pi_17^10,True,True,True,True
11,0,pi_11^11,True,False,True,True
11,1,pi_12^11,True,True,True,True
11,2,pi_13^11,True,True,True,True
11,3,pi_14^11,True,True,True,True
11,4,pi_15^11,True,True,True,True
11,5,pi_16^11,True,True,True,True
11,6,pi_17^11,True,True,True,True
11,7,pi_18^11,True,True,True,True
12,0,pi_12^12,True,False,True,True
12,1,pi_13^12,True,True,True,True
12,2,pi_14^12,True,True,True,True
12,3,pi_15^12,True,True,True,True
12,4,pi_16^12,True,True,True,True
12,5,pi_17^12,True,True,True,True
12,6,pi_18^12,True,True,True,True
12,7,pi_19^12,True,True,True,True
13,0,pi_13^13,True,False,True,True
13,1,pi_14^13,True,True,True,True
13,2,pi_15^13,True,True,True,True
13,3,pi_16^13,True,True,True,True
13,4,pi_17^13,True,True,True,True
13,5,pi_18^13,True,True,True,True
13,6,pi_19^13,True,True,True,True
13,7,pi_20^13,True,True,True,True
14,0,pi_14^14,True,False,True,True
14,1,pi_15^14,True,True,True,True
14,2,pi_16^14,True,True,True,True
14,3,pi_17^14,True,True,True,True
14,4,pi_18^14,True,True,True,True
14,5,pi_19^14,True,True,True,True
14,6,pi_20^14,True,True,True,True
14,7,pi_21^14,True,True,True,True
15,0,pi_15^15,True,False,True,True
15,1,pi_16^15,True,True,True,True
15,2,pi_17^15,True,True,True,True
15,3,pi_18^15,True,True,True,True
15,4,pi_19^15,True,True,True,True
15,5,pi_20^15,True,True,True,True
15,6,pi_21^15,True,True,True,True
15,7,pi_22^15,True,True,True,True
