n,k,source_theorem,reference_number,reference,classification,selected_statement_type,selected_statement,root_statement_type,root_statement,selected_is_root_identity,same_source_theorem
2,2,Toda Proposition 5.3,1,(5.2),selected_root_step_identity,Relation,$\pi_{4}^{2} = \mathbb{Z}/2\{\eta_{2}\eta_{3}\}$,Relation,$\pi_{4}^{2} = \mathbb{Z}/2\{\eta_{2}\eta_{3}\}$,True,False
2,2,Toda Proposition 5.3,2,(5.2),not_self_reference,Toda52CompositionIsomorphismStatement,$\eta_{2}\circ -: \pi_{i}^{3} \to \pi_{i}^{2}$ は同型写像である.,Relation,$\pi_{4}^{2} = \mathbb{Z}/2\{\eta_{2}\eta_{3}\}$,False,False
2,2,Toda Proposition 5.3,3,Proposition 4.4,not_self_reference,TodaProp44IsomorphismStatement,"$(\beta, γ) \mapsto E\beta + \eta_{2}γ: \pi_{i - 1}^{1} \oplus \pi_{i}^{3} \to \pi_{i}^{2}$ は同型写像である.",Relation,$\pi_{4}^{2} = \mathbb{Z}/2\{\eta_{2}\eta_{3}\}$,False,False
2,2,Toda Proposition 5.3,3,Proposition 4.4,not_self_reference,TodaProp44SecondSummandRestrictionStatement,分解写像の第二成分は $\eta_{2}γ$ で与えられる.,Relation,$\pi_{4}^{2} = \mathbb{Z}/2\{\eta_{2}\eta_{3}\}$,False,False
2,3,Toda Proposition 5.6,1,Proposition 5.6,selected_root_step_identity,Relation,$\pi_{5}^{2} = \mathbb{Z}/2\{\eta_{2}\eta_{3}\eta_{4}\}$,Relation,$\pi_{5}^{2} = \mathbb{Z}/2\{\eta_{2}\eta_{3}\eta_{4}\}$,True,True
2,3,Toda Proposition 5.6,2,Proposition 5.3,not_self_reference,Relation,$\pi_{5}^{3} = \mathbb{Z}/2\{\eta_{3}\eta_{4}\}$,Relation,$\pi_{5}^{2} = \mathbb{Z}/2\{\eta_{2}\eta_{3}\eta_{4}\}$,False,False
2,3,Toda Proposition 5.6,2,Proposition 5.3,not_self_reference,TodaSuspensionIsomorphismStatement,$E: \pi_{4}^{2} \to \pi_{5}^{3}$ は同型写像である.,Relation,$\pi_{5}^{2} = \mathbb{Z}/2\{\eta_{2}\eta_{3}\eta_{4}\}$,False,False
2,3,Toda Proposition 5.6,2,Proposition 5.3,not_self_reference,Relation,$E\eta_{2}\eta_{3} = \eta_{3}^{2}$,Relation,$\pi_{5}^{2} = \mathbb{Z}/2\{\eta_{2}\eta_{3}\eta_{4}\}$,False,False
2,3,Toda Proposition 5.6,3,(5.2),not_self_reference,Toda52CompositionIsomorphismStatement,$\eta_{2}\circ -: \pi_{i}^{3} \to \pi_{i}^{2}$ は同型写像である.,Relation,$\pi_{5}^{2} = \mathbb{Z}/2\{\eta_{2}\eta_{3}\eta_{4}\}$,False,False
2,3,Toda Proposition 5.6,4,(5.2),not_self_reference,Relation,$\pi_{4}^{2} = \mathbb{Z}/2\{\eta_{2}\eta_{3}\}$,Relation,$\pi_{5}^{2} = \mathbb{Z}/2\{\eta_{2}\eta_{3}\eta_{4}\}$,False,False
2,3,Toda Proposition 5.6,5,Proposition 4.4,not_self_reference,TodaProp44IsomorphismStatement,"$(\beta, γ) \mapsto E\beta + \eta_{2}γ: \pi_{i - 1}^{1} \oplus \pi_{i}^{3} \to \pi_{i}^{2}$ は同型写像である.",Relation,$\pi_{5}^{2} = \mathbb{Z}/2\{\eta_{2}\eta_{3}\eta_{4}\}$,False,False
2,3,Toda Proposition 5.6,5,Proposition 4.4,not_self_reference,TodaProp44SecondSummandRestrictionStatement,分解写像の第二成分は $\eta_{2}γ$ で与えられる.,Relation,$\pi_{5}^{2} = \mathbb{Z}/2\{\eta_{2}\eta_{3}\eta_{4}\}$,False,False
2,4,Toda Proposition 5.8,1,Lemma 5.7,selected_root_step_identity,Relation,$\pi_{6}^{2} = \mathbb{Z}/4\{\eta_{2}\nu'\}$,Relation,$\pi_{6}^{2} = \mathbb{Z}/4\{\eta_{2}\nu'\}$,True,False
2,4,Toda Proposition 5.8,2,Proposition 5.6,not_self_reference,TodaProp56FiniteDimensionalStatement,"$\pi_{5}^{2} = \mathbb{Z}/2\{\eta_{2}\eta_{3}\eta_{4}\}$, $\pi_{6}^{3} = \mathbb{Z}/4\{\nu'\}$, $\pi_{7}^{4} = \mathbb{Z}\{\nu_{4}\} \oplus \mathbb{Z}/4\{E\nu'\}$, $\pi_{8}^{5} = \mathbb{Z}/8\{\nu_{5}\}$, $\pi_{n + 3}^{n} = \mathbb{Z}/8\{\nu_{n}\}$, $n \ge 6$ が成り立つ.",Relation,$\pi_{6}^{2} = \mathbb{Z}/4\{\eta_{2}\nu'\}$,False,False
2,4,Toda Proposition 5.8,2,Proposition 5.6,not_self_reference,Relation,$\pi_{5}^{2} = \mathbb{Z}/2\{\eta_{2}\eta_{3}\eta_{4}\}$,Relation,$\pi_{6}^{2} = \mathbb{Z}/4\{\eta_{2}\nu'\}$,False,False
2,4,Toda Proposition 5.8,2,Proposition 5.6,not_self_reference,Relation,$\pi_{6}^{3} = \mathbb{Z}/4\{\nu'\}$,Relation,$\pi_{6}^{2} = \mathbb{Z}/4\{\eta_{2}\nu'\}$,False,False
2,4,Toda Proposition 5.8,2,Proposition 5.6,not_self_reference,Relation,$\pi_{7}^{4} = \mathbb{Z}\{\nu_{4}\} \oplus \mathbb{Z}/4\{E\nu'\}$,Relation,$\pi_{6}^{2} = \mathbb{Z}/4\{\eta_{2}\nu'\}$,False,False
2,4,Toda Proposition 5.8,2,Proposition 5.6,not_self_reference,Relation,$\pi_{8}^{5} = \mathbb{Z}/8\{\nu_{5}\}$,Relation,$\pi_{6}^{2} = \mathbb{Z}/4\{\eta_{2}\nu'\}$,False,False
2,4,Toda Proposition 5.8,2,Proposition 5.6,not_self_reference,Relation,$\pi_{n + 3}^{n} = \mathbb{Z}/8\{\nu_{n}\}$,Relation,$\pi_{6}^{2} = \mathbb{Z}/4\{\eta_{2}\nu'\}$,False,False
2,4,Toda Proposition 5.8,3,(5.2),not_self_reference,Toda52CompositionIsomorphismStatement,$\eta_{2}\circ -: \pi_{i}^{3} \to \pi_{i}^{2}$ は同型写像である.,Relation,$\pi_{6}^{2} = \mathbb{Z}/4\{\eta_{2}\nu'\}$,False,False
2,4,Toda Proposition 5.8,4,Proposition 4.4,not_self_reference,TodaProp44IsomorphismStatement,"$(\beta, γ) \mapsto E\beta + \eta_{2}γ: \pi_{i - 1}^{1} \oplus \pi_{i}^{3} \to \pi_{i}^{2}$ は同型写像である.",Relation,$\pi_{6}^{2} = \mathbb{Z}/4\{\eta_{2}\nu'\}$,False,False
2,4,Toda Proposition 5.8,4,Proposition 4.4,not_self_reference,TodaProp44SecondSummandRestrictionStatement,分解写像の第二成分は $\eta_{2}γ$ で与えられる.,Relation,$\pi_{6}^{2} = \mathbb{Z}/4\{\eta_{2}\nu'\}$,False,False
2,5,Toda Proposition 5.9,1,Proposition 5.9,selected_root_step_identity,Relation,$\pi_{7}^{2} = \mathbb{Z}/2\{\eta_{2}\nu'\eta_{6}\}$,Relation,$\pi_{7}^{2} = \mathbb{Z}/2\{\eta_{2}\nu'\eta_{6}\}$,True,True
2,5,Toda Proposition 5.9,2,Proposition 5.8,not_self_reference,Relation,$\pi_{7}^{3} = \mathbb{Z}/2\{\nu'\eta_{6}\}$,Relation,$\pi_{7}^{2} = \mathbb{Z}/2\{\eta_{2}\nu'\eta_{6}\}$,False,False
2,5,Toda Proposition 5.9,3,(5.2),not_self_reference,Toda52CompositionIsomorphismStatement,$\eta_{2}\circ -: \pi_{i}^{3} \to \pi_{i}^{2}$ は同型写像である.,Relation,$\pi_{7}^{2} = \mathbb{Z}/2\{\eta_{2}\nu'\eta_{6}\}$,False,False
2,5,Toda Proposition 5.9,4,Equation 5.7,not_self_reference,Relation,$H\left(\nu'\eta_{6}\right) = \eta_{5}^{2}$,Relation,$\pi_{7}^{2} = \mathbb{Z}/2\{\eta_{2}\nu'\eta_{6}\}$,False,False
2,5,Toda Proposition 5.9,5,Proposition 5.3,not_self_reference,TodaProp53FiniteDimensionalStatement,"$\pi_{4}^{2} = \mathbb{Z}/2\{\eta_{2}\eta_{3}\}$, $\pi_{5}^{3} = \mathbb{Z}/2\{\eta_{3}\eta_{4}\}$, $\pi_{6}^{4} = \mathbb{Z}/2\{\eta_{4}\eta_{5}\}$, $\pi_{n + 2}^{n} = \mathbb{Z}/2\{\eta_{n}\eta_{n + 1}\}$, $n \ge 5$ が成り立つ.",Relation,$\pi_{7}^{2} = \mathbb{Z}/2\{\eta_{2}\nu'\eta_{6}\}$,False,False
2,5,Toda Proposition 5.9,6,Proposition 4.4,not_self_reference,TodaProp44IsomorphismStatement,"$(\beta, γ) \mapsto E\beta + \eta_{2}γ: \pi_{i - 1}^{1} \oplus \pi_{i}^{3} \to \pi_{i}^{2}$ は同型写像である.",Relation,$\pi_{7}^{2} = \mathbb{Z}/2\{\eta_{2}\nu'\eta_{6}\}$,False,False
2,5,Toda Proposition 5.9,6,Proposition 4.4,not_self_reference,TodaProp44SecondSummandRestrictionStatement,分解写像の第二成分は $\eta_{2}γ$ で与えられる.,Relation,$\pi_{7}^{2} = \mathbb{Z}/2\{\eta_{2}\nu'\eta_{6}\}$,False,False
2,6,Toda Proposition 5.11,1,Proposition 5.11,selected_root_step_identity,Relation,$\pi_{8}^{2} = \mathbb{Z}/2\{\eta_{2}\nu'\eta_{6}\eta_{7}\}$,Relation,$\pi_{8}^{2} = \mathbb{Z}/2\{\eta_{2}\nu'\eta_{6}\eta_{7}\}$,True,True
2,6,Toda Proposition 5.11,2,Proposition 5.9,not_self_reference,TodaProp59FiniteDimensionalStatement,"$\pi_{7}^{2} = \mathbb{Z}/2\{\eta_{2}\nu'\eta_{6}\}$, $\pi_{8}^{3} = \mathbb{Z}/2\{\nu'\eta_{6}\eta_{7}\}$, $\pi_{9}^{4} = \mathbb{Z}/2\{\nu_{4}\eta_{7}\eta_{8}\} \oplus \mathbb{Z}/2\{E\nu'\eta_{7}\eta_{8}\}$, $\pi_{10}^{5} = \mathbb{Z}/2\{\nu_{5}\eta_{8}\eta_{9}\}$, $\pi_{11}^{6} = \mathbb{Z}\{\Delta\left(\iota_{13}\right)\}$, $\pi_{n + 5}^{n} = 0$, $n \ge 7$ が成り立つ.",Relation,$\pi_{8}^{2} = \mathbb{Z}/2\{\eta_{2}\nu'\eta_{6}\eta_{7}\}$,False,False
2,6,Toda Proposition 5.11,2,Proposition 5.9,not_self_reference,Relation,$\pi_{7}^{2} = \mathbb{Z}/2\{\eta_{2}\nu'\eta_{6}\}$,Relation,$\pi_{8}^{2} = \mathbb{Z}/2\{\eta_{2}\nu'\eta_{6}\eta_{7}\}$,False,False
2,6,Toda Proposition 5.11,2,Proposition 5.9,not_self_reference,Relation,$\pi_{8}^{3} = \mathbb{Z}/2\{\nu'\eta_{6}\eta_{7}\}$,Relation,$\pi_{8}^{2} = \mathbb{Z}/2\{\eta_{2}\nu'\eta_{6}\eta_{7}\}$,False,False
2,6,Toda Proposition 5.11,2,Proposition 5.9,not_self_reference,Relation,$\pi_{9}^{4} = \mathbb{Z}/2\{\nu_{4}\eta_{7}\eta_{8}\} \oplus \mathbb{Z}/2\{E\nu'\eta_{7}\eta_{8}\}$,Relation,$\pi_{8}^{2} = \mathbb{Z}/2\{\eta_{2}\nu'\eta_{6}\eta_{7}\}$,False,False
2,6,Toda Proposition 5.11,2,Proposition 5.9,not_self_reference,Relation,$\pi_{10}^{5} = \mathbb{Z}/2\{\nu_{5}\eta_{8}\eta_{9}\}$,Relation,$\pi_{8}^{2} = \mathbb{Z}/2\{\eta_{2}\nu'\eta_{6}\eta_{7}\}$,False,False
2,6,Toda Proposition 5.11,2,Proposition 5.9,not_self_reference,Relation,$\pi_{11}^{6} = \mathbb{Z}\{\Delta\left(\iota_{13}\right)\}$,Relation,$\pi_{8}^{2} = \mathbb{Z}/2\{\eta_{2}\nu'\eta_{6}\eta_{7}\}$,False,False
2,6,Toda Proposition 5.11,2,Proposition 5.9,not_self_reference,TodaPrimaryGroupZeroStatement,$\pi_{n + 5}^{n} = 0$,Relation,$\pi_{8}^{2} = \mathbb{Z}/2\{\eta_{2}\nu'\eta_{6}\eta_{7}\}$,False,False
2,6,Toda Proposition 5.11,3,(5.2),not_self_reference,Toda52CompositionIsomorphismStatement,$\eta_{2}\circ -: \pi_{i}^{3} \to \pi_{i}^{2}$ は同型写像である.,Relation,$\pi_{8}^{2} = \mathbb{Z}/2\{\eta_{2}\nu'\eta_{6}\eta_{7}\}$,False,False
2,6,Toda Proposition 5.11,4,Proposition 4.4,not_self_reference,TodaProp44IsomorphismStatement,"$(\beta, γ) \mapsto E\beta + \eta_{2}γ: \pi_{i - 1}^{1} \oplus \pi_{i}^{3} \to \pi_{i}^{2}$ は同型写像である.",Relation,$\pi_{8}^{2} = \mathbb{Z}/2\{\eta_{2}\nu'\eta_{6}\eta_{7}\}$,False,False
2,6,Toda Proposition 5.11,4,Proposition 4.4,not_self_reference,TodaProp44SecondSummandRestrictionStatement,分解写像の第二成分は $\eta_{2}γ$ で与えられる.,Relation,$\pi_{8}^{2} = \mathbb{Z}/2\{\eta_{2}\nu'\eta_{6}\eta_{7}\}$,False,False
2,7,Toda Proposition 5.15,1,Proposition 5.15,selected_root_step_identity,TodaPrimaryGroupZeroStatement,$\pi_{9}^{2} = 0$,TodaPrimaryGroupZeroStatement,$\pi_{9}^{2} = 0$,True,True
2,7,Toda Proposition 5.15,2,Proposition 5.11,not_self_reference,TodaProp511FiniteDimensionalStatement,"$\pi_{8}^{2} = \mathbb{Z}/2\{\eta_{2}\nu'\eta_{6}\eta_{7}\}$, $\pi_{9}^{3} = 0$, $\pi_{10}^{4} = \mathbb{Z}/8\{\nu_{4}\nu_{7}\}$, $\pi_{11}^{5} = \mathbb{Z}/2\{\nu_{5}\nu_{8}\}$, $\pi_{12}^{6} = \mathbb{Z}/2\{\nu_{6}\nu_{9}\}$, $\pi_{13}^{7} = \mathbb{Z}/2\{\nu_{7}\nu_{10}\}$, $\pi_{14}^{8} = \mathbb{Z}/2\{\nu_{8}\nu_{11}\}$, $\pi_{n + 6}^{n} = \mathbb{Z}/2\{\nu_{n}\nu_{n + 3}\}$, $n \ge 9$ が成り立つ.",TodaPrimaryGroupZeroStatement,$\pi_{9}^{2} = 0$,False,False
2,7,Toda Proposition 5.15,2,Proposition 5.11,not_self_reference,Relation,$\pi_{8}^{2} = \mathbb{Z}/2\{\eta_{2}\nu'\eta_{6}\eta_{7}\}$,TodaPrimaryGroupZeroStatement,$\pi_{9}^{2} = 0$,False,False
2,7,Toda Proposition 5.15,2,Proposition 5.11,not_self_reference,TodaPrimaryGroupZeroStatement,$\pi_{9}^{3} = 0$,TodaPrimaryGroupZeroStatement,$\pi_{9}^{2} = 0$,False,False
2,7,Toda Proposition 5.15,2,Proposition 5.11,not_self_reference,Relation,$\pi_{10}^{4} = \mathbb{Z}/8\{\nu_{4}\nu_{7}\}$,TodaPrimaryGroupZeroStatement,$\pi_{9}^{2} = 0$,False,False
2,7,Toda Proposition 5.15,2,Proposition 5.11,not_self_reference,TodaProp511NuSquaredFiniteDimensionalStatement,"$\pi_{11}^{5} = \mathbb{Z}/2\{\nu_{5}\nu_{8}\}$, $\pi_{12}^{6} = \mathbb{Z}/2\{\nu_{6}\nu_{9}\}$, $\pi_{13}^{7} = \mathbb{Z}/2\{\nu_{7}\nu_{10}\}$, $\pi_{14}^{8} = \mathbb{Z}/2\{\nu_{8}\nu_{11}\}$, $\pi_{n + 6}^{n} = \mathbb{Z}/2\{\nu_{n}\nu_{n + 3}\}$, $n \ge 9$ が成り立つ.",TodaPrimaryGroupZeroStatement,$\pi_{9}^{2} = 0$,False,False
2,7,Toda Proposition 5.15,3,(5.2),not_self_reference,Toda52CompositionIsomorphismStatement,$\eta_{2}\circ -: \pi_{i}^{3} \to \pi_{i}^{2}$ は同型写像である.,TodaPrimaryGroupZeroStatement,$\pi_{9}^{2} = 0$,False,False
2,7,Toda Proposition 5.15,4,Proposition 4.4,not_self_reference,TodaProp44IsomorphismStatement,"$(\beta, γ) \mapsto E\beta + \eta_{2}γ: \pi_{i - 1}^{1} \oplus \pi_{i}^{3} \to \pi_{i}^{2}$ は同型写像である.",TodaPrimaryGroupZeroStatement,$\pi_{9}^{2} = 0$,False,False
2,7,Toda Proposition 5.15,4,Proposition 4.4,not_self_reference,TodaProp44SecondSummandRestrictionStatement,分解写像の第二成分は $\eta_{2}γ$ で与えられる.,TodaPrimaryGroupZeroStatement,$\pi_{9}^{2} = 0$,False,False
3,2,Toda Proposition 5.3,1,Proposition 5.3,same_source_theorem_only,TodaSuspensionIsomorphismStatement,$E: \pi_{4}^{2} \to \pi_{5}^{3}$ は同型写像である.,Relation,$\pi_{5}^{3} = \mathbb{Z}/2\{\eta_{3}\eta_{4}\}$,False,True
3,2,Toda Proposition 5.3,1,Proposition 5.3,same_source_theorem_only,Relation,$E\eta_{2}\eta_{3} = \eta_{3}^{2}$,Relation,$\pi_{5}^{3} = \mathbb{Z}/2\{\eta_{3}\eta_{4}\}$,False,True
3,2,Toda Proposition 5.3,1,Proposition 5.3,same_source_theorem_only,TodaSuspensionInjectiveStatement,$E: \pi_{4}^{2} \to \pi_{5}^{3}$ は単射である.,Relation,$\pi_{5}^{3} = \mathbb{Z}/2\{\eta_{3}\eta_{4}\}$,False,True
3,2,Toda Proposition 5.3,1,Proposition 5.3,same_source_theorem_only,TodaSuspensionSurjectiveStatement,$E: \pi_{4}^{2} \to \pi_{5}^{3}$ は全射である.,Relation,$\pi_{5}^{3} = \mathbb{Z}/2\{\eta_{3}\eta_{4}\}$,False,True
3,2,Toda Proposition 5.3,2,(5.2),not_self_reference,Relation,$\pi_{4}^{2} = \mathbb{Z}/2\{\eta_{2}\eta_{3}\}$,Relation,$\pi_{5}^{3} = \mathbb{Z}/2\{\eta_{3}\eta_{4}\}$,False,False
3,2,Toda Proposition 5.3,3,(5.2),not_self_reference,Toda52CompositionIsomorphismStatement,$\eta_{2}\circ -: \pi_{i}^{3} \to \pi_{i}^{2}$ は同型写像である.,Relation,$\pi_{5}^{3} = \mathbb{Z}/2\{\eta_{3}\eta_{4}\}$,False,False
3,3,Toda Proposition 5.6,1,Proposition 5.6,same_source_theorem_only,Relation,$\operatorname{ord}\left(\nu'\right) = 4$,Relation,$\pi_{6}^{3} = \mathbb{Z}/4\{\nu'\}$,False,True
3,3,Toda Proposition 5.6,1,Proposition 5.6,same_source_theorem_only,Relation,$\pi_{5}^{2} = \mathbb{Z}/2\{\eta_{2}\eta_{3}\eta_{4}\}$,Relation,$\pi_{6}^{3} = \mathbb{Z}/4\{\nu'\}$,False,True
3,3,Toda Proposition 5.6,1,Proposition 5.6,same_source_theorem_only,TodaSuspensionInjectiveStatement,$E: \pi_{5}^{2} \to \pi_{6}^{3}$ は単射である.,Relation,$\pi_{6}^{3} = \mathbb{Z}/4\{\nu'\}$,False,True
3,3,Toda Proposition 5.6,1,Proposition 5.6,same_source_theorem_only,Relation,$\operatorname{ord}\left(\eta_{3}^{3}\right) = 2$,Relation,$\pi_{6}^{3} = \mathbb{Z}/4\{\nu'\}$,False,True
3,3,Toda Proposition 5.6,1,Proposition 5.6,same_source_theorem_only,TodaDeltaZeroStatement,$\Delta: \pi_{7}^{5} \to \pi_{5}^{2}$ は零写像である.,Relation,$\pi_{6}^{3} = \mathbb{Z}/4\{\nu'\}$,False,True
3,3,Toda Proposition 5.6,2,(5.3),not_self_reference,HomotopyGroupMembershipStatement,$\nu' \in \pi_{6}^{3}$,Relation,$\pi_{6}^{3} = \mathbb{Z}/4\{\nu'\}$,False,False
3,3,Toda Proposition 5.6,2,(5.3),not_self_reference,Relation,$2\eta_{3} = 0$,Relation,$\pi_{6}^{3} = \mathbb{Z}/4\{\nu'\}$,False,False
3,3,Toda Proposition 5.6,2,(5.3),not_self_reference,Relation,$2\nu' = \eta_{3}E\eta_{3}\eta_{5}$,Relation,$\pi_{6}^{3} = \mathbb{Z}/4\{\nu'\}$,False,False
3,3,Toda Proposition 5.6,3,Proposition 5.3,not_self_reference,TodaHopfInvariantSurjectiveStatement,$H: \pi_{6}^{3} \to \pi_{6}^{5}$ は全射である.,Relation,$\pi_{6}^{3} = \mathbb{Z}/4\{\nu'\}$,False,False
3,3,Toda Proposition 5.6,3,Proposition 5.3,not_self_reference,Relation,$\pi_{5}^{3} = \mathbb{Z}/2\{\eta_{3}\eta_{4}\}$,Relation,$\pi_{6}^{3} = \mathbb{Z}/4\{\nu'\}$,False,False
3,3,Toda Proposition 5.6,4,Lemma 5.4,not_self_reference,Relation,$\pi_{6}^{5} = \mathbb{Z}/2\{\eta_{5}\}$,Relation,$\pi_{6}^{3} = \mathbb{Z}/4\{\nu'\}$,False,False
3,3,Toda Proposition 5.6,5,(5.3) / Lemma 5.2,not_self_reference,Toda53NuPrimeBracketSpecializationStatement,"$\nu' \in \{\eta_{3}, 2\iota_{4}, \eta_{4}\}_{1}$ が成り立つ.",Relation,$\pi_{6}^{3} = \mathbb{Z}/4\{\nu'\}$,False,False
3,3,Toda Proposition 5.6,6,(5.2),not_self_reference,Toda52CompositionIsomorphismStatement,$\eta_{2}\circ -: \pi_{i}^{3} \to \pi_{i}^{2}$ は同型写像である.,Relation,$\pi_{6}^{3} = \mathbb{Z}/4\{\nu'\}$,False,False
3,3,Toda Proposition 5.6,7,Proposition 5.1,not_self_reference,TodaProp51FiniteDimensionalStatement,"$\pi_{3}^{2} = \mathbb{Z}\{\eta_{2}\}$, $H\left(\eta_{2}\right) = \iota_{3}$, $\Delta\left(\iota_{5}\right) = \pm 2\eta_{2}$, $\pi_{n + 1}^{n} = \mathbb{Z}/2\{\eta_{n}\}$ が成り立つ.",Relation,$\pi_{6}^{3} = \mathbb{Z}/4\{\nu'\}$,False,False
3,4,Toda Proposition 5.8,1,Proposition 5.8,same_source_theorem_only,TodaHopfInvariantInjectiveStatement,$H: \pi_{7}^{3} \to \pi_{7}^{5}$ は単射である.,Relation,$\pi_{7}^{3} = \mathbb{Z}/2\{\nu'\eta_{6}\}$,False,True
3,4,Toda Proposition 5.8,2,Equation 5.7,not_self_reference,Relation,$H\left(\nu'\eta_{6}\right) = \eta_{5}^{2}$,Relation,$\pi_{7}^{3} = \mathbb{Z}/2\{\nu'\eta_{6}\}$,False,False
3,4,Toda Proposition 5.8,3,Proposition 5.3,not_self_reference,TodaProp53FiniteDimensionalStatement,"$\pi_{4}^{2} = \mathbb{Z}/2\{\eta_{2}\eta_{3}\}$, $\pi_{5}^{3} = \mathbb{Z}/2\{\eta_{3}\eta_{4}\}$, $\pi_{6}^{4} = \mathbb{Z}/2\{\eta_{4}\eta_{5}\}$, $\pi_{n + 2}^{n} = \mathbb{Z}/2\{\eta_{n}\eta_{n + 1}\}$, $n \ge 5$ が成り立つ.",Relation,$\pi_{7}^{3} = \mathbb{Z}/2\{\nu'\eta_{6}\}$,False,False
3,4,Toda Proposition 5.8,3,Proposition 5.3,not_self_reference,Relation,$\pi_{5}^{3} = \mathbb{Z}/2\{\eta_{3}\eta_{4}\}$,Relation,$\pi_{7}^{3} = \mathbb{Z}/2\{\nu'\eta_{6}\}$,False,False
3,4,Toda Proposition 5.8,3,Proposition 5.3,not_self_reference,Relation,$\pi_{6}^{4} = \mathbb{Z}/2\{\eta_{4}\eta_{5}\}$,Relation,$\pi_{7}^{3} = \mathbb{Z}/2\{\nu'\eta_{6}\}$,False,False
3,4,Toda Proposition 5.8,3,Proposition 5.3,not_self_reference,Relation,$\pi_{n + 2}^{n} = \mathbb{Z}/2\{\eta_{n}\eta_{n + 1}\}$,Relation,$\pi_{7}^{3} = \mathbb{Z}/2\{\nu'\eta_{6}\}$,False,False
3,4,Toda Proposition 5.8,4,Proposition 5.6,not_self_reference,TodaHopfInvariantSurjectiveStatement,$H: \pi_{7}^{3} \to \pi_{7}^{5}$ は全射である.,Relation,$\pi_{7}^{3} = \mathbb{Z}/2\{\nu'\eta_{6}\}$,False,False
3,4,Toda Proposition 5.8,5,(5.2),not_self_reference,Relation,$\pi_{4}^{2} = \mathbb{Z}/2\{\eta_{2}\eta_{3}\}$,Relation,$\pi_{7}^{3} = \mathbb{Z}/2\{\nu'\eta_{6}\}$,False,False
3,5,Toda Proposition 5.9,1,Proposition 5.9,same_source_theorem_only,TodaHopfInvariantInjectiveStatement,$H: \pi_{8}^{3} \to \pi_{8}^{5}$ は単射である.,Relation,$\pi_{8}^{3} = \mathbb{Z}/2\{\nu'\eta_{6}\eta_{7}\}$,False,True
3,5,Toda Proposition 5.9,1,Proposition 5.9,same_source_theorem_only,TodaProp42ExactnessStatement,$\pi_{8}^{3} \xrightarrow{H} \pi_{8}^{5} \xrightarrow{\Delta} \pi_{6}^{2} \text{ is exact}$,Relation,$\pi_{8}^{3} = \mathbb{Z}/2\{\nu'\eta_{6}\eta_{7}\}$,False,True
3,5,Toda Proposition 5.9,1,Proposition 5.9,same_source_theorem_only,TodaProp59DeltaKernelStatement,$\ker\left(\Delta: \pi_{8}^{5} \to \pi_{6}^{2}\right) = \mathbb{Z}/2\{4\nu_{5}\}$,Relation,$\pi_{8}^{3} = \mathbb{Z}/2\{\nu'\eta_{6}\eta_{7}\}$,False,True
3,5,Toda Proposition 5.9,1,Proposition 5.9,same_source_theorem_only,Relation,$H\left(\nu'\eta_{6}\eta_{7}\right) = 4\nu_{5}$,Relation,$\pi_{8}^{3} = \mathbb{Z}/2\{\nu'\eta_{6}\eta_{7}\}$,False,True
3,5,Toda Proposition 5.9,1,Proposition 5.9,same_source_theorem_only,Relation,$E\eta_{2}\nu'\eta_{6} = 0$,Relation,$\pi_{8}^{3} = \mathbb{Z}/2\{\nu'\eta_{6}\eta_{7}\}$,False,True
3,5,Toda Proposition 5.9,1,Proposition 5.9,same_source_theorem_only,Relation,$\pi_{7}^{2} = \mathbb{Z}/2\{\eta_{2}\nu'\eta_{6}\}$,Relation,$\pi_{8}^{3} = \mathbb{Z}/2\{\nu'\eta_{6}\eta_{7}\}$,False,True
3,5,Toda Proposition 5.9,1,Proposition 5.9,same_source_theorem_only,TodaProp42ExactnessStatement,$\pi_{7}^{2} \xrightarrow{E} \pi_{8}^{3} \xrightarrow{H} \pi_{8}^{5} \text{ is exact}$,Relation,$\pi_{8}^{3} = \mathbb{Z}/2\{\nu'\eta_{6}\eta_{7}\}$,False,True
3,5,Toda Proposition 5.9,2,Lemma 5.7,not_self_reference,TodaDeltaImageUpToSignStatement,$\Delta\left(\nu_{5}\right) = \pm \eta_{2}\nu'$,Relation,$\pi_{8}^{3} = \mathbb{Z}/2\{\nu'\eta_{6}\eta_{7}\}$,False,False
3,5,Toda Proposition 5.9,2,Lemma 5.7,not_self_reference,Relation,$\pi_{6}^{2} = \mathbb{Z}/4\{\eta_{2}\nu'\}$,Relation,$\pi_{8}^{3} = \mathbb{Z}/2\{\nu'\eta_{6}\eta_{7}\}$,False,False
3,5,Toda Proposition 5.9,3,Proposition 5.6,not_self_reference,Relation,$\pi_{8}^{5} = \mathbb{Z}/8\{\nu_{5}\}$,Relation,$\pi_{8}^{3} = \mathbb{Z}/2\{\nu'\eta_{6}\eta_{7}\}$,False,False
3,5,Toda Proposition 5.9,4,Equation 5.7,not_self_reference,Relation,$H\left(\nu'\eta_{6}\right) = \eta_{5}^{2}$,Relation,$\pi_{8}^{3} = \mathbb{Z}/2\{\nu'\eta_{6}\eta_{7}\}$,False,False
3,5,Toda Proposition 5.9,5,(5.5),not_self_reference,Toda55NuFamilyFiniteDimensionalStatement,"$\nu_{n} = E^{n - 4}\nu_{4}$, $n \ge 5$, $2\nu_{n} = E^{n - 3}\nu'$, $4\nu_{n} = \eta_{n}\eta_{n + 1}\eta_{n + 2}$ が成り立つ.",Relation,$\pi_{8}^{3} = \mathbb{Z}/2\{\nu'\eta_{6}\eta_{7}\}$,False,False
3,6,Toda Proposition 5.11,1,Proposition 5.11,same_source_theorem_only,TodaHopfInvariantInjectiveStatement,$H: \pi_{9}^{3} \to \pi_{9}^{5}$ は単射である.,TodaPrimaryGroupZeroStatement,$\pi_{9}^{3} = 0$,False,True
3,6,Toda Proposition 5.11,1,Proposition 5.11,same_source_theorem_only,TodaDeltaInjectiveStatement,$\Delta: \pi_{9}^{5} \to \pi_{7}^{2}$ は単射である.,TodaPrimaryGroupZeroStatement,$\pi_{9}^{3} = 0$,False,True
3,6,Toda Proposition 5.11,1,Proposition 5.11,same_source_theorem_only,TodaProp42ExactnessStatement,$\pi_{9}^{3} \xrightarrow{H} \pi_{9}^{5} \xrightarrow{\Delta} \pi_{7}^{2} \text{ is exact}$,TodaPrimaryGroupZeroStatement,$\pi_{9}^{3} = 0$,False,True
3,6,Toda Proposition 5.11,1,Proposition 5.11,same_source_theorem_only,TodaSuspensionZeroStatement,$E: \pi_{8}^{2} \to \pi_{9}^{3} \text{ is the zero map}$,TodaPrimaryGroupZeroStatement,$\pi_{9}^{3} = 0$,False,True
3,6,Toda Proposition 5.11,1,Proposition 5.11,same_source_theorem_only,TodaProp42ExactnessStatement,$\pi_{8}^{2} \xrightarrow{E} \pi_{9}^{3} \xrightarrow{H} \pi_{9}^{5} \text{ is exact}$,TodaPrimaryGroupZeroStatement,$\pi_{9}^{3} = 0$,False,True
3,6,Toda Proposition 5.11,1,Proposition 5.11,same_source_theorem_only,TodaDeltaSurjectiveStatement,$\Delta: \pi_{9}^{5} \to \pi_{7}^{2}$ は全射である.,TodaPrimaryGroupZeroStatement,$\pi_{9}^{3} = 0$,False,True
3,6,Toda Proposition 5.11,2,Proposition 5.8,not_self_reference,TodaProp58FiniteDimensionalStatement,"$\pi_{6}^{2} = \mathbb{Z}/4\{\eta_{2}\nu'\}$, $\pi_{7}^{3} = \mathbb{Z}/2\{\nu'\eta_{6}\}$, $\pi_{8}^{4} = \mathbb{Z}/2\{\nu_{4}\eta_{7}\} \oplus \mathbb{Z}/2\{E\nu'\eta_{7}\}$, $\pi_{9}^{5} = \mathbb{Z}/2\{\nu_{5}\eta_{8}\}$, $\pi_{n + 4}^{n} = 0$, $n \ge 6$ が成り立つ.",TodaPrimaryGroupZeroStatement,$\pi_{9}^{3} = 0$,False,False
3,6,Toda Proposition 5.11,3,Proposition 5.9,not_self_reference,TodaProp59FiniteDimensionalStatement,"$\pi_{7}^{2} = \mathbb{Z}/2\{\eta_{2}\nu'\eta_{6}\}$, $\pi_{8}^{3} = \mathbb{Z}/2\{\nu'\eta_{6}\eta_{7}\}$, $\pi_{9}^{4} = \mathbb{Z}/2\{\nu_{4}\eta_{7}\eta_{8}\} \oplus \mathbb{Z}/2\{E\nu'\eta_{7}\eta_{8}\}$, $\pi_{10}^{5} = \mathbb{Z}/2\{\nu_{5}\eta_{8}\eta_{9}\}$, $\pi_{11}^{6} = \mathbb{Z}\{\Delta\left(\iota_{13}\right)\}$, $\pi_{n + 5}^{n} = 0$, $n \ge 7$ が成り立つ.",TodaPrimaryGroupZeroStatement,$\pi_{9}^{3} = 0$,False,False
3,7,Toda Proposition 5.15,1,Proposition 5.15,same_source_theorem_only,TodaDeltaInjectiveStatement,$\Delta: \pi_{10}^{5} \to \pi_{8}^{2}$ は単射である.,TodaPrimaryGroupZeroStatement,$\pi_{10}^{3} = 0$,False,True
3,7,Toda Proposition 5.15,1,Proposition 5.15,same_source_theorem_only,TodaProp42ExactnessStatement,$\pi_{10}^{3} \xrightarrow{H} \pi_{10}^{5} \xrightarrow{\Delta} \pi_{8}^{2} \text{ is exact}$,TodaPrimaryGroupZeroStatement,$\pi_{10}^{3} = 0$,False,True
3,7,Toda Proposition 5.15,1,Proposition 5.15,same_source_theorem_only,TodaPrimaryGroupZeroStatement,$\pi_{9}^{2} = 0$,TodaPrimaryGroupZeroStatement,$\pi_{10}^{3} = 0$,False,True
3,7,Toda Proposition 5.15,1,Proposition 5.15,same_source_theorem_only,TodaProp42ExactnessStatement,$\pi_{9}^{2} \xrightarrow{E} \pi_{10}^{3} \xrightarrow{H} \pi_{10}^{5} \text{ is exact}$,TodaPrimaryGroupZeroStatement,$\pi_{10}^{3} = 0$,False,True
3,7,Toda Proposition 5.15,1,Proposition 5.15,same_source_theorem_only,TodaDeltaSurjectiveStatement,$\Delta: \pi_{10}^{5} \to \pi_{8}^{2}$ は全射である.,TodaPrimaryGroupZeroStatement,$\pi_{10}^{3} = 0$,False,True
3,7,Toda Proposition 5.15,2,Proposition 5.9,not_self_reference,TodaProp59FiniteDimensionalStatement,"$\pi_{7}^{2} = \mathbb{Z}/2\{\eta_{2}\nu'\eta_{6}\}$, $\pi_{8}^{3} = \mathbb{Z}/2\{\nu'\eta_{6}\eta_{7}\}$, $\pi_{9}^{4} = \mathbb{Z}/2\{\nu_{4}\eta_{7}\eta_{8}\} \oplus \mathbb{Z}/2\{E\nu'\eta_{7}\eta_{8}\}$, $\pi_{10}^{5} = \mathbb{Z}/2\{\nu_{5}\eta_{8}\eta_{9}\}$, $\pi_{11}^{6} = \mathbb{Z}\{\Delta\left(\iota_{13}\right)\}$, $\pi_{n + 5}^{n} = 0$, $n \ge 7$ が成り立つ.",TodaPrimaryGroupZeroStatement,$\pi_{10}^{3} = 0$,False,False
3,7,Toda Proposition 5.15,3,Proposition 5.11,not_self_reference,TodaProp511FiniteDimensionalStatement,"$\pi_{8}^{2} = \mathbb{Z}/2\{\eta_{2}\nu'\eta_{6}\eta_{7}\}$, $\pi_{9}^{3} = 0$, $\pi_{10}^{4} = \mathbb{Z}/8\{\nu_{4}\nu_{7}\}$, $\pi_{11}^{5} = \mathbb{Z}/2\{\nu_{5}\nu_{8}\}$, $\pi_{12}^{6} = \mathbb{Z}/2\{\nu_{6}\nu_{9}\}$, $\pi_{13}^{7} = \mathbb{Z}/2\{\nu_{7}\nu_{10}\}$, $\pi_{14}^{8} = \mathbb{Z}/2\{\nu_{8}\nu_{11}\}$, $\pi_{n + 6}^{n} = \mathbb{Z}/2\{\nu_{n}\nu_{n + 3}\}$, $n \ge 9$ が成り立つ.",TodaPrimaryGroupZeroStatement,$\pi_{10}^{3} = 0$,False,False
4,1,Toda Proposition 5.1,1,(4.5),not_self_reference,Relation,$\pi_{n + 1}^{n} = \mathbb{Z}/2\{E^{n - 3}\eta_{3}\}$,Relation,$\pi_{5}^{4} = \mathbb{Z}/2\{\eta_{4}\}$,False,False
4,2,Toda Proposition 5.3,1,Proposition 5.3,same_source_theorem_only,Relation,$\pi_{5}^{3} = \mathbb{Z}/2\{\eta_{3}\eta_{4}\}$,Relation,$\pi_{6}^{4} = \mathbb{Z}/2\{\eta_{4}\eta_{5}\}$,False,True
4,2,Toda Proposition 5.3,1,Proposition 5.3,same_source_theorem_only,TodaSuspensionIsomorphismStatement,$E: \pi_{5}^{3} \to \pi_{6}^{4}$ は同型写像である.,Relation,$\pi_{6}^{4} = \mathbb{Z}/2\{\eta_{4}\eta_{5}\}$,False,True
4,2,Toda Proposition 5.3,1,Proposition 5.3,same_source_theorem_only,Relation,$E\eta_{3}\eta_{4} = \eta_{4}^{2}$,Relation,$\pi_{6}^{4} = \mathbb{Z}/2\{\eta_{4}\eta_{5}\}$,False,True
4,2,Toda Proposition 5.3,1,Proposition 5.3,same_source_theorem_only,TodaSuspensionIsomorphismStatement,$E: \pi_{4}^{2} \to \pi_{5}^{3}$ は同型写像である.,Relation,$\pi_{6}^{4} = \mathbb{Z}/2\{\eta_{4}\eta_{5}\}$,False,True
4,2,Toda Proposition 5.3,1,Proposition 5.3,same_source_theorem_only,Relation,$E\eta_{2}\eta_{3} = \eta_{3}^{2}$,Relation,$\pi_{6}^{4} = \mathbb{Z}/2\{\eta_{4}\eta_{5}\}$,False,True
4,2,Toda Proposition 5.3,1,Proposition 5.3,same_source_theorem_only,TodaProp44SuspensionInjectiveStatement,$E: \pi_{5}^{3} \to \pi_{6}^{4}$ は単射である.,Relation,$\pi_{6}^{4} = \mathbb{Z}/2\{\eta_{4}\eta_{5}\}$,False,True
4,2,Toda Proposition 5.3,1,Proposition 5.3,same_source_theorem_only,TodaSuspensionSurjectiveStatement,$E: \pi_{5}^{3} \to \pi_{6}^{4}$ は全射である.,Relation,$\pi_{6}^{4} = \mathbb{Z}/2\{\eta_{4}\eta_{5}\}$,False,True
4,2,Toda Proposition 5.3,2,(5.2),not_self_reference,Relation,$\pi_{4}^{2} = \mathbb{Z}/2\{\eta_{2}\eta_{3}\}$,Relation,$\pi_{6}^{4} = \mathbb{Z}/2\{\eta_{4}\eta_{5}\}$,False,False
4,3,Toda Proposition 5.6,1,Proposition 5.6,same_source_theorem_only,Relation,$\pi_{6}^{3} = \mathbb{Z}/4\{\nu'\}$,Relation,$\pi_{7}^{4} = \mathbb{Z}\{\nu_{4}\} \oplus \mathbb{Z}/4\{E\nu'\}$,False,True
4,3,Toda Proposition 5.6,1,Proposition 5.6,same_source_theorem_only,Relation,$\operatorname{ord}\left(\nu'\right) = 4$,Relation,$\pi_{7}^{4} = \mathbb{Z}\{\nu_{4}\} \oplus \mathbb{Z}/4\{E\nu'\}$,False,True
4,3,Toda Proposition 5.6,1,Proposition 5.6,same_source_theorem_only,Relation,$\pi_{5}^{2} = \mathbb{Z}/2\{\eta_{2}\eta_{3}\eta_{4}\}$,Relation,$\pi_{7}^{4} = \mathbb{Z}\{\nu_{4}\} \oplus \mathbb{Z}/4\{E\nu'\}$,False,True
4,3,Toda Proposition 5.6,1,Proposition 5.6,same_source_theorem_only,TodaSuspensionInjectiveStatement,$E: \pi_{5}^{2} \to \pi_{6}^{3}$ は単射である.,Relation,$\pi_{7}^{4} = \mathbb{Z}\{\nu_{4}\} \oplus \mathbb{Z}/4\{E\nu'\}$,False,True
4,3,Toda Proposition 5.6,2,Lemma 5.4,not_self_reference,TodaLemma54Statement,"$\nu_{4} \in \pi_{7}^{4}$, $H\left(\nu_{4}\right) = \iota_{7}$, $2E\nu_{4} = E^{2}\nu'$ が成り立つ.",Relation,$\pi_{7}^{4} = \mathbb{Z}\{\nu_{4}\} \oplus \mathbb{Z}/4\{E\nu'\}$,False,False
4,3,Toda Proposition 5.6,2,Lemma 5.4,not_self_reference,Relation,$\pi_{6}^{5} = \mathbb{Z}/2\{\eta_{5}\}$,Relation,$\pi_{7}^{4} = \mathbb{Z}\{\nu_{4}\} \oplus \mathbb{Z}/4\{E\nu'\}$,False,False
4,3,Toda Proposition 5.6,3,(5.3),not_self_reference,HomotopyGroupMembershipStatement,$\nu' \in \pi_{6}^{3}$,Relation,$\pi_{7}^{4} = \mathbb{Z}\{\nu_{4}\} \oplus \mathbb{Z}/4\{E\nu'\}$,False,False
4,3,Toda Proposition 5.6,4,Proposition 5.3,not_self_reference,TodaHopfInvariantSurjectiveStatement,$H: \pi_{6}^{3} \to \pi_{6}^{5}$ は全射である.,Relation,$\pi_{7}^{4} = \mathbb{Z}\{\nu_{4}\} \oplus \mathbb{Z}/4\{E\nu'\}$,False,False
4,4,Toda Proposition 5.8,1,Proposition 5.8,same_source_theorem_only,Relation,$\pi_{7}^{3} = \mathbb{Z}/2\{\nu'\eta_{6}\}$,Relation,$\pi_{8}^{4} = \mathbb{Z}/2\{\nu_{4}\eta_{7}\} \oplus \mathbb{Z}/2\{E\nu'\eta_{7}\}$,False,True
4,4,Toda Proposition 5.8,1,Proposition 5.8,same_source_theorem_only,Relation,$E\nu'\eta_{6} = E\nu'\eta_{7}$,Relation,$\pi_{8}^{4} = \mathbb{Z}/2\{\nu_{4}\eta_{7}\} \oplus \mathbb{Z}/2\{E\nu'\eta_{7}\}$,False,True
4,4,Toda Proposition 5.8,2,Proposition 5.1,not_self_reference,TodaProp51FiniteDimensionalStatement,"$\pi_{3}^{2} = \mathbb{Z}\{\eta_{2}\}$, $H\left(\eta_{2}\right) = \iota_{3}$, $\Delta\left(\iota_{5}\right) = \pm 2\eta_{2}$, $\pi_{n + 1}^{n} = \mathbb{Z}/2\{\eta_{n}\}$ が成り立つ.",Relation,$\pi_{8}^{4} = \mathbb{Z}/2\{\nu_{4}\eta_{7}\} \oplus \mathbb{Z}/2\{E\nu'\eta_{7}\}$,False,False
4,4,Toda Proposition 5.8,3,Lemma 5.4,not_self_reference,TodaLemma54Statement,"$\nu_{4} \in \pi_{7}^{4}$, $H\left(\nu_{4}\right) = \iota_{7}$, $2E\nu_{4} = E^{2}\nu'$ が成り立つ.",Relation,$\pi_{8}^{4} = \mathbb{Z}/2\{\nu_{4}\eta_{7}\} \oplus \mathbb{Z}/2\{E\nu'\eta_{7}\}$,False,False
4,4,Toda Proposition 5.8,4,Equation 5.7,not_self_reference,Relation,$H\left(\nu'\eta_{6}\right) = \eta_{5}^{2}$,Relation,$\pi_{8}^{4} = \mathbb{Z}/2\{\nu_{4}\eta_{7}\} \oplus \mathbb{Z}/2\{E\nu'\eta_{7}\}$,False,False
4,4,Toda Proposition 5.8,5,Proposition 5.3,not_self_reference,TodaProp53FiniteDimensionalStatement,"$\pi_{4}^{2} = \mathbb{Z}/2\{\eta_{2}\eta_{3}\}$, $\pi_{5}^{3} = \mathbb{Z}/2\{\eta_{3}\eta_{4}\}$, $\pi_{6}^{4} = \mathbb{Z}/2\{\eta_{4}\eta_{5}\}$, $\pi_{n + 2}^{n} = \mathbb{Z}/2\{\eta_{n}\eta_{n + 1}\}$, $n \ge 5$ が成り立つ.",Relation,$\pi_{8}^{4} = \mathbb{Z}/2\{\nu_{4}\eta_{7}\} \oplus \mathbb{Z}/2\{E\nu'\eta_{7}\}$,False,False
4,5,Toda Proposition 5.9,1,Proposition 5.9,same_source_theorem_only,Relation,$\pi_{8}^{3} = \mathbb{Z}/2\{\nu'\eta_{6}\eta_{7}\}$,Relation,$\pi_{9}^{4} = \mathbb{Z}/2\{\nu_{4}\eta_{7}\eta_{8}\} \oplus \mathbb{Z}/2\{E\nu'\eta_{7}\eta_{8}\}$,False,True
4,5,Toda Proposition 5.9,1,Proposition 5.9,same_source_theorem_only,Relation,$E\nu'\eta_{6}\eta_{7} = E\nu'\eta_{7}^{2}$,Relation,$\pi_{9}^{4} = \mathbb{Z}/2\{\nu_{4}\eta_{7}\eta_{8}\} \oplus \mathbb{Z}/2\{E\nu'\eta_{7}\eta_{8}\}$,False,True
4,5,Toda Proposition 5.9,1,Proposition 5.9,same_source_theorem_only,TodaHopfInvariantInjectiveStatement,$H: \pi_{8}^{3} \to \pi_{8}^{5}$ は単射である.,Relation,$\pi_{9}^{4} = \mathbb{Z}/2\{\nu_{4}\eta_{7}\eta_{8}\} \oplus \mathbb{Z}/2\{E\nu'\eta_{7}\eta_{8}\}$,False,True
4,5,Toda Proposition 5.9,1,Proposition 5.9,same_source_theorem_only,TodaProp42ExactnessStatement,$\pi_{8}^{3} \xrightarrow{H} \pi_{8}^{5} \xrightarrow{\Delta} \pi_{6}^{2} \text{ is exact}$,Relation,$\pi_{9}^{4} = \mathbb{Z}/2\{\nu_{4}\eta_{7}\eta_{8}\} \oplus \mathbb{Z}/2\{E\nu'\eta_{7}\eta_{8}\}$,False,True
4,5,Toda Proposition 5.9,1,Proposition 5.9,same_source_theorem_only,TodaProp59DeltaKernelStatement,$\ker\left(\Delta: \pi_{8}^{5} \to \pi_{6}^{2}\right) = \mathbb{Z}/2\{4\nu_{5}\}$,Relation,$\pi_{9}^{4} = \mathbb{Z}/2\{\nu_{4}\eta_{7}\eta_{8}\} \oplus \mathbb{Z}/2\{E\nu'\eta_{7}\eta_{8}\}$,False,True
4,5,Toda Proposition 5.9,1,Proposition 5.9,same_source_theorem_only,Relation,$H\left(\nu'\eta_{6}\eta_{7}\right) = 4\nu_{5}$,Relation,$\pi_{9}^{4} = \mathbb{Z}/2\{\nu_{4}\eta_{7}\eta_{8}\} \oplus \mathbb{Z}/2\{E\nu'\eta_{7}\eta_{8}\}$,False,True
4,5,Toda Proposition 5.9,2,Proposition 5.3,not_self_reference,TodaProp53FiniteDimensionalStatement,"$\pi_{4}^{2} = \mathbb{Z}/2\{\eta_{2}\eta_{3}\}$, $\pi_{5}^{3} = \mathbb{Z}/2\{\eta_{3}\eta_{4}\}$, $\pi_{6}^{4} = \mathbb{Z}/2\{\eta_{4}\eta_{5}\}$, $\pi_{n + 2}^{n} = \mathbb{Z}/2\{\eta_{n}\eta_{n + 1}\}$, $n \ge 5$ が成り立つ.",Relation,$\pi_{9}^{4} = \mathbb{Z}/2\{\nu_{4}\eta_{7}\eta_{8}\} \oplus \mathbb{Z}/2\{E\nu'\eta_{7}\eta_{8}\}$,False,False
4,5,Toda Proposition 5.9,2,Proposition 5.3,not_self_reference,Relation,$\pi_{5}^{3} = \mathbb{Z}/2\{\eta_{3}\eta_{4}\}$,Relation,$\pi_{9}^{4} = \mathbb{Z}/2\{\nu_{4}\eta_{7}\eta_{8}\} \oplus \mathbb{Z}/2\{E\nu'\eta_{7}\eta_{8}\}$,False,False
4,5,Toda Proposition 5.9,2,Proposition 5.3,not_self_reference,Relation,$\pi_{6}^{4} = \mathbb{Z}/2\{\eta_{4}\eta_{5}\}$,Relation,$\pi_{9}^{4} = \mathbb{Z}/2\{\nu_{4}\eta_{7}\eta_{8}\} \oplus \mathbb{Z}/2\{E\nu'\eta_{7}\eta_{8}\}$,False,False
4,5,Toda Proposition 5.9,2,Proposition 5.3,not_self_reference,Relation,$\pi_{n + 2}^{n} = \mathbb{Z}/2\{\eta_{n}\eta_{n + 1}\}$,Relation,$\pi_{9}^{4} = \mathbb{Z}/2\{\nu_{4}\eta_{7}\eta_{8}\} \oplus \mathbb{Z}/2\{E\nu'\eta_{7}\eta_{8}\}$,False,False
4,5,Toda Proposition 5.9,3,Lemma 5.4,not_self_reference,TodaLemma54Statement,"$\nu_{4} \in \pi_{7}^{4}$, $H\left(\nu_{4}\right) = \iota_{7}$, $2E\nu_{4} = E^{2}\nu'$ が成り立つ.",Relation,$\pi_{9}^{4} = \mathbb{Z}/2\{\nu_{4}\eta_{7}\eta_{8}\} \oplus \mathbb{Z}/2\{E\nu'\eta_{7}\eta_{8}\}$,False,False
4,5,Toda Proposition 5.9,4,(5.2),not_self_reference,Relation,$\pi_{4}^{2} = \mathbb{Z}/2\{\eta_{2}\eta_{3}\}$,Relation,$\pi_{9}^{4} = \mathbb{Z}/2\{\nu_{4}\eta_{7}\eta_{8}\} \oplus \mathbb{Z}/2\{E\nu'\eta_{7}\eta_{8}\}$,False,False
4,6,Toda Proposition 5.11,1,Proposition 5.11,same_source_theorem_only,TodaPrimaryGroupZeroStatement,$\pi_{9}^{3} = 0$,Relation,$\pi_{10}^{4} = \mathbb{Z}/8\{\nu_{4}\nu_{7}\}$,False,True
4,6,Toda Proposition 5.11,1,Proposition 5.11,same_source_theorem_only,Relation,$\pi_{10}^{7} = \mathbb{Z}/8\{\nu_{7}\}$,Relation,$\pi_{10}^{4} = \mathbb{Z}/8\{\nu_{4}\nu_{7}\}$,False,True
4,6,Toda Proposition 5.11,1,Proposition 5.11,same_source_theorem_only,TodaHopfInvariantInjectiveStatement,$H: \pi_{9}^{3} \to \pi_{9}^{5}$ は単射である.,Relation,$\pi_{10}^{4} = \mathbb{Z}/8\{\nu_{4}\nu_{7}\}$,False,True
4,6,Toda Proposition 5.11,1,Proposition 5.11,same_source_theorem_only,TodaDeltaInjectiveStatement,$\Delta: \pi_{9}^{5} \to \pi_{7}^{2}$ は単射である.,Relation,$\pi_{10}^{4} = \mathbb{Z}/8\{\nu_{4}\nu_{7}\}$,False,True
4,6,Toda Proposition 5.11,1,Proposition 5.11,same_source_theorem_only,TodaProp42ExactnessStatement,$\pi_{9}^{3} \xrightarrow{H} \pi_{9}^{5} \xrightarrow{\Delta} \pi_{7}^{2} \text{ is exact}$,Relation,$\pi_{10}^{4} = \mathbb{Z}/8\{\nu_{4}\nu_{7}\}$,False,True
4,6,Toda Proposition 5.11,2,Proposition 5.6,not_self_reference,TodaProp56FiniteDimensionalStatement,"$\pi_{5}^{2} = \mathbb{Z}/2\{\eta_{2}\eta_{3}\eta_{4}\}$, $\pi_{6}^{3} = \mathbb{Z}/4\{\nu'\}$, $\pi_{7}^{4} = \mathbb{Z}\{\nu_{4}\} \oplus \mathbb{Z}/4\{E\nu'\}$, $\pi_{8}^{5} = \mathbb{Z}/8\{\nu_{5}\}$, $\pi_{n + 3}^{n} = \mathbb{Z}/8\{\nu_{n}\}$, $n \ge 6$ が成り立つ.",Relation,$\pi_{10}^{4} = \mathbb{Z}/8\{\nu_{4}\nu_{7}\}$,False,False
4,6,Toda Proposition 5.11,3,Lemma 5.4,not_self_reference,TodaLemma54Statement,"$\nu_{4} \in \pi_{7}^{4}$, $H\left(\nu_{4}\right) = \iota_{7}$, $2E\nu_{4} = E^{2}\nu'$ が成り立つ.",Relation,$\pi_{10}^{4} = \mathbb{Z}/8\{\nu_{4}\nu_{7}\}$,False,False
4,7,Toda Proposition 5.15,1,Proposition 5.15,same_source_theorem_only,TodaPrimaryGroupZeroStatement,$\pi_{10}^{3} = 0$,TodaPrimaryGroupZeroStatement,$\pi_{11}^{4} = 0$,False,True
4,7,Toda Proposition 5.15,1,Proposition 5.15,same_source_theorem_only,TodaDeltaInjectiveStatement,$\Delta: \pi_{10}^{5} \to \pi_{8}^{2}$ は単射である.,TodaPrimaryGroupZeroStatement,$\pi_{11}^{4} = 0$,False,True
4,7,Toda Proposition 5.15,1,Proposition 5.15,same_source_theorem_only,TodaProp42ExactnessStatement,$\pi_{10}^{3} \xrightarrow{H} \pi_{10}^{5} \xrightarrow{\Delta} \pi_{8}^{2} \text{ is exact}$,TodaPrimaryGroupZeroStatement,$\pi_{11}^{4} = 0$,False,True
4,7,Toda Proposition 5.15,2,Proposition 5.8,not_self_reference,TodaProp58FiniteDimensionalStatement,"$\pi_{6}^{2} = \mathbb{Z}/4\{\eta_{2}\nu'\}$, $\pi_{7}^{3} = \mathbb{Z}/2\{\nu'\eta_{6}\}$, $\pi_{8}^{4} = \mathbb{Z}/2\{\nu_{4}\eta_{7}\} \oplus \mathbb{Z}/2\{E\nu'\eta_{7}\}$, $\pi_{9}^{5} = \mathbb{Z}/2\{\nu_{5}\eta_{8}\}$, $\pi_{n + 4}^{n} = 0$, $n \ge 6$ が成り立つ.",TodaPrimaryGroupZeroStatement,$\pi_{11}^{4} = 0$,False,False
4,7,Toda Proposition 5.15,2,Proposition 5.8,not_self_reference,Relation,$\pi_{7}^{3} = \mathbb{Z}/2\{\nu'\eta_{6}\}$,TodaPrimaryGroupZeroStatement,$\pi_{11}^{4} = 0$,False,False
4,7,Toda Proposition 5.15,2,Proposition 5.8,not_self_reference,Relation,$\pi_{8}^{4} = \mathbb{Z}/2\{\nu_{4}\eta_{7}\} \oplus \mathbb{Z}/2\{E\nu'\eta_{7}\}$,TodaPrimaryGroupZeroStatement,$\pi_{11}^{4} = 0$,False,False
4,7,Toda Proposition 5.15,2,Proposition 5.8,not_self_reference,Relation,$\pi_{9}^{5} = \mathbb{Z}/2\{\nu_{5}\eta_{8}\}$,TodaPrimaryGroupZeroStatement,$\pi_{11}^{4} = 0$,False,False
4,7,Toda Proposition 5.15,2,Proposition 5.8,not_self_reference,TodaPrimaryGroupZeroStatement,$\pi_{n + 4}^{n} = 0$,TodaPrimaryGroupZeroStatement,$\pi_{11}^{4} = 0$,False,False
4,7,Toda Proposition 5.15,3,Lemma 5.7,not_self_reference,Relation,$\pi_{6}^{2} = \mathbb{Z}/4\{\eta_{2}\nu'\}$,TodaPrimaryGroupZeroStatement,$\pi_{11}^{4} = 0$,False,False
4,7,Toda Proposition 5.15,4,Proposition 4.4,not_self_reference,TodaProp44IsomorphismStatement,"$(α, \beta) \mapsto Eα + \nu_{4}\beta: \pi_{i - 1}^{3} \oplus \pi_{i}^{7} \to \pi_{i}^{4}$ は同型写像である.",TodaPrimaryGroupZeroStatement,$\pi_{11}^{4} = 0$,False,False
5,1,Toda Proposition 5.1,1,(4.5),not_self_reference,Relation,$\pi_{n + 1}^{n} = \mathbb{Z}/2\{E^{n - 3}\eta_{3}\}$,Relation,$\pi_{6}^{5} = \mathbb{Z}/2\{\eta_{5}\}$,False,False
5,2,Toda Proposition 5.3,1,Proposition 5.3,same_source_theorem_only,Relation,$\pi_{n + 2}^{n} = \mathbb{Z}/2\{\eta_{n}\eta_{n + 1}\}$,Relation,$\pi_{7}^{5} = \mathbb{Z}/2\{\eta_{5}\eta_{6}\}$,False,True
5,2,Toda Proposition 5.3,1,Proposition 5.3,same_source_theorem_only,Relation,$\pi_{n + 2}^{n} = \mathbb{Z}/2\{E^{n - 4}\eta_{4}\eta_{5}\}$,Relation,$\pi_{7}^{5} = \mathbb{Z}/2\{\eta_{5}\eta_{6}\}$,False,True
5,2,Toda Proposition 5.3,1,Proposition 5.3,same_source_theorem_only,Relation,$E^{n - 4}\eta_{4}\eta_{5} = \eta_{n}\eta_{n + 1}$,Relation,$\pi_{7}^{5} = \mathbb{Z}/2\{\eta_{5}\eta_{6}\}$,False,True
5,3,Toda Proposition 5.6,1,Proposition 5.6,same_source_theorem_only,Relation,$\operatorname{ord}\left(\nu_{5}\right) = 8$,Relation,$\pi_{8}^{5} = \mathbb{Z}/8\{\nu_{5}\}$,False,True
5,3,Toda Proposition 5.6,1,Proposition 5.6,same_source_theorem_only,Relation,$\pi_{6}^{3} = \mathbb{Z}/4\{\nu'\}$,Relation,$\pi_{8}^{5} = \mathbb{Z}/8\{\nu_{5}\}$,False,True
5,3,Toda Proposition 5.6,1,Proposition 5.6,same_source_theorem_only,TodaIteratedSuspensionInjectiveStatement,$E^{2}: \pi_{6}^{3} \to \pi_{8}^{5}$ は単射である.,Relation,$\pi_{8}^{5} = \mathbb{Z}/8\{\nu_{5}\}$,False,True
5,3,Toda Proposition 5.6,1,Proposition 5.6,same_source_theorem_only,TodaProp56Pi8_5QuotientStatement,$\pi_{8}^{5}/E^{2}\left(\pi_{6}^{3}\right) \cong \mathbb{Z}/2$,Relation,$\pi_{8}^{5} = \mathbb{Z}/8\{\nu_{5}\}$,False,True
5,3,Toda Proposition 5.6,1,Proposition 5.6,same_source_theorem_only,Relation,$2\nu_{5} = E^{2}\nu'$,Relation,$\pi_{8}^{5} = \mathbb{Z}/8\{\nu_{5}\}$,False,True
5,3,Toda Proposition 5.6,1,Proposition 5.6,same_source_theorem_only,Relation,$\operatorname{ord}\left(E^{2}\nu'\right) = 4$,Relation,$\pi_{8}^{5} = \mathbb{Z}/8\{\nu_{5}\}$,False,True
5,3,Toda Proposition 5.6,1,Proposition 5.6,same_source_theorem_only,Relation,$\operatorname{ord}\left(\nu'\right) = 4$,Relation,$\pi_{8}^{5} = \mathbb{Z}/8\{\nu_{5}\}$,False,True
5,3,Toda Proposition 5.6,1,Proposition 5.6,same_source_theorem_only,Relation,$\pi_{5}^{2} = \mathbb{Z}/2\{\eta_{2}\eta_{3}\eta_{4}\}$,Relation,$\pi_{8}^{5} = \mathbb{Z}/8\{\nu_{5}\}$,False,True
5,3,Toda Proposition 5.6,1,Proposition 5.6,same_source_theorem_only,TodaSuspensionInjectiveStatement,$E: \pi_{5}^{2} \to \pi_{6}^{3}$ は単射である.,Relation,$\pi_{8}^{5} = \mathbb{Z}/8\{\nu_{5}\}$,False,True
5,3,Toda Proposition 5.6,2,(5.3),not_self_reference,HomotopyGroupMembershipStatement,$\nu' \in \pi_{6}^{3}$,Relation,$\pi_{8}^{5} = \mathbb{Z}/8\{\nu_{5}\}$,False,False
5,3,Toda Proposition 5.6,3,Proposition 5.3,not_self_reference,TodaHopfInvariantSurjectiveStatement,$H: \pi_{6}^{3} \to \pi_{6}^{5}$ は全射である.,Relation,$\pi_{8}^{5} = \mathbb{Z}/8\{\nu_{5}\}$,False,False
5,3,Toda Proposition 5.6,4,Lemma 5.4,not_self_reference,Relation,$\pi_{6}^{5} = \mathbb{Z}/2\{\eta_{5}\}$,Relation,$\pi_{8}^{5} = \mathbb{Z}/8\{\nu_{5}\}$,False,False
5,4,Toda Proposition 5.8,1,Proposition 5.8,same_source_theorem_only,Relation,$\pi_{8}^{4} = \mathbb{Z}/2\{\nu_{4}\eta_{7}\} \oplus \mathbb{Z}/2\{E\nu'\eta_{7}\}$,Relation,$\pi_{9}^{5} = \mathbb{Z}/2\{\nu_{5}\eta_{8}\}$,False,True
5,4,Toda Proposition 5.8,1,Proposition 5.8,same_source_theorem_only,Relation,$\Delta\left(\eta_{9}\right) = E\nu'\eta_{7}$,Relation,$\pi_{9}^{5} = \mathbb{Z}/2\{\nu_{5}\eta_{8}\}$,False,True
5,4,Toda Proposition 5.8,1,Proposition 5.8,same_source_theorem_only,TodaProp42ExactnessStatement,$\pi_{10}^{9} \xrightarrow{\Delta} \pi_{8}^{4} \xrightarrow{E} \pi_{9}^{5} \text{ is exact}$,Relation,$\pi_{9}^{5} = \mathbb{Z}/2\{\nu_{5}\eta_{8}\}$,False,True
5,4,Toda Proposition 5.8,1,Proposition 5.8,same_source_theorem_only,TodaSuspensionSurjectiveStatement,$E: \pi_{8}^{4} \to \pi_{9}^{5}$ は全射である.,Relation,$\pi_{9}^{5} = \mathbb{Z}/2\{\nu_{5}\eta_{8}\}$,False,True
5,4,Toda Proposition 5.8,1,Proposition 5.8,same_source_theorem_only,Relation,$E\nu_{4}\eta_{7} = \nu_{5}\eta_{8}$,Relation,$\pi_{9}^{5} = \mathbb{Z}/2\{\nu_{5}\eta_{8}\}$,False,True
5,4,Toda Proposition 5.8,1,Proposition 5.8,same_source_theorem_only,Relation,$\pi_{7}^{3} = \mathbb{Z}/2\{\nu'\eta_{6}\}$,Relation,$\pi_{9}^{5} = \mathbb{Z}/2\{\nu_{5}\eta_{8}\}$,False,True
5,4,Toda Proposition 5.8,1,Proposition 5.8,same_source_theorem_only,Relation,$E\nu'\eta_{6} = E\nu'\eta_{7}$,Relation,$\pi_{9}^{5} = \mathbb{Z}/2\{\nu_{5}\eta_{8}\}$,False,True
5,4,Toda Proposition 5.8,1,Proposition 5.8,same_source_theorem_only,TodaHopfInvariantZeroStatement,$H: \pi_{9}^{5} \to \pi_{9}^{9}$ は零写像である.,Relation,$\pi_{9}^{5} = \mathbb{Z}/2\{\nu_{5}\eta_{8}\}$,False,True
5,4,Toda Proposition 5.8,1,Proposition 5.8,same_source_theorem_only,TodaProp42ExactnessStatement,$\pi_{8}^{4} \xrightarrow{E} \pi_{9}^{5} \xrightarrow{H} \pi_{9}^{9} \text{ is exact}$,Relation,$\pi_{9}^{5} = \mathbb{Z}/2\{\nu_{5}\eta_{8}\}$,False,True
5,4,Toda Proposition 5.8,2,Proposition 5.1,not_self_reference,TodaProp51FiniteDimensionalStatement,"$\pi_{3}^{2} = \mathbb{Z}\{\eta_{2}\}$, $H\left(\eta_{2}\right) = \iota_{3}$, $\Delta\left(\iota_{5}\right) = \pm 2\eta_{2}$, $\pi_{n + 1}^{n} = \mathbb{Z}/2\{\eta_{n}\}$ が成り立つ.",Relation,$\pi_{9}^{5} = \mathbb{Z}/2\{\nu_{5}\eta_{8}\}$,False,False
5,4,Toda Proposition 5.8,3,Proposition 2.5,not_self_reference,TodaDeltaImageUpToSignStatement,$\Delta\left(\eta_{9}\right) = \pm 2\nu_{4} - E\nu'\eta_{7}$,Relation,$\pi_{9}^{5} = \mathbb{Z}/2\{\nu_{5}\eta_{8}\}$,False,False
5,5,Toda Proposition 5.9,1,Proposition 5.9,same_source_theorem_only,Relation,$\pi_{9}^{4} = \mathbb{Z}/2\{\nu_{4}\eta_{7}\eta_{8}\} \oplus \mathbb{Z}/2\{E\nu'\eta_{7}\eta_{8}\}$,Relation,$\pi_{10}^{5} = \mathbb{Z}/2\{\nu_{5}\eta_{8}\eta_{9}\}$,False,True
5,5,Toda Proposition 5.9,1,Proposition 5.9,same_source_theorem_only,Relation,$\Delta\left(\eta_{9}\eta_{10}\right) = E\nu'\eta_{7}^{2}$,Relation,$\pi_{10}^{5} = \mathbb{Z}/2\{\nu_{5}\eta_{8}\eta_{9}\}$,False,True
5,5,Toda Proposition 5.9,1,Proposition 5.9,same_source_theorem_only,TodaProp42ExactnessStatement,$\pi_{11}^{9} \xrightarrow{\Delta} \pi_{9}^{4} \xrightarrow{E} \pi_{10}^{5} \text{ is exact}$,Relation,$\pi_{10}^{5} = \mathbb{Z}/2\{\nu_{5}\eta_{8}\eta_{9}\}$,False,True
5,5,Toda Proposition 5.9,1,Proposition 5.9,same_source_theorem_only,TodaSuspensionSurjectiveStatement,$E: \pi_{9}^{4} \to \pi_{10}^{5}$ は全射である.,Relation,$\pi_{10}^{5} = \mathbb{Z}/2\{\nu_{5}\eta_{8}\eta_{9}\}$,False,True
5,5,Toda Proposition 5.9,1,Proposition 5.9,same_source_theorem_only,Relation,$E\nu_{4}\eta_{7}\eta_{8} = \nu_{5}\eta_{8}^{2}$,Relation,$\pi_{10}^{5} = \mathbb{Z}/2\{\nu_{5}\eta_{8}\eta_{9}\}$,False,True
5,5,Toda Proposition 5.9,1,Proposition 5.9,same_source_theorem_only,Relation,$\pi_{8}^{3} = \mathbb{Z}/2\{\nu'\eta_{6}\eta_{7}\}$,Relation,$\pi_{10}^{5} = \mathbb{Z}/2\{\nu_{5}\eta_{8}\eta_{9}\}$,False,True
5,5,Toda Proposition 5.9,1,Proposition 5.9,same_source_theorem_only,Relation,$E\nu'\eta_{6}\eta_{7} = E\nu'\eta_{7}^{2}$,Relation,$\pi_{10}^{5} = \mathbb{Z}/2\{\nu_{5}\eta_{8}\eta_{9}\}$,False,True
5,5,Toda Proposition 5.9,1,Proposition 5.9,same_source_theorem_only,TodaHopfInvariantZeroStatement,$H: \pi_{10}^{5} \to \pi_{10}^{9}$ は零写像である.,Relation,$\pi_{10}^{5} = \mathbb{Z}/2\{\nu_{5}\eta_{8}\eta_{9}\}$,False,True
5,5,Toda Proposition 5.9,1,Proposition 5.9,same_source_theorem_only,TodaProp42ExactnessStatement,$\pi_{9}^{4} \xrightarrow{E} \pi_{10}^{5} \xrightarrow{H} \pi_{10}^{9} \text{ is exact}$,Relation,$\pi_{10}^{5} = \mathbb{Z}/2\{\nu_{5}\eta_{8}\eta_{9}\}$,False,True
5,5,Toda Proposition 5.9,2,Proposition 5.3,not_self_reference,TodaProp53FiniteDimensionalStatement,"$\pi_{4}^{2} = \mathbb{Z}/2\{\eta_{2}\eta_{3}\}$, $\pi_{5}^{3} = \mathbb{Z}/2\{\eta_{3}\eta_{4}\}$, $\pi_{6}^{4} = \mathbb{Z}/2\{\eta_{4}\eta_{5}\}$, $\pi_{n + 2}^{n} = \mathbb{Z}/2\{\eta_{n}\eta_{n + 1}\}$, $n \ge 5$ が成り立つ.",Relation,$\pi_{10}^{5} = \mathbb{Z}/2\{\nu_{5}\eta_{8}\eta_{9}\}$,False,False
5,5,Toda Proposition 5.9,2,Proposition 5.3,not_self_reference,Relation,$\pi_{5}^{3} = \mathbb{Z}/2\{\eta_{3}\eta_{4}\}$,Relation,$\pi_{10}^{5} = \mathbb{Z}/2\{\nu_{5}\eta_{8}\eta_{9}\}$,False,False
5,5,Toda Proposition 5.9,2,Proposition 5.3,not_self_reference,Relation,$\pi_{6}^{4} = \mathbb{Z}/2\{\eta_{4}\eta_{5}\}$,Relation,$\pi_{10}^{5} = \mathbb{Z}/2\{\nu_{5}\eta_{8}\eta_{9}\}$,False,False
5,5,Toda Proposition 5.9,2,Proposition 5.3,not_self_reference,Relation,$\pi_{n + 2}^{n} = \mathbb{Z}/2\{\eta_{n}\eta_{n + 1}\}$,Relation,$\pi_{10}^{5} = \mathbb{Z}/2\{\nu_{5}\eta_{8}\eta_{9}\}$,False,False
5,5,Toda Proposition 5.9,3,Proposition 5.8,not_self_reference,Relation,$\Delta\left(\eta_{9}\right) = E\nu'\eta_{7}$,Relation,$\pi_{10}^{5} = \mathbb{Z}/2\{\nu_{5}\eta_{8}\eta_{9}\}$,False,False
5,5,Toda Proposition 5.9,3,Proposition 5.8,not_self_reference,Relation,$E\nu_{4}\eta_{7} = \nu_{5}\eta_{8}$,Relation,$\pi_{10}^{5} = \mathbb{Z}/2\{\nu_{5}\eta_{8}\eta_{9}\}$,False,False
5,5,Toda Proposition 5.9,4,(5.2),not_self_reference,Relation,$\pi_{4}^{2} = \mathbb{Z}/2\{\eta_{2}\eta_{3}\}$,Relation,$\pi_{10}^{5} = \mathbb{Z}/2\{\nu_{5}\eta_{8}\eta_{9}\}$,False,False
5,6,Toda Proposition 5.11,1,Proposition 5.11,same_source_theorem_only,Relation,$\pi_{12}^{9} = \mathbb{Z}/8\{\nu_{9}\}$,Relation,$\pi_{11}^{5} = \mathbb{Z}/2\{\nu_{5}\nu_{8}\}$,False,True
5,6,Toda Proposition 5.11,1,Proposition 5.11,same_source_theorem_only,Relation,$\pi_{10}^{4} = \mathbb{Z}/8\{\nu_{4}\nu_{7}\}$,Relation,$\pi_{11}^{5} = \mathbb{Z}/2\{\nu_{5}\nu_{8}\}$,False,True
5,6,Toda Proposition 5.11,1,Proposition 5.11,same_source_theorem_only,TodaProp42ExactnessStatement,$\pi_{12}^{9} \xrightarrow{\Delta} \pi_{10}^{4} \xrightarrow{E} \pi_{11}^{5} \text{ is exact}$,Relation,$\pi_{11}^{5} = \mathbb{Z}/2\{\nu_{5}\nu_{8}\}$,False,True
5,6,Toda Proposition 5.11,1,Proposition 5.11,same_source_theorem_only,TodaSuspensionSurjectiveStatement,$E: \pi_{10}^{4} \to \pi_{11}^{5}$ は全射である.,Relation,$\pi_{11}^{5} = \mathbb{Z}/2\{\nu_{5}\nu_{8}\}$,False,True
5,6,Toda Proposition 5.11,1,Proposition 5.11,same_source_theorem_only,TodaPrimaryGroupZeroStatement,$\pi_{9}^{3} = 0$,Relation,$\pi_{11}^{5} = \mathbb{Z}/2\{\nu_{5}\nu_{8}\}$,False,True
5,6,Toda Proposition 5.11,1,Proposition 5.11,same_source_theorem_only,Relation,$\pi_{10}^{7} = \mathbb{Z}/8\{\nu_{7}\}$,Relation,$\pi_{11}^{5} = \mathbb{Z}/2\{\nu_{5}\nu_{8}\}$,False,True
5,6,Toda Proposition 5.11,1,Proposition 5.11,same_source_theorem_only,TodaHopfInvariantZeroStatement,$H: \pi_{11}^{5} \to \pi_{11}^{9}$ は零写像である.,Relation,$\pi_{11}^{5} = \mathbb{Z}/2\{\nu_{5}\nu_{8}\}$,False,True
5,6,Toda Proposition 5.11,1,Proposition 5.11,same_source_theorem_only,TodaProp42ExactnessStatement,$\pi_{10}^{4} \xrightarrow{E} \pi_{11}^{5} \xrightarrow{H} \pi_{11}^{9} \text{ is exact}$,Relation,$\pi_{11}^{5} = \mathbb{Z}/2\{\nu_{5}\nu_{8}\}$,False,True
5,6,Toda Proposition 5.11,2,Equation 5.13,not_self_reference,TodaDeltaImageUpToSignStatement,$\Delta\left(\nu_{9}\right) = \pm 2\nu_{4}\nu_{7}$,Relation,$\pi_{11}^{5} = \mathbb{Z}/2\{\nu_{5}\nu_{8}\}$,False,False
5,6,Toda Proposition 5.11,3,Proposition 5.6,not_self_reference,TodaProp56FiniteDimensionalStatement,"$\pi_{5}^{2} = \mathbb{Z}/2\{\eta_{2}\eta_{3}\eta_{4}\}$, $\pi_{6}^{3} = \mathbb{Z}/4\{\nu'\}$, $\pi_{7}^{4} = \mathbb{Z}\{\nu_{4}\} \oplus \mathbb{Z}/4\{E\nu'\}$, $\pi_{8}^{5} = \mathbb{Z}/8\{\nu_{5}\}$, $\pi_{n + 3}^{n} = \mathbb{Z}/8\{\nu_{n}\}$, $n \ge 6$ が成り立つ.",Relation,$\pi_{11}^{5} = \mathbb{Z}/2\{\nu_{5}\nu_{8}\}$,False,False
5,6,Toda Proposition 5.11,4,Equation 5.8,not_self_reference,Toda58EquationStatement,"$\Delta\left(\iota_{9}\right) = \pm \left(2\nu_{4} - E\nu'\right) = \pm [\iota_{4}, \iota_{4}]$",Relation,$\pi_{11}^{5} = \mathbb{Z}/2\{\nu_{5}\nu_{8}\}$,False,False
5,7,Toda Proposition 5.15,1,Proposition 5.15,same_source_theorem_only,TodaProp515Pi12_5HopfIsomorphismStatement,"$H: \pi_{12}^{5} \xrightarrow{\cong} \mathbb{Z}/2\{4\nu_{9}\}$, $H(\sigma''') = 4\nu_{9}$ が成り立つ.",Relation,$\pi_{12}^{5} = \mathbb{Z}/2\{\sigma'''\}$,False,True
5,7,Toda Proposition 5.15,1,Proposition 5.15,same_source_theorem_only,TodaProp42ExactnessStatement,$\pi_{12}^{5} \xrightarrow{H} \pi_{12}^{9} \xrightarrow{\Delta} \pi_{10}^{4} \text{ is exact}$,Relation,$\pi_{12}^{5} = \mathbb{Z}/2\{\sigma'''\}$,False,True
5,7,Toda Proposition 5.15,2,Lemma 5.13,not_self_reference,TodaLemma513Statement,"$\sigma''' \in \{\nu_{5}, 8\iota_{8}, \nu_{8}\}_{3}$, $H(\sigma''') = 4\nu_{9}$ が成り立つ.",Relation,$\pi_{12}^{5} = \mathbb{Z}/2\{\sigma'''\}$,False,False
5,7,Toda Proposition 5.15,3,Proposition 5.11,not_self_reference,Relation,$\pi_{12}^{9} = \mathbb{Z}/8\{\nu_{9}\}$,Relation,$\pi_{12}^{5} = \mathbb{Z}/2\{\sigma'''\}$,False,False
5,7,Toda Proposition 5.15,3,Proposition 5.11,not_self_reference,TodaProp511FiniteDimensionalStatement,"$\pi_{8}^{2} = \mathbb{Z}/2\{\eta_{2}\nu'\eta_{6}\eta_{7}\}$, $\pi_{9}^{3} = 0$, $\pi_{10}^{4} = \mathbb{Z}/8\{\nu_{4}\nu_{7}\}$, $\pi_{11}^{5} = \mathbb{Z}/2\{\nu_{5}\nu_{8}\}$, $\pi_{12}^{6} = \mathbb{Z}/2\{\nu_{6}\nu_{9}\}$, $\pi_{13}^{7} = \mathbb{Z}/2\{\nu_{7}\nu_{10}\}$, $\pi_{14}^{8} = \mathbb{Z}/2\{\nu_{8}\nu_{11}\}$, $\pi_{n + 6}^{n} = \mathbb{Z}/2\{\nu_{n}\nu_{n + 3}\}$, $n \ge 9$ が成り立つ.",Relation,$\pi_{12}^{5} = \mathbb{Z}/2\{\sigma'''\}$,False,False
5,7,Toda Proposition 5.15,4,Equation 5.13,not_self_reference,TodaDeltaImageUpToSignStatement,$\Delta\left(\nu_{9}\right) = \pm 2\nu_{4}\nu_{7}$,Relation,$\pi_{12}^{5} = \mathbb{Z}/2\{\sigma'''\}$,False,False
5,7,Toda Proposition 5.15,5,(5.5),not_self_reference,Toda55NuFamilyFiniteDimensionalStatement,"$\nu_{n} = E^{n - 4}\nu_{4}$, $n \ge 5$, $2\nu_{n} = E^{n - 3}\nu'$, $4\nu_{n} = \eta_{n}\eta_{n + 1}\eta_{n + 2}$ が成り立つ.",Relation,$\pi_{12}^{5} = \mathbb{Z}/2\{\sigma'''\}$,False,False
6,1,Toda Proposition 5.1,1,(4.5),not_self_reference,Relation,$\pi_{n + 1}^{n} = \mathbb{Z}/2\{E^{n - 3}\eta_{3}\}$,Relation,$\pi_{7}^{6} = \mathbb{Z}/2\{\eta_{6}\}$,False,False
6,2,Toda Proposition 5.3,1,Proposition 5.3,same_source_theorem_only,Relation,$\pi_{n + 2}^{n} = \mathbb{Z}/2\{\eta_{n}\eta_{n + 1}\}$,Relation,$\pi_{8}^{6} = \mathbb{Z}/2\{\eta_{6}\eta_{7}\}$,False,True
6,2,Toda Proposition 5.3,1,Proposition 5.3,same_source_theorem_only,Relation,$\pi_{n + 2}^{n} = \mathbb{Z}/2\{E^{n - 4}\eta_{4}\eta_{5}\}$,Relation,$\pi_{8}^{6} = \mathbb{Z}/2\{\eta_{6}\eta_{7}\}$,False,True
6,2,Toda Proposition 5.3,1,Proposition 5.3,same_source_theorem_only,Relation,$E^{n - 4}\eta_{4}\eta_{5} = \eta_{n}\eta_{n + 1}$,Relation,$\pi_{8}^{6} = \mathbb{Z}/2\{\eta_{6}\eta_{7}\}$,False,True
6,3,Toda Proposition 5.6,1,Proposition 5.6,same_source_theorem_only,Relation,$\pi_{n + 3}^{n} = \mathbb{Z}/8\{\nu_{n}\}$,Relation,$\pi_{9}^{6} = \mathbb{Z}/8\{\nu_{6}\}$,False,True
6,3,Toda Proposition 5.6,1,Proposition 5.6,same_source_theorem_only,Relation,$\pi_{n + 3}^{n} = \mathbb{Z}/8\{E^{n - 5}\nu_{5}\}$,Relation,$\pi_{9}^{6} = \mathbb{Z}/8\{\nu_{6}\}$,False,True
6,3,Toda Proposition 5.6,1,Proposition 5.6,same_source_theorem_only,Relation,$E^{n - 5}\nu_{5} = \nu_{n}$,Relation,$\pi_{9}^{6} = \mathbb{Z}/8\{\nu_{6}\}$,False,True
6,4,Toda Proposition 5.8,1,Proposition 5.8,same_source_theorem_only,TodaPrimaryGroupZeroStatement,$\pi_{n + 4}^{n} = 0$,TodaPrimaryGroupZeroStatement,$\pi_{10}^{6} = 0$,False,True
6,4,Toda Proposition 5.8,1,Proposition 5.8,selected_root_conclusion_equal,TodaPrimaryGroupZeroStatement,$\pi_{10}^{6} = 0$,TodaPrimaryGroupZeroStatement,$\pi_{10}^{6} = 0$,False,True
6,4,Toda Proposition 5.8,2,(4.5),not_self_reference,Toda45IsomorphismStatement,$E^{n - 6}: \pi_{6 + 4}^{6} \to \pi_{n + 4}^{n}$ は同型写像である.,TodaPrimaryGroupZeroStatement,$\pi_{10}^{6} = 0$,False,False
6,5,Toda Proposition 5.9,1,Proposition 5.9,same_source_theorem_only,TodaHopfInvariantInjectiveStatement,$H: \pi_{11}^{6} \to \pi_{11}^{11}$ は単射である.,Relation,$\pi_{11}^{6} = \mathbb{Z}\{\Delta\left(\iota_{13}\right)\}$,False,True
6,5,Toda Proposition 5.9,1,Proposition 5.9,same_source_theorem_only,TodaProp42ExactnessStatement,$\pi_{11}^{6} \xrightarrow{H} \pi_{11}^{11} \xrightarrow{\Delta} \pi_{9}^{5} \text{ is exact}$,Relation,$\pi_{11}^{6} = \mathbb{Z}\{\Delta\left(\iota_{13}\right)\}$,False,True
6,5,Toda Proposition 5.9,1,Proposition 5.9,same_source_theorem_only,TodaDeltaKernelFreeCyclicStatement,$\ker\Delta = \mathbb{Z}\{2\iota_{11}\}$ が成り立つ.,Relation,$\pi_{11}^{6} = \mathbb{Z}\{\Delta\left(\iota_{13}\right)\}$,False,True
6,5,Toda Proposition 5.9,1,Proposition 5.9,same_source_theorem_only,TodaProp27HopfInvariantUpToSignStatement,$H(\Delta\left(\iota_{13}\right)) = \pm 2\iota_{11}$ が成り立つ.,Relation,$\pi_{11}^{6} = \mathbb{Z}\{\Delta\left(\iota_{13}\right)\}$,False,True
6,5,Toda Proposition 5.9,1,Proposition 5.9,same_source_theorem_only,Relation,$E\nu_{5}\eta_{8}\eta_{9} = 0$,Relation,$\pi_{11}^{6} = \mathbb{Z}\{\Delta\left(\iota_{13}\right)\}$,False,True
6,5,Toda Proposition 5.9,1,Proposition 5.9,same_source_theorem_only,Relation,$\pi_{10}^{5} = \mathbb{Z}/2\{\nu_{5}\eta_{8}\eta_{9}\}$,Relation,$\pi_{11}^{6} = \mathbb{Z}\{\Delta\left(\iota_{13}\right)\}$,False,True
6,5,Toda Proposition 5.9,1,Proposition 5.9,same_source_theorem_only,TodaProp42ExactnessStatement,$\pi_{10}^{5} \xrightarrow{E} \pi_{11}^{6} \xrightarrow{H} \pi_{11}^{11} \text{ is exact}$,Relation,$\pi_{11}^{6} = \mathbb{Z}\{\Delta\left(\iota_{13}\right)\}$,False,True
6,5,Toda Proposition 5.9,2,Proposition 5.8,not_self_reference,Relation,$\pi_{9}^{5} = \mathbb{Z}/2\{\nu_{5}\eta_{8}\}$,Relation,$\pi_{11}^{6} = \mathbb{Z}\{\Delta\left(\iota_{13}\right)\}$,False,False
6,6,Toda Proposition 5.11,1,Proposition 5.11,same_source_theorem_only,Relation,$\pi_{11}^{5} = \mathbb{Z}/2\{\nu_{5}\nu_{8}\}$,Relation,$\pi_{12}^{6} = \mathbb{Z}/2\{\nu_{6}\nu_{9}\}$,False,True
6,6,Toda Proposition 5.11,1,Proposition 5.11,same_source_theorem_only,TodaSuspensionIsomorphismStatement,$E: \pi_{11}^{5} \to \pi_{12}^{6}$ は同型写像である.,Relation,$\pi_{12}^{6} = \mathbb{Z}/2\{\nu_{6}\nu_{9}\}$,False,True
6,6,Toda Proposition 5.11,1,Proposition 5.11,same_source_theorem_only,Relation,$\pi_{12}^{9} = \mathbb{Z}/8\{\nu_{9}\}$,Relation,$\pi_{12}^{6} = \mathbb{Z}/2\{\nu_{6}\nu_{9}\}$,False,True
6,6,Toda Proposition 5.11,1,Proposition 5.11,same_source_theorem_only,Relation,$\pi_{10}^{4} = \mathbb{Z}/8\{\nu_{4}\nu_{7}\}$,Relation,$\pi_{12}^{6} = \mathbb{Z}/2\{\nu_{6}\nu_{9}\}$,False,True
6,6,Toda Proposition 5.11,1,Proposition 5.11,same_source_theorem_only,TodaProp42ExactnessStatement,$\pi_{12}^{9} \xrightarrow{\Delta} \pi_{10}^{4} \xrightarrow{E} \pi_{11}^{5} \text{ is exact}$,Relation,$\pi_{12}^{6} = \mathbb{Z}/2\{\nu_{6}\nu_{9}\}$,False,True
6,6,Toda Proposition 5.11,1,Proposition 5.11,same_source_theorem_only,TodaSuspensionSurjectiveStatement,$E: \pi_{10}^{4} \to \pi_{11}^{5}$ は全射である.,Relation,$\pi_{12}^{6} = \mathbb{Z}/2\{\nu_{6}\nu_{9}\}$,False,True
6,6,Toda Proposition 5.11,1,Proposition 5.11,same_source_theorem_only,TodaSuspensionInjectiveStatement,$E: \pi_{11}^{5} \to \pi_{12}^{6}$ は単射である.,Relation,$\pi_{12}^{6} = \mathbb{Z}/2\{\nu_{6}\nu_{9}\}$,False,True
6,6,Toda Proposition 5.11,1,Proposition 5.11,same_source_theorem_only,TodaSuspensionSurjectiveStatement,$E: \pi_{11}^{5} \to \pi_{12}^{6}$ は全射である.,Relation,$\pi_{12}^{6} = \mathbb{Z}/2\{\nu_{6}\nu_{9}\}$,False,True
6,6,Toda Proposition 5.11,2,Equation 5.13,not_self_reference,TodaDeltaImageUpToSignStatement,$\Delta\left(\nu_{9}\right) = \pm 2\nu_{4}\nu_{7}$,Relation,$\pi_{12}^{6} = \mathbb{Z}/2\{\nu_{6}\nu_{9}\}$,False,False
6,7,Toda Proposition 5.15,1,Proposition 5.15,same_source_theorem_only,Relation,$\pi_{12}^{5} = \mathbb{Z}/2\{\sigma'''\}$,Relation,$\pi_{13}^{6} = \mathbb{Z}/4\{\sigma''\}$,False,True
6,7,Toda Proposition 5.15,1,Proposition 5.15,same_source_theorem_only,TodaProp515Pi12_5HopfIsomorphismStatement,"$H: \pi_{12}^{5} \xrightarrow{\cong} \mathbb{Z}/2\{4\nu_{9}\}$, $H(\sigma''') = 4\nu_{9}$ が成り立つ.",Relation,$\pi_{13}^{6} = \mathbb{Z}/4\{\sigma''\}$,False,True
6,7,Toda Proposition 5.15,2,Lemma 5.14,not_self_reference,TodaLemma514SigmaDoublePrimeStatement,"$E^{3}\sigma'' = 4\,xEα*, \qquad 2\sigma'' = E\sigma''', \qquad H\left(\sigma''\right) = \eta_{11}\eta_{12}$",Relation,$\pi_{13}^{6} = \mathbb{Z}/4\{\sigma''\}$,False,False
6,7,Toda Proposition 5.15,3,Proposition 5.11,not_self_reference,Relation,$\pi_{13}^{11} = \mathbb{Z}/2\{\eta_{11}\eta_{12}\}$,Relation,$\pi_{13}^{6} = \mathbb{Z}/4\{\sigma''\}$,False,False
6,7,Toda Proposition 5.15,4,Theorem 3.6,not_self_reference,Toda36Lemma514SigmaDoublePrimeBridgeStatement,"$8\,xEα* = E^{4}\sigma'''$ が成り立つ.",Relation,$\pi_{13}^{6} = \mathbb{Z}/4\{\sigma''\}$,False,False
6,7,Toda Proposition 5.15,5,Equation 5.13,not_self_reference,Relation,$\Delta\left(\eta_{11}\eta_{12}\right) = 0$,Relation,$\pi_{13}^{6} = \mathbb{Z}/4\{\sigma''\}$,False,False
6,7,Toda Proposition 5.15,6,Proposition 5.6,not_self_reference,TodaProp56FiniteDimensionalStatement,"$\pi_{5}^{2} = \mathbb{Z}/2\{\eta_{2}\eta_{3}\eta_{4}\}$, $\pi_{6}^{3} = \mathbb{Z}/4\{\nu'\}$, $\pi_{7}^{4} = \mathbb{Z}\{\nu_{4}\} \oplus \mathbb{Z}/4\{E\nu'\}$, $\pi_{8}^{5} = \mathbb{Z}/8\{\nu_{5}\}$, $\pi_{n + 3}^{n} = \mathbb{Z}/8\{\nu_{n}\}$, $n \ge 6$ が成り立つ.",Relation,$\pi_{13}^{6} = \mathbb{Z}/4\{\sigma''\}$,False,False
6,7,Toda Proposition 5.15,7,Lemma 5.13,not_self_reference,TodaLemma513Statement,"$\sigma''' \in \{\nu_{5}, 8\iota_{8}, \nu_{8}\}_{3}$, $H(\sigma''') = 4\nu_{9}$ が成り立つ.",Relation,$\pi_{13}^{6} = \mathbb{Z}/4\{\sigma''\}$,False,False
6,7,Toda Proposition 5.15,8,Proposition 5.3,not_self_reference,TodaProp53FiniteDimensionalStatement,"$\pi_{4}^{2} = \mathbb{Z}/2\{\eta_{2}\eta_{3}\}$, $\pi_{5}^{3} = \mathbb{Z}/2\{\eta_{3}\eta_{4}\}$, $\pi_{6}^{4} = \mathbb{Z}/2\{\eta_{4}\eta_{5}\}$, $\pi_{n + 2}^{n} = \mathbb{Z}/2\{\eta_{n}\eta_{n + 1}\}$, $n \ge 5$ が成り立つ.",Relation,$\pi_{13}^{6} = \mathbb{Z}/4\{\sigma''\}$,False,False
7,1,Toda Proposition 5.1,1,(4.5),not_self_reference,Relation,$\pi_{n + 1}^{n} = \mathbb{Z}/2\{E^{n - 3}\eta_{3}\}$,Relation,$\pi_{8}^{7} = \mathbb{Z}/2\{\eta_{7}\}$,False,False
7,2,Toda Proposition 5.3,1,Proposition 5.3,same_source_theorem_only,Relation,$\pi_{n + 2}^{n} = \mathbb{Z}/2\{\eta_{n}\eta_{n + 1}\}$,Relation,$\pi_{9}^{7} = \mathbb{Z}/2\{\eta_{7}\eta_{8}\}$,False,True
7,2,Toda Proposition 5.3,1,Proposition 5.3,same_source_theorem_only,Relation,$\pi_{n + 2}^{n} = \mathbb{Z}/2\{E^{n - 4}\eta_{4}\eta_{5}\}$,Relation,$\pi_{9}^{7} = \mathbb{Z}/2\{\eta_{7}\eta_{8}\}$,False,True
7,2,Toda Proposition 5.3,1,Proposition 5.3,same_source_theorem_only,Relation,$E^{n - 4}\eta_{4}\eta_{5} = \eta_{n}\eta_{n + 1}$,Relation,$\pi_{9}^{7} = \mathbb{Z}/2\{\eta_{7}\eta_{8}\}$,False,True
7,3,Toda Proposition 5.6,1,Proposition 5.6,same_source_theorem_only,Relation,$\pi_{n + 3}^{n} = \mathbb{Z}/8\{\nu_{n}\}$,Relation,$\pi_{10}^{7} = \mathbb{Z}/8\{\nu_{7}\}$,False,True
7,3,Toda Proposition 5.6,1,Proposition 5.6,same_source_theorem_only,Relation,$\pi_{n + 3}^{n} = \mathbb{Z}/8\{E^{n - 5}\nu_{5}\}$,Relation,$\pi_{10}^{7} = \mathbb{Z}/8\{\nu_{7}\}$,False,True
7,3,Toda Proposition 5.6,1,Proposition 5.6,same_source_theorem_only,Relation,$E^{n - 5}\nu_{5} = \nu_{n}$,Relation,$\pi_{10}^{7} = \mathbb{Z}/8\{\nu_{7}\}$,False,True
7,4,Toda Proposition 5.8,1,Proposition 5.8,same_source_theorem_only,TodaPrimaryGroupZeroStatement,$\pi_{n + 4}^{n} = 0$,TodaPrimaryGroupZeroStatement,$\pi_{11}^{7} = 0$,False,True
7,4,Toda Proposition 5.8,1,Proposition 5.8,same_source_theorem_only,TodaPrimaryGroupZeroStatement,$\pi_{10}^{6} = 0$,TodaPrimaryGroupZeroStatement,$\pi_{11}^{7} = 0$,False,True
7,4,Toda Proposition 5.8,2,(4.5),not_self_reference,Toda45IsomorphismStatement,$E^{n - 6}: \pi_{6 + 4}^{6} \to \pi_{n + 4}^{n}$ は同型写像である.,TodaPrimaryGroupZeroStatement,$\pi_{11}^{7} = 0$,False,False
7,5,Toda Proposition 5.9,1,Proposition 5.9,same_source_theorem_only,TodaPrimaryGroupZeroStatement,$\pi_{n + 5}^{n} = 0$,TodaPrimaryGroupZeroStatement,$\pi_{12}^{7} = 0$,False,True
7,5,Toda Proposition 5.9,1,Proposition 5.9,selected_root_conclusion_equal,TodaPrimaryGroupZeroStatement,$\pi_{12}^{7} = 0$,TodaPrimaryGroupZeroStatement,$\pi_{12}^{7} = 0$,False,True
7,5,Toda Proposition 5.9,2,(4.5),not_self_reference,Toda45IsomorphismStatement,$E^{n - 7}: \pi_{7 + 5}^{7} \to \pi_{n + 5}^{n}$ は同型写像である.,TodaPrimaryGroupZeroStatement,$\pi_{12}^{7} = 0$,False,False
7,6,Toda Proposition 5.11,1,Proposition 5.11,same_source_theorem_only,Relation,$\pi_{12}^{6} = \mathbb{Z}/2\{\nu_{6}\nu_{9}\}$,Relation,$\pi_{13}^{7} = \mathbb{Z}/2\{\nu_{7}\nu_{10}\}$,False,True
7,6,Toda Proposition 5.11,1,Proposition 5.11,same_source_theorem_only,TodaSuspensionIsomorphismStatement,$E: \pi_{12}^{6} \to \pi_{13}^{7}$ は同型写像である.,Relation,$\pi_{13}^{7} = \mathbb{Z}/2\{\nu_{7}\nu_{10}\}$,False,True
7,6,Toda Proposition 5.11,1,Proposition 5.11,same_source_theorem_only,Relation,$\pi_{11}^{5} = \mathbb{Z}/2\{\nu_{5}\nu_{8}\}$,Relation,$\pi_{13}^{7} = \mathbb{Z}/2\{\nu_{7}\nu_{10}\}$,False,True
7,6,Toda Proposition 5.11,1,Proposition 5.11,same_source_theorem_only,TodaSuspensionIsomorphismStatement,$E: \pi_{11}^{5} \to \pi_{12}^{6}$ は同型写像である.,Relation,$\pi_{13}^{7} = \mathbb{Z}/2\{\nu_{7}\nu_{10}\}$,False,True
7,6,Toda Proposition 5.11,1,Proposition 5.11,same_source_theorem_only,TodaSuspensionInjectiveStatement,$E: \pi_{12}^{6} \to \pi_{13}^{7}$ は単射である.,Relation,$\pi_{13}^{7} = \mathbb{Z}/2\{\nu_{7}\nu_{10}\}$,False,True
7,6,Toda Proposition 5.11,1,Proposition 5.11,same_source_theorem_only,TodaSuspensionSurjectiveStatement,$E: \pi_{12}^{6} \to \pi_{13}^{7}$ は全射である.,Relation,$\pi_{13}^{7} = \mathbb{Z}/2\{\nu_{7}\nu_{10}\}$,False,True
7,7,Toda Proposition 5.15,1,Proposition 5.15,same_source_theorem_only,Relation,$\pi_{13}^{6} = \mathbb{Z}/4\{\sigma''\}$,Relation,$\pi_{14}^{7} = \mathbb{Z}/8\{\sigma'\}$,False,True
7,7,Toda Proposition 5.15,1,Proposition 5.15,same_source_theorem_only,Relation,$\pi_{12}^{5} = \mathbb{Z}/2\{\sigma'''\}$,Relation,$\pi_{14}^{7} = \mathbb{Z}/8\{\sigma'\}$,False,True
7,7,Toda Proposition 5.15,2,Lemma 5.14,not_self_reference,TodaLemma514SigmaPrimeStatement,"$2\sigma' = E\sigma''$, $H\left(\sigma'\right) = \eta_{13}$ が成り立つ.",Relation,$\pi_{14}^{7} = \mathbb{Z}/8\{\sigma'\}$,False,False
7,7,Toda Proposition 5.15,2,Lemma 5.14,not_self_reference,TodaLemma514SigmaDoublePrimeStatement,"$E^{3}\sigma'' = 4\,xEα*, \qquad 2\sigma'' = E\sigma''', \qquad H\left(\sigma''\right) = \eta_{11}\eta_{12}$",Relation,$\pi_{14}^{7} = \mathbb{Z}/8\{\sigma'\}$,False,False
7,7,Toda Proposition 5.15,3,Proposition 5.11,not_self_reference,Relation,$\pi_{14}^{13} = \mathbb{Z}/2\{\eta_{13}\}$,Relation,$\pi_{14}^{7} = \mathbb{Z}/8\{\sigma'\}$,False,False
7,7,Toda Proposition 5.15,3,Proposition 5.11,not_self_reference,Relation,$\pi_{13}^{11} = \mathbb{Z}/2\{\eta_{11}\eta_{12}\}$,Relation,$\pi_{14}^{7} = \mathbb{Z}/8\{\sigma'\}$,False,False
7,7,Toda Proposition 5.15,4,Equation 5.13,not_self_reference,Relation,$\Delta\left(\eta_{13}\right) = 0$,Relation,$\pi_{14}^{7} = \mathbb{Z}/8\{\sigma'\}$,False,False
7,7,Toda Proposition 5.15,5,Proposition 5.3,not_self_reference,TodaProp53FiniteDimensionalStatement,"$\pi_{4}^{2} = \mathbb{Z}/2\{\eta_{2}\eta_{3}\}$, $\pi_{5}^{3} = \mathbb{Z}/2\{\eta_{3}\eta_{4}\}$, $\pi_{6}^{4} = \mathbb{Z}/2\{\eta_{4}\eta_{5}\}$, $\pi_{n + 2}^{n} = \mathbb{Z}/2\{\eta_{n}\eta_{n + 1}\}$, $n \ge 5$ が成り立つ.",Relation,$\pi_{14}^{7} = \mathbb{Z}/8\{\sigma'\}$,False,False
7,7,Toda Proposition 5.15,6,Proposition 5.1,not_self_reference,TodaProp51FiniteDimensionalStatement,"$\pi_{3}^{2} = \mathbb{Z}\{\eta_{2}\}$, $H\left(\eta_{2}\right) = \iota_{3}$, $\Delta\left(\iota_{5}\right) = \pm 2\eta_{2}$, $\pi_{n + 1}^{n} = \mathbb{Z}/2\{\eta_{n}\}$ が成り立つ.",Relation,$\pi_{14}^{7} = \mathbb{Z}/8\{\sigma'\}$,False,False
8,1,Toda Proposition 5.1,1,(4.5),not_self_reference,Relation,$\pi_{n + 1}^{n} = \mathbb{Z}/2\{E^{n - 3}\eta_{3}\}$,Relation,$\pi_{9}^{8} = \mathbb{Z}/2\{\eta_{8}\}$,False,False
8,2,Toda Proposition 5.3,1,Proposition 5.3,same_source_theorem_only,Relation,$\pi_{n + 2}^{n} = \mathbb{Z}/2\{\eta_{n}\eta_{n + 1}\}$,Relation,$\pi_{10}^{8} = \mathbb{Z}/2\{\eta_{8}\eta_{9}\}$,False,True
8,2,Toda Proposition 5.3,1,Proposition 5.3,same_source_theorem_only,Relation,$\pi_{n + 2}^{n} = \mathbb{Z}/2\{E^{n - 4}\eta_{4}\eta_{5}\}$,Relation,$\pi_{10}^{8} = \mathbb{Z}/2\{\eta_{8}\eta_{9}\}$,False,True
8,2,Toda Proposition 5.3,1,Proposition 5.3,same_source_theorem_only,Relation,$E^{n - 4}\eta_{4}\eta_{5} = \eta_{n}\eta_{n + 1}$,Relation,$\pi_{10}^{8} = \mathbb{Z}/2\{\eta_{8}\eta_{9}\}$,False,True
8,3,Toda Proposition 5.6,1,Proposition 5.6,same_source_theorem_only,Relation,$\pi_{n + 3}^{n} = \mathbb{Z}/8\{\nu_{n}\}$,Relation,$\pi_{11}^{8} = \mathbb{Z}/8\{\nu_{8}\}$,False,True
8,3,Toda Proposition 5.6,1,Proposition 5.6,same_source_theorem_only,Relation,$\pi_{n + 3}^{n} = \mathbb{Z}/8\{E^{n - 5}\nu_{5}\}$,Relation,$\pi_{11}^{8} = \mathbb{Z}/8\{\nu_{8}\}$,False,True
8,3,Toda Proposition 5.6,1,Proposition 5.6,same_source_theorem_only,Relation,$E^{n - 5}\nu_{5} = \nu_{n}$,Relation,$\pi_{11}^{8} = \mathbb{Z}/8\{\nu_{8}\}$,False,True
8,4,Toda Proposition 5.8,1,Proposition 5.8,same_source_theorem_only,TodaPrimaryGroupZeroStatement,$\pi_{n + 4}^{n} = 0$,TodaPrimaryGroupZeroStatement,$\pi_{12}^{8} = 0$,False,True
8,4,Toda Proposition 5.8,1,Proposition 5.8,same_source_theorem_only,TodaPrimaryGroupZeroStatement,$\pi_{10}^{6} = 0$,TodaPrimaryGroupZeroStatement,$\pi_{12}^{8} = 0$,False,True
8,4,Toda Proposition 5.8,2,(4.5),not_self_reference,Toda45IsomorphismStatement,$E^{n - 6}: \pi_{6 + 4}^{6} \to \pi_{n + 4}^{n}$ は同型写像である.,TodaPrimaryGroupZeroStatement,$\pi_{12}^{8} = 0$,False,False
8,5,Toda Proposition 5.9,1,Proposition 5.9,same_source_theorem_only,TodaPrimaryGroupZeroStatement,$\pi_{n + 5}^{n} = 0$,TodaPrimaryGroupZeroStatement,$\pi_{13}^{8} = 0$,False,True
8,5,Toda Proposition 5.9,1,Proposition 5.9,same_source_theorem_only,TodaPrimaryGroupZeroStatement,$\pi_{12}^{7} = 0$,TodaPrimaryGroupZeroStatement,$\pi_{13}^{8} = 0$,False,True
8,5,Toda Proposition 5.9,2,(4.5),not_self_reference,Toda45IsomorphismStatement,$E^{n - 7}: \pi_{7 + 5}^{7} \to \pi_{n + 5}^{n}$ は同型写像である.,TodaPrimaryGroupZeroStatement,$\pi_{13}^{8} = 0$,False,False
8,6,Toda Proposition 5.11,1,Proposition 5.11,same_source_theorem_only,Relation,$\pi_{13}^{7} = \mathbb{Z}/2\{\nu_{7}\nu_{10}\}$,Relation,$\pi_{14}^{8} = \mathbb{Z}/2\{\nu_{8}\nu_{11}\}$,False,True
8,6,Toda Proposition 5.11,1,Proposition 5.11,same_source_theorem_only,TodaSuspensionIsomorphismStatement,$E: \pi_{13}^{7} \to \pi_{14}^{8}$ は同型写像である.,Relation,$\pi_{14}^{8} = \mathbb{Z}/2\{\nu_{8}\nu_{11}\}$,False,True
8,6,Toda Proposition 5.11,1,Proposition 5.11,same_source_theorem_only,Relation,$\pi_{12}^{6} = \mathbb{Z}/2\{\nu_{6}\nu_{9}\}$,Relation,$\pi_{14}^{8} = \mathbb{Z}/2\{\nu_{8}\nu_{11}\}$,False,True
8,6,Toda Proposition 5.11,1,Proposition 5.11,same_source_theorem_only,TodaSuspensionIsomorphismStatement,$E: \pi_{12}^{6} \to \pi_{13}^{7}$ は同型写像である.,Relation,$\pi_{14}^{8} = \mathbb{Z}/2\{\nu_{8}\nu_{11}\}$,False,True
8,7,Toda Proposition 5.15,1,Proposition 5.15,same_source_theorem_only,Toda515Sigma8TransportedDecompositionStatement,$\pi_{15}^{8} \cong \mathbb{Z}/8\{E\sigma'\} \oplus \mathbb{Z}\{\sigma_{8}\}$,Relation,$\pi_{15}^{8} = \mathbb{Z}\{\sigma_{8}\} \oplus \mathbb{Z}/8\{E\sigma'\}$,False,True
8,7,Toda Proposition 5.15,1,Proposition 5.15,same_source_theorem_only,TodaProp44IsomorphismStatement,"$(α, \beta) \mapsto Eα + \sigma_{8}\beta: \pi_{14}^{7} \oplus \pi_{15}^{15} \to \pi_{15}^{8}$ は同型写像である.",Relation,$\pi_{15}^{8} = \mathbb{Z}\{\sigma_{8}\} \oplus \mathbb{Z}/8\{E\sigma'\}$,False,True
8,7,Toda Proposition 5.15,1,Proposition 5.15,same_source_theorem_only,Relation,$\pi_{14}^{7} = \mathbb{Z}/8\{\sigma'\}$,Relation,$\pi_{15}^{8} = \mathbb{Z}\{\sigma_{8}\} \oplus \mathbb{Z}/8\{E\sigma'\}$,False,True
9,1,Toda Proposition 5.1,1,(4.5),not_self_reference,Relation,$\pi_{n + 1}^{n} = \mathbb{Z}/2\{E^{n - 3}\eta_{3}\}$,Relation,$\pi_{10}^{9} = \mathbb{Z}/2\{\eta_{9}\}$,False,False
9,2,Toda Proposition 5.3,1,Proposition 5.3,same_source_theorem_only,Relation,$\pi_{n + 2}^{n} = \mathbb{Z}/2\{\eta_{n}\eta_{n + 1}\}$,Relation,$\pi_{11}^{9} = \mathbb{Z}/2\{\eta_{9}\eta_{10}\}$,False,True
9,2,Toda Proposition 5.3,1,Proposition 5.3,same_source_theorem_only,Relation,$\pi_{n + 2}^{n} = \mathbb{Z}/2\{E^{n - 4}\eta_{4}\eta_{5}\}$,Relation,$\pi_{11}^{9} = \mathbb{Z}/2\{\eta_{9}\eta_{10}\}$,False,True
9,2,Toda Proposition 5.3,1,Proposition 5.3,same_source_theorem_only,Relation,$E^{n - 4}\eta_{4}\eta_{5} = \eta_{n}\eta_{n + 1}$,Relation,$\pi_{11}^{9} = \mathbb{Z}/2\{\eta_{9}\eta_{10}\}$,False,True
9,3,Toda Proposition 5.6,1,Proposition 5.6,same_source_theorem_only,Relation,$\pi_{n + 3}^{n} = \mathbb{Z}/8\{\nu_{n}\}$,Relation,$\pi_{12}^{9} = \mathbb{Z}/8\{\nu_{9}\}$,False,True
9,3,Toda Proposition 5.6,1,Proposition 5.6,same_source_theorem_only,Relation,$\pi_{n + 3}^{n} = \mathbb{Z}/8\{E^{n - 5}\nu_{5}\}$,Relation,$\pi_{12}^{9} = \mathbb{Z}/8\{\nu_{9}\}$,False,True
9,3,Toda Proposition 5.6,1,Proposition 5.6,same_source_theorem_only,Relation,$E^{n - 5}\nu_{5} = \nu_{n}$,Relation,$\pi_{12}^{9} = \mathbb{Z}/8\{\nu_{9}\}$,False,True
9,4,Toda Proposition 5.8,1,Proposition 5.8,same_source_theorem_only,TodaPrimaryGroupZeroStatement,$\pi_{n + 4}^{n} = 0$,TodaPrimaryGroupZeroStatement,$\pi_{13}^{9} = 0$,False,True
9,4,Toda Proposition 5.8,1,Proposition 5.8,same_source_theorem_only,TodaPrimaryGroupZeroStatement,$\pi_{10}^{6} = 0$,TodaPrimaryGroupZeroStatement,$\pi_{13}^{9} = 0$,False,True
9,4,Toda Proposition 5.8,2,(4.5),not_self_reference,Toda45IsomorphismStatement,$E^{n - 6}: \pi_{6 + 4}^{6} \to \pi_{n + 4}^{n}$ は同型写像である.,TodaPrimaryGroupZeroStatement,$\pi_{13}^{9} = 0$,False,False
9,5,Toda Proposition 5.9,1,Proposition 5.9,same_source_theorem_only,TodaPrimaryGroupZeroStatement,$\pi_{n + 5}^{n} = 0$,TodaPrimaryGroupZeroStatement,$\pi_{14}^{9} = 0$,False,True
9,5,Toda Proposition 5.9,1,Proposition 5.9,same_source_theorem_only,TodaPrimaryGroupZeroStatement,$\pi_{12}^{7} = 0$,TodaPrimaryGroupZeroStatement,$\pi_{14}^{9} = 0$,False,True
9,5,Toda Proposition 5.9,2,(4.5),not_self_reference,Toda45IsomorphismStatement,$E^{n - 7}: \pi_{7 + 5}^{7} \to \pi_{n + 5}^{n}$ は同型写像である.,TodaPrimaryGroupZeroStatement,$\pi_{14}^{9} = 0$,False,False
9,6,Toda Proposition 5.11,1,Proposition 5.11,same_source_theorem_only,Relation,$\pi_{n + 6}^{n} = \mathbb{Z}/2\{\nu_{n}\nu_{n + 3}\}$,Relation,$\pi_{15}^{9} = \mathbb{Z}/2\{\nu_{9}\nu_{12}\}$,False,True
9,6,Toda Proposition 5.11,1,Proposition 5.11,same_source_theorem_only,Relation,$\pi_{14}^{8} = \mathbb{Z}/2\{\nu_{8}\nu_{11}\}$,Relation,$\pi_{15}^{9} = \mathbb{Z}/2\{\nu_{9}\nu_{12}\}$,False,True
9,6,Toda Proposition 5.11,2,(4.5),not_self_reference,Toda45IsomorphismStatement,$E^{n - 8}: \pi_{8 + 6}^{8} \to \pi_{n + 6}^{n}$ は同型写像である.,Relation,$\pi_{15}^{9} = \mathbb{Z}/2\{\nu_{9}\nu_{12}\}$,False,False
9,7,Toda Proposition 5.15,1,Proposition 5.15,same_source_theorem_only,Relation,$\pi_{12}^{5} = \mathbb{Z}/2\{\sigma'''\}$,Relation,$\pi_{16}^{9} = \mathbb{Z}/16\{\sigma_{9}\}$,False,True
9,7,Toda Proposition 5.15,1,Proposition 5.15,same_source_theorem_only,Relation,$\pi_{14}^{7} = \mathbb{Z}/8\{\sigma'\}$,Relation,$\pi_{16}^{9} = \mathbb{Z}/16\{\sigma_{9}\}$,False,True
9,7,Toda Proposition 5.15,1,Proposition 5.15,same_source_theorem_only,TodaProp515Pi12_5HopfIsomorphismStatement,"$H: \pi_{12}^{5} \xrightarrow{\cong} \mathbb{Z}/2\{4\nu_{9}\}$, $H(\sigma''') = 4\nu_{9}$ が成り立つ.",Relation,$\pi_{16}^{9} = \mathbb{Z}/16\{\sigma_{9}\}$,False,True
9,7,Toda Proposition 5.15,2,Lemma 5.14,not_self_reference,TodaLemma514Sigma8Statement,"$\sigma_{8} = xα* + -1\,y\Delta\left(\iota_{17}\right)$, $H\left(\sigma_{8}\right) = \iota_{15}$, $E\sigma_{8} = xEα*$, $2E\sigma_{8} = E^{2}\sigma'$ が成り立つ.",Relation,$\pi_{16}^{9} = \mathbb{Z}/16\{\sigma_{9}\}$,False,False
9,7,Toda Proposition 5.15,2,Lemma 5.14,not_self_reference,TodaLemma514SigmaPrimeStatement,"$2\sigma' = E\sigma''$, $H\left(\sigma'\right) = \eta_{13}$ が成り立つ.",Relation,$\pi_{16}^{9} = \mathbb{Z}/16\{\sigma_{9}\}$,False,False
9,7,Toda Proposition 5.15,3,Theorem 3.6,not_self_reference,Toda36Lemma514SigmaDoublePrimeBridgeStatement,"$8\,xEα* = E^{4}\sigma'''$ が成り立つ.",Relation,$\pi_{16}^{9} = \mathbb{Z}/16\{\sigma_{9}\}$,False,False
9,7,Toda Proposition 5.15,4,Lemma 5.13,not_self_reference,TodaLemma513Statement,"$\sigma''' \in \{\nu_{5}, 8\iota_{8}, \nu_{8}\}_{3}$, $H(\sigma''') = 4\nu_{9}$ が成り立つ.",Relation,$\pi_{16}^{9} = \mathbb{Z}/16\{\sigma_{9}\}$,False,False
10,1,Toda Proposition 5.1,1,(4.5),not_self_reference,Relation,$\pi_{n + 1}^{n} = \mathbb{Z}/2\{E^{n - 3}\eta_{3}\}$,Relation,$\pi_{11}^{10} = \mathbb{Z}/2\{\eta_{10}\}$,False,False
10,2,Toda Proposition 5.3,1,Proposition 5.3,same_source_theorem_only,Relation,$\pi_{n + 2}^{n} = \mathbb{Z}/2\{\eta_{n}\eta_{n + 1}\}$,Relation,$\pi_{12}^{10} = \mathbb{Z}/2\{\eta_{10}\eta_{11}\}$,False,True
10,2,Toda Proposition 5.3,1,Proposition 5.3,same_source_theorem_only,Relation,$\pi_{n + 2}^{n} = \mathbb{Z}/2\{E^{n - 4}\eta_{4}\eta_{5}\}$,Relation,$\pi_{12}^{10} = \mathbb{Z}/2\{\eta_{10}\eta_{11}\}$,False,True
10,2,Toda Proposition 5.3,1,Proposition 5.3,same_source_theorem_only,Relation,$E^{n - 4}\eta_{4}\eta_{5} = \eta_{n}\eta_{n + 1}$,Relation,$\pi_{12}^{10} = \mathbb{Z}/2\{\eta_{10}\eta_{11}\}$,False,True
10,3,Toda Proposition 5.6,1,Proposition 5.6,same_source_theorem_only,Relation,$\pi_{n + 3}^{n} = \mathbb{Z}/8\{\nu_{n}\}$,Relation,$\pi_{13}^{10} = \mathbb{Z}/8\{\nu_{10}\}$,False,True
10,3,Toda Proposition 5.6,1,Proposition 5.6,same_source_theorem_only,Relation,$\pi_{n + 3}^{n} = \mathbb{Z}/8\{E^{n - 5}\nu_{5}\}$,Relation,$\pi_{13}^{10} = \mathbb{Z}/8\{\nu_{10}\}$,False,True
10,3,Toda Proposition 5.6,1,Proposition 5.6,same_source_theorem_only,Relation,$E^{n - 5}\nu_{5} = \nu_{n}$,Relation,$\pi_{13}^{10} = \mathbb{Z}/8\{\nu_{10}\}$,False,True
10,4,Toda Proposition 5.8,1,Proposition 5.8,same_source_theorem_only,TodaPrimaryGroupZeroStatement,$\pi_{n + 4}^{n} = 0$,TodaPrimaryGroupZeroStatement,$\pi_{14}^{10} = 0$,False,True
10,4,Toda Proposition 5.8,1,Proposition 5.8,same_source_theorem_only,TodaPrimaryGroupZeroStatement,$\pi_{10}^{6} = 0$,TodaPrimaryGroupZeroStatement,$\pi_{14}^{10} = 0$,False,True
10,4,Toda Proposition 5.8,2,(4.5),not_self_reference,Toda45IsomorphismStatement,$E^{n - 6}: \pi_{6 + 4}^{6} \to \pi_{n + 4}^{n}$ は同型写像である.,TodaPrimaryGroupZeroStatement,$\pi_{14}^{10} = 0$,False,False
10,5,Toda Proposition 5.9,1,Proposition 5.9,same_source_theorem_only,TodaPrimaryGroupZeroStatement,$\pi_{n + 5}^{n} = 0$,TodaPrimaryGroupZeroStatement,$\pi_{15}^{10} = 0$,False,True
10,5,Toda Proposition 5.9,1,Proposition 5.9,same_source_theorem_only,TodaPrimaryGroupZeroStatement,$\pi_{12}^{7} = 0$,TodaPrimaryGroupZeroStatement,$\pi_{15}^{10} = 0$,False,True
10,5,Toda Proposition 5.9,2,(4.5),not_self_reference,Toda45IsomorphismStatement,$E^{n - 7}: \pi_{7 + 5}^{7} \to \pi_{n + 5}^{n}$ は同型写像である.,TodaPrimaryGroupZeroStatement,$\pi_{15}^{10} = 0$,False,False
10,6,Toda Proposition 5.11,1,Proposition 5.11,same_source_theorem_only,Relation,$\pi_{n + 6}^{n} = \mathbb{Z}/2\{\nu_{n}\nu_{n + 3}\}$,Relation,$\pi_{16}^{10} = \mathbb{Z}/2\{\nu_{10}\nu_{13}\}$,False,True
10,6,Toda Proposition 5.11,1,Proposition 5.11,same_source_theorem_only,Relation,$\pi_{14}^{8} = \mathbb{Z}/2\{\nu_{8}\nu_{11}\}$,Relation,$\pi_{16}^{10} = \mathbb{Z}/2\{\nu_{10}\nu_{13}\}$,False,True
10,6,Toda Proposition 5.11,2,(4.5),not_self_reference,Toda45IsomorphismStatement,$E^{n - 8}: \pi_{8 + 6}^{8} \to \pi_{n + 6}^{n}$ は同型写像である.,Relation,$\pi_{16}^{10} = \mathbb{Z}/2\{\nu_{10}\nu_{13}\}$,False,False
10,7,Toda Proposition 5.15,1,Proposition 5.15,same_source_theorem_only,Relation,$\pi_{16}^{9} = \mathbb{Z}/16\{\sigma_{9}\}$,Relation,$\pi_{17}^{10} = \mathbb{Z}/16\{\sigma_{10}\}$,False,True
10,7,Toda Proposition 5.15,2,(4.5),not_self_reference,Toda45IsomorphismStatement,$E^{n - 9}: \pi_{9 + 7}^{9} \to \pi_{n + 7}^{n}$ は同型写像である.,Relation,$\pi_{17}^{10} = \mathbb{Z}/16\{\sigma_{10}\}$,False,False
10,7,Toda Proposition 5.15,3,Lemma 5.14,not_self_reference,TodaSigmaFamilyDefinitionStatement,$\sigma_{n}$ を \(\sigma\)-family の元として定める.,Relation,$\pi_{17}^{10} = \mathbb{Z}/16\{\sigma_{10}\}$,False,False
11,1,Toda Proposition 5.1,1,(4.5),not_self_reference,Relation,$\pi_{n + 1}^{n} = \mathbb{Z}/2\{E^{n - 3}\eta_{3}\}$,Relation,$\pi_{12}^{11} = \mathbb{Z}/2\{\eta_{11}\}$,False,False
11,2,Toda Proposition 5.3,1,Proposition 5.3,same_source_theorem_only,Relation,$\pi_{n + 2}^{n} = \mathbb{Z}/2\{\eta_{n}\eta_{n + 1}\}$,Relation,$\pi_{13}^{11} = \mathbb{Z}/2\{\eta_{11}\eta_{12}\}$,False,True
11,2,Toda Proposition 5.3,1,Proposition 5.3,same_source_theorem_only,Relation,$\pi_{n + 2}^{n} = \mathbb{Z}/2\{E^{n - 4}\eta_{4}\eta_{5}\}$,Relation,$\pi_{13}^{11} = \mathbb{Z}/2\{\eta_{11}\eta_{12}\}$,False,True
11,2,Toda Proposition 5.3,1,Proposition 5.3,same_source_theorem_only,Relation,$E^{n - 4}\eta_{4}\eta_{5} = \eta_{n}\eta_{n + 1}$,Relation,$\pi_{13}^{11} = \mathbb{Z}/2\{\eta_{11}\eta_{12}\}$,False,True
11,3,Toda Proposition 5.6,1,Proposition 5.6,same_source_theorem_only,Relation,$\pi_{n + 3}^{n} = \mathbb{Z}/8\{\nu_{n}\}$,Relation,$\pi_{14}^{11} = \mathbb{Z}/8\{\nu_{11}\}$,False,True
11,3,Toda Proposition 5.6,1,Proposition 5.6,same_source_theorem_only,Relation,$\pi_{n + 3}^{n} = \mathbb{Z}/8\{E^{n - 5}\nu_{5}\}$,Relation,$\pi_{14}^{11} = \mathbb{Z}/8\{\nu_{11}\}$,False,True
11,3,Toda Proposition 5.6,1,Proposition 5.6,same_source_theorem_only,Relation,$E^{n - 5}\nu_{5} = \nu_{n}$,Relation,$\pi_{14}^{11} = \mathbb{Z}/8\{\nu_{11}\}$,False,True
11,4,Toda Proposition 5.8,1,Proposition 5.8,same_source_theorem_only,TodaPrimaryGroupZeroStatement,$\pi_{n + 4}^{n} = 0$,TodaPrimaryGroupZeroStatement,$\pi_{15}^{11} = 0$,False,True
11,4,Toda Proposition 5.8,1,Proposition 5.8,same_source_theorem_only,TodaPrimaryGroupZeroStatement,$\pi_{10}^{6} = 0$,TodaPrimaryGroupZeroStatement,$\pi_{15}^{11} = 0$,False,True
11,4,Toda Proposition 5.8,2,(4.5),not_self_reference,Toda45IsomorphismStatement,$E^{n - 6}: \pi_{6 + 4}^{6} \to \pi_{n + 4}^{n}$ は同型写像である.,TodaPrimaryGroupZeroStatement,$\pi_{15}^{11} = 0$,False,False
11,5,Toda Proposition 5.9,1,Proposition 5.9,same_source_theorem_only,TodaPrimaryGroupZeroStatement,$\pi_{n + 5}^{n} = 0$,TodaPrimaryGroupZeroStatement,$\pi_{16}^{11} = 0$,False,True
11,5,Toda Proposition 5.9,1,Proposition 5.9,same_source_theorem_only,TodaPrimaryGroupZeroStatement,$\pi_{12}^{7} = 0$,TodaPrimaryGroupZeroStatement,$\pi_{16}^{11} = 0$,False,True
11,5,Toda Proposition 5.9,2,(4.5),not_self_reference,Toda45IsomorphismStatement,$E^{n - 7}: \pi_{7 + 5}^{7} \to \pi_{n + 5}^{n}$ は同型写像である.,TodaPrimaryGroupZeroStatement,$\pi_{16}^{11} = 0$,False,False
11,6,Toda Proposition 5.11,1,Proposition 5.11,same_source_theorem_only,Relation,$\pi_{n + 6}^{n} = \mathbb{Z}/2\{\nu_{n}\nu_{n + 3}\}$,Relation,$\pi_{17}^{11} = \mathbb{Z}/2\{\nu_{11}\nu_{14}\}$,False,True
11,6,Toda Proposition 5.11,1,Proposition 5.11,same_source_theorem_only,Relation,$\pi_{14}^{8} = \mathbb{Z}/2\{\nu_{8}\nu_{11}\}$,Relation,$\pi_{17}^{11} = \mathbb{Z}/2\{\nu_{11}\nu_{14}\}$,False,True
11,6,Toda Proposition 5.11,2,(4.5),not_self_reference,Toda45IsomorphismStatement,$E^{n - 8}: \pi_{8 + 6}^{8} \to \pi_{n + 6}^{n}$ は同型写像である.,Relation,$\pi_{17}^{11} = \mathbb{Z}/2\{\nu_{11}\nu_{14}\}$,False,False
11,7,Toda Proposition 5.15,1,Proposition 5.15,same_source_theorem_only,Relation,$\pi_{16}^{9} = \mathbb{Z}/16\{\sigma_{9}\}$,Relation,$\pi_{18}^{11} = \mathbb{Z}/16\{\sigma_{11}\}$,False,True
11,7,Toda Proposition 5.15,2,(4.5),not_self_reference,Toda45IsomorphismStatement,$E^{n - 9}: \pi_{9 + 7}^{9} \to \pi_{n + 7}^{n}$ は同型写像である.,Relation,$\pi_{18}^{11} = \mathbb{Z}/16\{\sigma_{11}\}$,False,False
11,7,Toda Proposition 5.15,3,Lemma 5.14,not_self_reference,TodaSigmaFamilyDefinitionStatement,$\sigma_{n}$ を \(\sigma\)-family の元として定める.,Relation,$\pi_{18}^{11} = \mathbb{Z}/16\{\sigma_{11}\}$,False,False
12,1,Toda Proposition 5.1,1,(4.5),not_self_reference,Relation,$\pi_{n + 1}^{n} = \mathbb{Z}/2\{E^{n - 3}\eta_{3}\}$,Relation,$\pi_{13}^{12} = \mathbb{Z}/2\{\eta_{12}\}$,False,False
12,2,Toda Proposition 5.3,1,Proposition 5.3,same_source_theorem_only,Relation,$\pi_{n + 2}^{n} = \mathbb{Z}/2\{\eta_{n}\eta_{n + 1}\}$,Relation,$\pi_{14}^{12} = \mathbb{Z}/2\{\eta_{12}\eta_{13}\}$,False,True
12,2,Toda Proposition 5.3,1,Proposition 5.3,same_source_theorem_only,Relation,$\pi_{n + 2}^{n} = \mathbb{Z}/2\{E^{n - 4}\eta_{4}\eta_{5}\}$,Relation,$\pi_{14}^{12} = \mathbb{Z}/2\{\eta_{12}\eta_{13}\}$,False,True
12,2,Toda Proposition 5.3,1,Proposition 5.3,same_source_theorem_only,Relation,$E^{n - 4}\eta_{4}\eta_{5} = \eta_{n}\eta_{n + 1}$,Relation,$\pi_{14}^{12} = \mathbb{Z}/2\{\eta_{12}\eta_{13}\}$,False,True
12,3,Toda Proposition 5.6,1,Proposition 5.6,same_source_theorem_only,Relation,$\pi_{n + 3}^{n} = \mathbb{Z}/8\{\nu_{n}\}$,Relation,$\pi_{15}^{12} = \mathbb{Z}/8\{\nu_{12}\}$,False,True
12,3,Toda Proposition 5.6,1,Proposition 5.6,same_source_theorem_only,Relation,$\pi_{n + 3}^{n} = \mathbb{Z}/8\{E^{n - 5}\nu_{5}\}$,Relation,$\pi_{15}^{12} = \mathbb{Z}/8\{\nu_{12}\}$,False,True
12,3,Toda Proposition 5.6,1,Proposition 5.6,same_source_theorem_only,Relation,$E^{n - 5}\nu_{5} = \nu_{n}$,Relation,$\pi_{15}^{12} = \mathbb{Z}/8\{\nu_{12}\}$,False,True
12,4,Toda Proposition 5.8,1,Proposition 5.8,same_source_theorem_only,TodaPrimaryGroupZeroStatement,$\pi_{n + 4}^{n} = 0$,TodaPrimaryGroupZeroStatement,$\pi_{16}^{12} = 0$,False,True
12,4,Toda Proposition 5.8,1,Proposition 5.8,same_source_theorem_only,TodaPrimaryGroupZeroStatement,$\pi_{10}^{6} = 0$,TodaPrimaryGroupZeroStatement,$\pi_{16}^{12} = 0$,False,True
12,4,Toda Proposition 5.8,2,(4.5),not_self_reference,Toda45IsomorphismStatement,$E^{n - 6}: \pi_{6 + 4}^{6} \to \pi_{n + 4}^{n}$ は同型写像である.,TodaPrimaryGroupZeroStatement,$\pi_{16}^{12} = 0$,False,False
12,5,Toda Proposition 5.9,1,Proposition 5.9,same_source_theorem_only,TodaPrimaryGroupZeroStatement,$\pi_{n + 5}^{n} = 0$,TodaPrimaryGroupZeroStatement,$\pi_{17}^{12} = 0$,False,True
12,5,Toda Proposition 5.9,1,Proposition 5.9,same_source_theorem_only,TodaPrimaryGroupZeroStatement,$\pi_{12}^{7} = 0$,TodaPrimaryGroupZeroStatement,$\pi_{17}^{12} = 0$,False,True
12,5,Toda Proposition 5.9,2,(4.5),not_self_reference,Toda45IsomorphismStatement,$E^{n - 7}: \pi_{7 + 5}^{7} \to \pi_{n + 5}^{n}$ は同型写像である.,TodaPrimaryGroupZeroStatement,$\pi_{17}^{12} = 0$,False,False
12,6,Toda Proposition 5.11,1,Proposition 5.11,same_source_theorem_only,Relation,$\pi_{n + 6}^{n} = \mathbb{Z}/2\{\nu_{n}\nu_{n + 3}\}$,Relation,$\pi_{18}^{12} = \mathbb{Z}/2\{\nu_{12}\nu_{15}\}$,False,True
12,6,Toda Proposition 5.11,1,Proposition 5.11,same_source_theorem_only,Relation,$\pi_{14}^{8} = \mathbb{Z}/2\{\nu_{8}\nu_{11}\}$,Relation,$\pi_{18}^{12} = \mathbb{Z}/2\{\nu_{12}\nu_{15}\}$,False,True
12,6,Toda Proposition 5.11,2,(4.5),not_self_reference,Toda45IsomorphismStatement,$E^{n - 8}: \pi_{8 + 6}^{8} \to \pi_{n + 6}^{n}$ は同型写像である.,Relation,$\pi_{18}^{12} = \mathbb{Z}/2\{\nu_{12}\nu_{15}\}$,False,False
12,7,Toda Proposition 5.15,1,Proposition 5.15,same_source_theorem_only,Relation,$\pi_{16}^{9} = \mathbb{Z}/16\{\sigma_{9}\}$,Relation,$\pi_{19}^{12} = \mathbb{Z}/16\{\sigma_{12}\}$,False,True
12,7,Toda Proposition 5.15,2,(4.5),not_self_reference,Toda45IsomorphismStatement,$E^{n - 9}: \pi_{9 + 7}^{9} \to \pi_{n + 7}^{n}$ は同型写像である.,Relation,$\pi_{19}^{12} = \mathbb{Z}/16\{\sigma_{12}\}$,False,False
12,7,Toda Proposition 5.15,3,Lemma 5.14,not_self_reference,TodaSigmaFamilyDefinitionStatement,$\sigma_{n}$ を \(\sigma\)-family の元として定める.,Relation,$\pi_{19}^{12} = \mathbb{Z}/16\{\sigma_{12}\}$,False,False
13,1,Toda Proposition 5.1,1,(4.5),not_self_reference,Relation,$\pi_{n + 1}^{n} = \mathbb{Z}/2\{E^{n - 3}\eta_{3}\}$,Relation,$\pi_{14}^{13} = \mathbb{Z}/2\{\eta_{13}\}$,False,False
13,2,Toda Proposition 5.3,1,Proposition 5.3,same_source_theorem_only,Relation,$\pi_{n + 2}^{n} = \mathbb{Z}/2\{\eta_{n}\eta_{n + 1}\}$,Relation,$\pi_{15}^{13} = \mathbb{Z}/2\{\eta_{13}\eta_{14}\}$,False,True
13,2,Toda Proposition 5.3,1,Proposition 5.3,same_source_theorem_only,Relation,$\pi_{n + 2}^{n} = \mathbb{Z}/2\{E^{n - 4}\eta_{4}\eta_{5}\}$,Relation,$\pi_{15}^{13} = \mathbb{Z}/2\{\eta_{13}\eta_{14}\}$,False,True
13,2,Toda Proposition 5.3,1,Proposition 5.3,same_source_theorem_only,Relation,$E^{n - 4}\eta_{4}\eta_{5} = \eta_{n}\eta_{n + 1}$,Relation,$\pi_{15}^{13} = \mathbb{Z}/2\{\eta_{13}\eta_{14}\}$,False,True
13,3,Toda Proposition 5.6,1,Proposition 5.6,same_source_theorem_only,Relation,$\pi_{n + 3}^{n} = \mathbb{Z}/8\{\nu_{n}\}$,Relation,$\pi_{16}^{13} = \mathbb{Z}/8\{\nu_{13}\}$,False,True
13,3,Toda Proposition 5.6,1,Proposition 5.6,same_source_theorem_only,Relation,$\pi_{n + 3}^{n} = \mathbb{Z}/8\{E^{n - 5}\nu_{5}\}$,Relation,$\pi_{16}^{13} = \mathbb{Z}/8\{\nu_{13}\}$,False,True
13,3,Toda Proposition 5.6,1,Proposition 5.6,same_source_theorem_only,Relation,$E^{n - 5}\nu_{5} = \nu_{n}$,Relation,$\pi_{16}^{13} = \mathbb{Z}/8\{\nu_{13}\}$,False,True
13,4,Toda Proposition 5.8,1,Proposition 5.8,same_source_theorem_only,TodaPrimaryGroupZeroStatement,$\pi_{n + 4}^{n} = 0$,TodaPrimaryGroupZeroStatement,$\pi_{17}^{13} = 0$,False,True
13,4,Toda Proposition 5.8,1,Proposition 5.8,same_source_theorem_only,TodaPrimaryGroupZeroStatement,$\pi_{10}^{6} = 0$,TodaPrimaryGroupZeroStatement,$\pi_{17}^{13} = 0$,False,True
13,4,Toda Proposition 5.8,2,(4.5),not_self_reference,Toda45IsomorphismStatement,$E^{n - 6}: \pi_{6 + 4}^{6} \to \pi_{n + 4}^{n}$ は同型写像である.,TodaPrimaryGroupZeroStatement,$\pi_{17}^{13} = 0$,False,False
13,5,Toda Proposition 5.9,1,Proposition 5.9,same_source_theorem_only,TodaPrimaryGroupZeroStatement,$\pi_{n + 5}^{n} = 0$,TodaPrimaryGroupZeroStatement,$\pi_{18}^{13} = 0$,False,True
13,5,Toda Proposition 5.9,1,Proposition 5.9,same_source_theorem_only,TodaPrimaryGroupZeroStatement,$\pi_{12}^{7} = 0$,TodaPrimaryGroupZeroStatement,$\pi_{18}^{13} = 0$,False,True
13,5,Toda Proposition 5.9,2,(4.5),not_self_reference,Toda45IsomorphismStatement,$E^{n - 7}: \pi_{7 + 5}^{7} \to \pi_{n + 5}^{n}$ は同型写像である.,TodaPrimaryGroupZeroStatement,$\pi_{18}^{13} = 0$,False,False
13,6,Toda Proposition 5.11,1,Proposition 5.11,same_source_theorem_only,Relation,$\pi_{n + 6}^{n} = \mathbb{Z}/2\{\nu_{n}\nu_{n + 3}\}$,Relation,$\pi_{19}^{13} = \mathbb{Z}/2\{\nu_{13}\nu_{16}\}$,False,True
13,6,Toda Proposition 5.11,1,Proposition 5.11,same_source_theorem_only,Relation,$\pi_{14}^{8} = \mathbb{Z}/2\{\nu_{8}\nu_{11}\}$,Relation,$\pi_{19}^{13} = \mathbb{Z}/2\{\nu_{13}\nu_{16}\}$,False,True
13,6,Toda Proposition 5.11,2,(4.5),not_self_reference,Toda45IsomorphismStatement,$E^{n - 8}: \pi_{8 + 6}^{8} \to \pi_{n + 6}^{n}$ は同型写像である.,Relation,$\pi_{19}^{13} = \mathbb{Z}/2\{\nu_{13}\nu_{16}\}$,False,False
13,7,Toda Proposition 5.15,1,Proposition 5.15,same_source_theorem_only,Relation,$\pi_{16}^{9} = \mathbb{Z}/16\{\sigma_{9}\}$,Relation,$\pi_{20}^{13} = \mathbb{Z}/16\{\sigma_{13}\}$,False,True
13,7,Toda Proposition 5.15,2,(4.5),not_self_reference,Toda45IsomorphismStatement,$E^{n - 9}: \pi_{9 + 7}^{9} \to \pi_{n + 7}^{n}$ は同型写像である.,Relation,$\pi_{20}^{13} = \mathbb{Z}/16\{\sigma_{13}\}$,False,False
13,7,Toda Proposition 5.15,3,Lemma 5.14,not_self_reference,TodaSigmaFamilyDefinitionStatement,$\sigma_{n}$ を \(\sigma\)-family の元として定める.,Relation,$\pi_{20}^{13} = \mathbb{Z}/16\{\sigma_{13}\}$,False,False
14,1,Toda Proposition 5.1,1,(4.5),not_self_reference,Relation,$\pi_{n + 1}^{n} = \mathbb{Z}/2\{E^{n - 3}\eta_{3}\}$,Relation,$\pi_{15}^{14} = \mathbb{Z}/2\{\eta_{14}\}$,False,False
14,2,Toda Proposition 5.3,1,Proposition 5.3,same_source_theorem_only,Relation,$\pi_{n + 2}^{n} = \mathbb{Z}/2\{\eta_{n}\eta_{n + 1}\}$,Relation,$\pi_{16}^{14} = \mathbb{Z}/2\{\eta_{14}\eta_{15}\}$,False,True
14,2,Toda Proposition 5.3,1,Proposition 5.3,same_source_theorem_only,Relation,$\pi_{n + 2}^{n} = \mathbb{Z}/2\{E^{n - 4}\eta_{4}\eta_{5}\}$,Relation,$\pi_{16}^{14} = \mathbb{Z}/2\{\eta_{14}\eta_{15}\}$,False,True
14,2,Toda Proposition 5.3,1,Proposition 5.3,same_source_theorem_only,Relation,$E^{n - 4}\eta_{4}\eta_{5} = \eta_{n}\eta_{n + 1}$,Relation,$\pi_{16}^{14} = \mathbb{Z}/2\{\eta_{14}\eta_{15}\}$,False,True
14,3,Toda Proposition 5.6,1,Proposition 5.6,same_source_theorem_only,Relation,$\pi_{n + 3}^{n} = \mathbb{Z}/8\{\nu_{n}\}$,Relation,$\pi_{17}^{14} = \mathbb{Z}/8\{\nu_{14}\}$,False,True
14,3,Toda Proposition 5.6,1,Proposition 5.6,same_source_theorem_only,Relation,$\pi_{n + 3}^{n} = \mathbb{Z}/8\{E^{n - 5}\nu_{5}\}$,Relation,$\pi_{17}^{14} = \mathbb{Z}/8\{\nu_{14}\}$,False,True
14,3,Toda Proposition 5.6,1,Proposition 5.6,same_source_theorem_only,Relation,$E^{n - 5}\nu_{5} = \nu_{n}$,Relation,$\pi_{17}^{14} = \mathbb{Z}/8\{\nu_{14}\}$,False,True
14,4,Toda Proposition 5.8,1,Proposition 5.8,same_source_theorem_only,TodaPrimaryGroupZeroStatement,$\pi_{n + 4}^{n} = 0$,TodaPrimaryGroupZeroStatement,$\pi_{18}^{14} = 0$,False,True
14,4,Toda Proposition 5.8,1,Proposition 5.8,same_source_theorem_only,TodaPrimaryGroupZeroStatement,$\pi_{10}^{6} = 0$,TodaPrimaryGroupZeroStatement,$\pi_{18}^{14} = 0$,False,True
14,4,Toda Proposition 5.8,2,(4.5),not_self_reference,Toda45IsomorphismStatement,$E^{n - 6}: \pi_{6 + 4}^{6} \to \pi_{n + 4}^{n}$ は同型写像である.,TodaPrimaryGroupZeroStatement,$\pi_{18}^{14} = 0$,False,False
14,5,Toda Proposition 5.9,1,Proposition 5.9,same_source_theorem_only,TodaPrimaryGroupZeroStatement,$\pi_{n + 5}^{n} = 0$,TodaPrimaryGroupZeroStatement,$\pi_{19}^{14} = 0$,False,True
14,5,Toda Proposition 5.9,1,Proposition 5.9,same_source_theorem_only,TodaPrimaryGroupZeroStatement,$\pi_{12}^{7} = 0$,TodaPrimaryGroupZeroStatement,$\pi_{19}^{14} = 0$,False,True
14,5,Toda Proposition 5.9,2,(4.5),not_self_reference,Toda45IsomorphismStatement,$E^{n - 7}: \pi_{7 + 5}^{7} \to \pi_{n + 5}^{n}$ は同型写像である.,TodaPrimaryGroupZeroStatement,$\pi_{19}^{14} = 0$,False,False
14,6,Toda Proposition 5.11,1,Proposition 5.11,same_source_theorem_only,Relation,$\pi_{n + 6}^{n} = \mathbb{Z}/2\{\nu_{n}\nu_{n + 3}\}$,Relation,$\pi_{20}^{14} = \mathbb{Z}/2\{\nu_{14}\nu_{17}\}$,False,True
14,6,Toda Proposition 5.11,1,Proposition 5.11,same_source_theorem_only,Relation,$\pi_{14}^{8} = \mathbb{Z}/2\{\nu_{8}\nu_{11}\}$,Relation,$\pi_{20}^{14} = \mathbb{Z}/2\{\nu_{14}\nu_{17}\}$,False,True
14,6,Toda Proposition 5.11,2,(4.5),not_self_reference,Toda45IsomorphismStatement,$E^{n - 8}: \pi_{8 + 6}^{8} \to \pi_{n + 6}^{n}$ は同型写像である.,Relation,$\pi_{20}^{14} = \mathbb{Z}/2\{\nu_{14}\nu_{17}\}$,False,False
14,7,Toda Proposition 5.15,1,Proposition 5.15,same_source_theorem_only,Relation,$\pi_{16}^{9} = \mathbb{Z}/16\{\sigma_{9}\}$,Relation,$\pi_{21}^{14} = \mathbb{Z}/16\{\sigma_{14}\}$,False,True
14,7,Toda Proposition 5.15,2,(4.5),not_self_reference,Toda45IsomorphismStatement,$E^{n - 9}: \pi_{9 + 7}^{9} \to \pi_{n + 7}^{n}$ は同型写像である.,Relation,$\pi_{21}^{14} = \mathbb{Z}/16\{\sigma_{14}\}$,False,False
14,7,Toda Proposition 5.15,3,Lemma 5.14,not_self_reference,TodaSigmaFamilyDefinitionStatement,$\sigma_{n}$ を \(\sigma\)-family の元として定める.,Relation,$\pi_{21}^{14} = \mathbb{Z}/16\{\sigma_{14}\}$,False,False
15,1,Toda Proposition 5.1,1,(4.5),not_self_reference,Relation,$\pi_{n + 1}^{n} = \mathbb{Z}/2\{E^{n - 3}\eta_{3}\}$,Relation,$\pi_{16}^{15} = \mathbb{Z}/2\{\eta_{15}\}$,False,False
15,2,Toda Proposition 5.3,1,Proposition 5.3,same_source_theorem_only,Relation,$\pi_{n + 2}^{n} = \mathbb{Z}/2\{\eta_{n}\eta_{n + 1}\}$,Relation,$\pi_{17}^{15} = \mathbb{Z}/2\{\eta_{15}\eta_{16}\}$,False,True
15,2,Toda Proposition 5.3,1,Proposition 5.3,same_source_theorem_only,Relation,$\pi_{n + 2}^{n} = \mathbb{Z}/2\{E^{n - 4}\eta_{4}\eta_{5}\}$,Relation,$\pi_{17}^{15} = \mathbb{Z}/2\{\eta_{15}\eta_{16}\}$,False,True
15,2,Toda Proposition 5.3,1,Proposition 5.3,same_source_theorem_only,Relation,$E^{n - 4}\eta_{4}\eta_{5} = \eta_{n}\eta_{n + 1}$,Relation,$\pi_{17}^{15} = \mathbb{Z}/2\{\eta_{15}\eta_{16}\}$,False,True
15,3,Toda Proposition 5.6,1,Proposition 5.6,same_source_theorem_only,Relation,$\pi_{n + 3}^{n} = \mathbb{Z}/8\{\nu_{n}\}$,Relation,$\pi_{18}^{15} = \mathbb{Z}/8\{\nu_{15}\}$,False,True
15,3,Toda Proposition 5.6,1,Proposition 5.6,same_source_theorem_only,Relation,$\pi_{n + 3}^{n} = \mathbb{Z}/8\{E^{n - 5}\nu_{5}\}$,Relation,$\pi_{18}^{15} = \mathbb{Z}/8\{\nu_{15}\}$,False,True
15,3,Toda Proposition 5.6,1,Proposition 5.6,same_source_theorem_only,Relation,$E^{n - 5}\nu_{5} = \nu_{n}$,Relation,$\pi_{18}^{15} = \mathbb{Z}/8\{\nu_{15}\}$,False,True
15,4,Toda Proposition 5.8,1,Proposition 5.8,same_source_theorem_only,TodaPrimaryGroupZeroStatement,$\pi_{n + 4}^{n} = 0$,TodaPrimaryGroupZeroStatement,$\pi_{19}^{15} = 0$,False,True
15,4,Toda Proposition 5.8,1,Proposition 5.8,same_source_theorem_only,TodaPrimaryGroupZeroStatement,$\pi_{10}^{6} = 0$,TodaPrimaryGroupZeroStatement,$\pi_{19}^{15} = 0$,False,True
15,4,Toda Proposition 5.8,2,(4.5),not_self_reference,Toda45IsomorphismStatement,$E^{n - 6}: \pi_{6 + 4}^{6} \to \pi_{n + 4}^{n}$ は同型写像である.,TodaPrimaryGroupZeroStatement,$\pi_{19}^{15} = 0$,False,False
15,5,Toda Proposition 5.9,1,Proposition 5.9,same_source_theorem_only,TodaPrimaryGroupZeroStatement,$\pi_{n + 5}^{n} = 0$,TodaPrimaryGroupZeroStatement,$\pi_{20}^{15} = 0$,False,True
15,5,Toda Proposition 5.9,1,Proposition 5.9,same_source_theorem_only,TodaPrimaryGroupZeroStatement,$\pi_{12}^{7} = 0$,TodaPrimaryGroupZeroStatement,$\pi_{20}^{15} = 0$,False,True
15,5,Toda Proposition 5.9,2,(4.5),not_self_reference,Toda45IsomorphismStatement,$E^{n - 7}: \pi_{7 + 5}^{7} \to \pi_{n + 5}^{n}$ は同型写像である.,TodaPrimaryGroupZeroStatement,$\pi_{20}^{15} = 0$,False,False
15,6,Toda Proposition 5.11,1,Proposition 5.11,same_source_theorem_only,Relation,$\pi_{n + 6}^{n} = \mathbb{Z}/2\{\nu_{n}\nu_{n + 3}\}$,Relation,$\pi_{21}^{15} = \mathbb{Z}/2\{\nu_{15}\nu_{18}\}$,False,True
15,6,Toda Proposition 5.11,1,Proposition 5.11,same_source_theorem_only,Relation,$\pi_{14}^{8} = \mathbb{Z}/2\{\nu_{8}\nu_{11}\}$,Relation,$\pi_{21}^{15} = \mathbb{Z}/2\{\nu_{15}\nu_{18}\}$,False,True
15,6,Toda Proposition 5.11,2,(4.5),not_self_reference,Toda45IsomorphismStatement,$E^{n - 8}: \pi_{8 + 6}^{8} \to \pi_{n + 6}^{n}$ は同型写像である.,Relation,$\pi_{21}^{15} = \mathbb{Z}/2\{\nu_{15}\nu_{18}\}$,False,False
15,7,Toda Proposition 5.15,1,Proposition 5.15,same_source_theorem_only,Relation,$\pi_{16}^{9} = \mathbb{Z}/16\{\sigma_{9}\}$,Relation,$\pi_{22}^{15} = \mathbb{Z}/16\{\sigma_{15}\}$,False,True
15,7,Toda Proposition 5.15,2,(4.5),not_self_reference,Toda45IsomorphismStatement,$E^{n - 9}: \pi_{9 + 7}^{9} \to \pi_{n + 7}^{n}$ は同型写像である.,Relation,$\pi_{22}^{15} = \mathbb{Z}/16\{\sigma_{15}\}$,False,False
15,7,Toda Proposition 5.15,3,Lemma 5.14,not_self_reference,TodaSigmaFamilyDefinitionStatement,$\sigma_{n}$ を \(\sigma\)-family の元として定める.,Relation,$\pi_{22}^{15} = \mathbb{Z}/16\{\sigma_{15}\}$,False,False
