candidate_id,decision,older_test_id,newer_test_id,older_exists,newer_exists,both_exist,closure_status
R3-00001,removable_duplicate,tests/test_expression.py::test_phase22_2_generator_symbol_different_family_is_not_equal,tests/test_expression.py::test_phase22_5_indexed_generator_families_remain_distinct,False,True,False,resolved_removable_pair
R3-00002,removable_duplicate,tests/test_expression.py::test_phase31_2_smash_product_is_distinct_from_composition,tests/test_expression.py::test_phase31_7_smash_product_is_not_implicitly_composition,False,True,False,resolved_removable_pair
R3-00003,removable_duplicate,tests/test_inference_rule_pattern.py::test_inference_rule_applicability_searches_available_steps,tests/test_inference_rule_pattern.py::test_inference_rule_applicable_with_multiple_patterns,False,True,False,resolved_removable_pair
R3-00004,retain_independent,tests/test_map_facts.py::test_phase30_3a_ehp_h_map_is_canonical_generalized_hopf_invariant_map,tests/test_phase45_toda_prop42_sequence.py::test_phase45_2_canonical_h_map_remains_existing_map_symbol,True,True,True,retain_pair_observed
R3-00005,removable_duplicate,tests/test_phase100_12b_standard_repository_integration.py::test_phase100_12b_standard_integration_has_deterministic_entry_order,tests/test_phase109_24_generic_indexed_sigma_proof_scope_integration.py::test_phase109_24_standard_repository_roots_remain_unchanged,False,True,False,resolved_removable_pair
R3-00006,removable_duplicate,tests/test_phase109_20_sigma10_concrete_specialization.py::test_phase109_20_standard_repository_root_entries_remain_unchanged,tests/test_phase109_24_generic_indexed_sigma_proof_scope_integration.py::test_phase109_24_standard_repository_roots_remain_unchanged,False,True,False,resolved_removable_pair
R3-00007,removable_duplicate,tests/test_phase109_22_generic_indexed_sigma_specialization.py::test_phase109_22_standard_repository_root_entries_remain_unchanged,tests/test_phase109_24_generic_indexed_sigma_proof_scope_integration.py::test_phase109_24_standard_repository_roots_remain_unchanged,False,True,False,resolved_removable_pair
R3-00008,historical_keep,tests/test_phase100_12c2_minimal_cli_integration.py::test_phase100_12c2_cli_not_found_is_explicit_and_nonzero,tests/test_phase101_cli_boundary_alias_unknown_regression.py::test_phase101_5_legacy_not_found_exit_code_remains_one,True,True,True,historical_preserved
R3-00009,removable_duplicate,tests/test_phase100_minimal_generator_resolver.py::test_phase100_3_resolves_plain_family_aliases,tests/test_phase100_minimal_generator_resolver.py::test_phase100_3_resolves_positive_integer_indices,False,True,False,resolved_removable_pair
R3-00010,removable_duplicate,tests/test_phase100_minimal_generator_resolver.py::test_phase100_3_rejects_invalid_index_syntax,tests/test_phase100_minimal_generator_resolver.py::test_phase100_3_rejects_unsupported_free_form_input,False,True,False,resolved_removable_pair
R3-00011,retain_independent,tests/test_phase101_production_element_exploration_facade.py::test_phase101_2_reuses_existing_invalid_input_validation,tests/test_phase101_production_exploration_validation.py::test_phase101_4_invalid_string_input_reuses_resolver_validation,True,True,True,retain_pair_observed
R3-00012,retain_independent,tests/test_phase103_6d101_toda_lemma54_nu4_membership_theorem_specific_classification.py::test_phase103_6d101_preserves_other_category_counts,tests/test_phase103_6d98_toda53_eta3_twice_zero_theorem_specific_classification.py::test_phase103_6d98_preserves_other_category_counts,True,True,True,retain_pair_observed
R3-00013,retain_independent,tests/test_phase103_6d106_toda53_nu_prime_lemma52_membership_theorem_specific_classification.py::test_phase103_6d106_preserves_other_category_counts,tests/test_phase103_6d98_toda53_eta3_twice_zero_theorem_specific_classification.py::test_phase103_6d98_preserves_other_category_counts,True,True,True,retain_pair_observed
R3-00014,retain_independent,tests/test_phase103_6d101_toda_lemma54_nu4_membership_theorem_specific_classification.py::test_phase103_6d101_catalog_size_and_fixed_point_safety_are_unchanged,tests/test_phase103_6d98_toda53_eta3_twice_zero_theorem_specific_classification.py::test_phase103_6d98_catalog_size_and_fixed_point_safety_are_unchanged,True,True,True,retain_pair_observed
R3-00015,retain_independent,tests/test_phase103_6d106_toda53_nu_prime_lemma52_membership_theorem_specific_classification.py::test_phase103_6d106_catalog_size_and_fixed_point_safety_are_unchanged,tests/test_phase103_6d98_toda53_eta3_twice_zero_theorem_specific_classification.py::test_phase103_6d98_catalog_size_and_fixed_point_safety_are_unchanged,True,True,True,retain_pair_observed
R3-00016,retain_independent,tests/test_phase103_6d108_remaining_strict_self_identifying_nu_prime_grouped_relevance_classification.py::test_phase103_6d108_catalog_size_and_fixed_point_safety_are_unchanged,tests/test_phase103_6d98_toda53_eta3_twice_zero_theorem_specific_classification.py::test_phase103_6d98_catalog_size_and_fixed_point_safety_are_unchanged,True,True,True,retain_pair_observed
R3-00017,retain_independent,tests/test_phase103_6d35_residual_suspension_injectivity_structural_classification.py::test_phase103_6d35_catalog_size_and_fixed_point_safety_are_unchanged,tests/test_phase103_6d98_toda53_eta3_twice_zero_theorem_specific_classification.py::test_phase103_6d98_catalog_size_and_fixed_point_safety_are_unchanged,True,True,True,retain_pair_observed
R3-00018,retain_independent,tests/test_phase103_6d38_zero_group_exactness_structural_classification.py::test_phase103_6d38_catalog_size_and_fixed_point_safety_are_unchanged,tests/test_phase103_6d98_toda53_eta3_twice_zero_theorem_specific_classification.py::test_phase103_6d98_catalog_size_and_fixed_point_safety_are_unchanged,True,True,True,retain_pair_observed
R3-00019,retain_independent,tests/test_phase103_6d41_prop53_dependent_theorem_specific_classification.py::test_phase103_6d41_catalog_size_and_fixed_point_safety_are_unchanged,tests/test_phase103_6d98_toda53_eta3_twice_zero_theorem_specific_classification.py::test_phase103_6d98_catalog_size_and_fixed_point_safety_are_unchanged,True,True,True,retain_pair_observed
R3-00020,retain_independent,tests/test_phase103_6d44_prop56_specialization_theorem_specific_classification.py::test_phase103_6d44_catalog_size_and_fixed_point_safety_are_unchanged,tests/test_phase103_6d98_toda53_eta3_twice_zero_theorem_specific_classification.py::test_phase103_6d98_catalog_size_and_fixed_point_safety_are_unchanged,True,True,True,retain_pair_observed
R3-00021,retain_independent,tests/test_phase103_6d47_stable_zero_transport_structural_classification.py::test_phase103_6d47_catalog_size_and_fixed_point_safety_are_unchanged,tests/test_phase103_6d98_toda53_eta3_twice_zero_theorem_specific_classification.py::test_phase103_6d98_catalog_size_and_fixed_point_safety_are_unchanged,True,True,True,retain_pair_observed
R3-00022,retain_independent,tests/test_phase103_6d50_toda52_finite_cyclic_transport_theorem_specific_classification.py::test_phase103_6d50_catalog_size_and_fixed_point_safety_are_unchanged,tests/test_phase103_6d98_toda53_eta3_twice_zero_theorem_specific_classification.py::test_phase103_6d98_catalog_size_and_fixed_point_safety_are_unchanged,True,True,True,retain_pair_observed
R3-00023,retain_independent,tests/test_phase103_6d53_concrete_composition_zero_theorem_specific_classification.py::test_phase103_6d53_catalog_size_and_fixed_point_safety_are_unchanged,tests/test_phase103_6d98_toda53_eta3_twice_zero_theorem_specific_classification.py::test_phase103_6d98_catalog_size_and_fixed_point_safety_are_unchanged,True,True,True,retain_pair_observed
R3-00024,retain_independent,tests/test_phase103_6d56_prop53_finite_cyclic_suspension_transport_theorem_specific_classification.py::test_phase103_6d56_catalog_size_and_fixed_point_safety_are_unchanged,tests/test_phase103_6d98_toda53_eta3_twice_zero_theorem_specific_classification.py::test_phase103_6d98_catalog_size_and_fixed_point_safety_are_unchanged,True,True,True,retain_pair_observed
R3-00025,retain_independent,tests/test_phase103_6d59_prop53_eta_square_suspension_bridge_classification.py::test_phase103_6d59_catalog_size_and_fixed_point_safety_are_unchanged,tests/test_phase103_6d98_toda53_eta3_twice_zero_theorem_specific_classification.py::test_phase103_6d98_catalog_size_and_fixed_point_safety_are_unchanged,True,True,True,retain_pair_observed
R3-00026,retain_independent,tests/test_phase103_6d62_lemma54_nu4_construction_consequence_theorem_specific_classification.py::test_phase103_6d62_catalog_size_and_fixed_point_safety_are_unchanged,tests/test_phase103_6d98_toda53_eta3_twice_zero_theorem_specific_classification.py::test_phase103_6d98_catalog_size_and_fixed_point_safety_are_unchanged,True,True,True,retain_pair_observed
R3-00027,retain_independent,tests/test_phase103_6d65_prop511_finite_dimensional_nu_squared_transport_theorem_specific_classification.py::test_phase103_6d65_catalog_size_and_fixed_point_safety_are_unchanged,tests/test_phase103_6d98_toda53_eta3_twice_zero_theorem_specific_classification.py::test_phase103_6d98_catalog_size_and_fixed_point_safety_are_unchanged,True,True,True,retain_pair_observed
R3-00028,retain_independent,tests/test_phase103_6d68_cross_theorem_stable_range_transport_theorem_specific_classification.py::test_phase103_6d68_catalog_size_and_fixed_point_safety_are_unchanged,tests/test_phase103_6d98_toda53_eta3_twice_zero_theorem_specific_classification.py::test_phase103_6d98_catalog_size_and_fixed_point_safety_are_unchanged,True,True,True,retain_pair_observed
R3-00029,retain_independent,tests/test_phase103_6d71_prop51_derived_eta_zero_relation_theorem_specific_classification.py::test_phase103_6d71_catalog_size_and_fixed_point_safety_are_unchanged,tests/test_phase103_6d98_toda53_eta3_twice_zero_theorem_specific_classification.py::test_phase103_6d98_catalog_size_and_fixed_point_safety_are_unchanged,True,True,True,retain_pair_observed
R3-00030,retain_independent,tests/test_phase103_6d73_prop511_pi14_13_eta13_group_identification_theorem_specific_classification.py::test_phase103_6d73_catalog_size_and_fixed_point_safety_are_unchanged,tests/test_phase103_6d98_toda53_eta3_twice_zero_theorem_specific_classification.py::test_phase103_6d98_catalog_size_and_fixed_point_safety_are_unchanged,True,True,True,retain_pair_observed
R3-00031,retain_independent,tests/test_phase103_6d76_prop56_nu_prime_order_four_theorem_specific_classification.py::test_phase103_6d76_catalog_size_and_fixed_point_safety_are_unchanged,tests/test_phase103_6d98_toda53_eta3_twice_zero_theorem_specific_classification.py::test_phase103_6d98_catalog_size_and_fixed_point_safety_are_unchanged,True,True,True,retain_pair_observed
R3-00032,retain_independent,tests/test_phase103_6d79_prop59_delta_eta11_theorem_specific_classification.py::test_phase103_6d79_catalog_size_and_fixed_point_safety_are_unchanged,tests/test_phase103_6d98_toda53_eta3_twice_zero_theorem_specific_classification.py::test_phase103_6d98_catalog_size_and_fixed_point_safety_are_unchanged,True,True,True,retain_pair_observed
R3-00033,retain_independent,tests/test_phase103_6d82_prop59_delta_eta9_squared_theorem_specific_classification.py::test_phase103_6d82_catalog_size_and_fixed_point_safety_are_unchanged,tests/test_phase103_6d98_toda53_eta3_twice_zero_theorem_specific_classification.py::test_phase103_6d98_catalog_size_and_fixed_point_safety_are_unchanged,True,True,True,retain_pair_observed
R3-00034,retain_independent,tests/test_phase103_6d85_prop59_e_nu4_eta7_squared_bridge_theorem_specific_classification.py::test_phase103_6d85_catalog_size_and_fixed_point_safety_are_unchanged,tests/test_phase103_6d98_toda53_eta3_twice_zero_theorem_specific_classification.py::test_phase103_6d98_catalog_size_and_fixed_point_safety_are_unchanged,True,True,True,retain_pair_observed
R3-00035,retain_independent,tests/test_phase103_6d88_prop59_e_nu5_eta8_squared_zero_theorem_specific_classification.py::test_phase103_6d88_catalog_size_and_fixed_point_safety_are_unchanged,tests/test_phase103_6d98_toda53_eta3_twice_zero_theorem_specific_classification.py::test_phase103_6d98_catalog_size_and_fixed_point_safety_are_unchanged,True,True,True,retain_pair_observed
R3-00036,retain_independent,tests/test_phase103_6d91_prop59_pi7_2_suspension_zero_theorem_specific_classification.py::test_phase103_6d91_catalog_size_and_fixed_point_safety_are_unchanged,tests/test_phase103_6d98_toda53_eta3_twice_zero_theorem_specific_classification.py::test_phase103_6d98_catalog_size_and_fixed_point_safety_are_unchanged,True,True,True,retain_pair_observed
R3-00037,retain_independent,tests/test_phase103_6d94_paired_symbolic_eta_family_generator_bridge_classification.py::test_phase103_6d94_catalog_size_and_fixed_point_safety_are_unchanged,tests/test_phase103_6d98_toda53_eta3_twice_zero_theorem_specific_classification.py::test_phase103_6d98_catalog_size_and_fixed_point_safety_are_unchanged,True,True,True,retain_pair_observed
R3-00038,removable_duplicate,tests/test_phase103_6d10_second_wave_classification.py::test_phase103_6d10_catalog_size_and_fixed_point_safety_are_unchanged,tests/test_phase103_6d8_first_wave_classification.py::test_phase103_6d8_catalog_entry_count_and_discovery_safety_are_unchanged,False,True,False,resolved_removable_pair
R3-00039,retain_independent,tests/test_phase103_6d35_residual_suspension_injectivity_structural_classification.py::test_phase103_6d35_preserves_delta_injectivity_closure,tests/test_phase103_6d44_prop56_specialization_theorem_specific_classification.py::test_phase103_6d44_preserves_delta_injectivity_closure,True,True,True,retain_pair_observed
R3-00040,retain_independent,tests/test_phase103_6d38_zero_group_exactness_structural_classification.py::test_phase103_6d38_preserves_delta_injectivity_closure,tests/test_phase103_6d44_prop56_specialization_theorem_specific_classification.py::test_phase103_6d44_preserves_delta_injectivity_closure,True,True,True,retain_pair_observed
R3-00041,retain_independent,tests/test_phase103_6d41_prop53_dependent_theorem_specific_classification.py::test_phase103_6d41_preserves_delta_injectivity_closure,tests/test_phase103_6d44_prop56_specialization_theorem_specific_classification.py::test_phase103_6d44_preserves_delta_injectivity_closure,True,True,True,retain_pair_observed
R3-00042,retain_independent,tests/test_phase103_6d41_prop53_dependent_theorem_specific_classification.py::test_phase103_6d41_preserves_6d38_zero_group_exactness_closure,tests/test_phase103_6d47_stable_zero_transport_structural_classification.py::test_phase103_6d47_preserves_6d38_zero_group_exactness_closure,True,True,True,retain_pair_observed
R3-00043,retain_independent,tests/test_phase103_6d44_prop56_specialization_theorem_specific_classification.py::test_phase103_6d44_preserves_6d38_zero_group_exactness_closure,tests/test_phase103_6d47_stable_zero_transport_structural_classification.py::test_phase103_6d47_preserves_6d38_zero_group_exactness_closure,True,True,True,retain_pair_observed
R3-00044,retain_independent,tests/test_phase103_6d47_stable_zero_transport_structural_classification.py::test_phase103_6d47_preserves_6d44_prop56_specialization_closure,tests/test_phase103_6d50_toda52_finite_cyclic_transport_theorem_specific_classification.py::test_phase103_6d50_preserves_6d44_prop56_specialization_closure,True,True,True,retain_pair_observed
R3-00045,retain_independent,tests/test_phase103_6d4_relevance_metadata_propagation.py::test_phase103_6d4_catalog_remains_discovery_only,tests/test_phase103_standard_applicability_catalog.py::test_phase103_6_standard_catalog_is_discovery_only,True,True,True,retain_pair_observed
R3-00046,retain_independent,tests/test_phase103_6d50_toda52_finite_cyclic_transport_theorem_specific_classification.py::test_phase103_6d50_preserves_6d47_stable_zero_transport_closure,tests/test_phase103_6d53_concrete_composition_zero_theorem_specific_classification.py::test_phase103_6d53_preserves_6d47_stable_zero_transport_closure,True,True,True,retain_pair_observed
R3-00047,retain_independent,tests/test_phase103_6d53_concrete_composition_zero_theorem_specific_classification.py::test_phase103_6d53_preserves_6d50_toda52_transport_closure,tests/test_phase103_6d56_prop53_finite_cyclic_suspension_transport_theorem_specific_classification.py::test_phase103_6d56_preserves_6d50_toda52_transport_closure,True,True,True,retain_pair_observed
R3-00048,retain_independent,tests/test_phase103_6d56_prop53_finite_cyclic_suspension_transport_theorem_specific_classification.py::test_phase103_6d56_preserves_6d53_composition_zero_closure,tests/test_phase103_6d59_prop53_eta_square_suspension_bridge_classification.py::test_phase103_6d59_preserves_6d53_composition_zero_closure,True,True,True,retain_pair_observed
R3-00049,retain_independent,tests/test_phase103_6d59_prop53_eta_square_suspension_bridge_classification.py::test_phase103_6d59_preserves_6d56_prop53_transport_closure,tests/test_phase103_6d62_lemma54_nu4_construction_consequence_theorem_specific_classification.py::test_phase103_6d62_preserves_6d56_prop53_transport_closure,True,True,True,retain_pair_observed
R3-00050,retain_independent,tests/test_phase103_6d62_lemma54_nu4_construction_consequence_theorem_specific_classification.py::test_phase103_6d62_preserves_6d59_eta_square_bridge_closure,tests/test_phase103_6d65_prop511_finite_dimensional_nu_squared_transport_theorem_specific_classification.py::test_phase103_6d65_preserves_6d59_eta_square_bridge_closure,True,True,True,retain_pair_observed
R3-00051,retain_independent,tests/test_phase103_6d65_prop511_finite_dimensional_nu_squared_transport_theorem_specific_classification.py::test_phase103_6d65_preserves_6d62_lemma54_nu4_consequence_closure,tests/test_phase103_6d68_cross_theorem_stable_range_transport_theorem_specific_classification.py::test_phase103_6d68_preserves_6d62_lemma54_nu4_consequence_closure,True,True,True,retain_pair_observed
R3-00052,retain_independent,tests/test_phase103_6d71_prop51_derived_eta_zero_relation_theorem_specific_classification.py::test_phase103_6d71_preserves_6d68_stable_range_transport_closure,tests/test_phase103_6d73_prop511_pi14_13_eta13_group_identification_theorem_specific_classification.py::test_phase103_6d73_preserves_6d68_stable_range_transport_closure,True,True,True,retain_pair_observed
R3-00053,retain_independent,tests/test_phase103_6d76_prop56_nu_prime_order_four_theorem_specific_classification.py::test_phase103_6d76_preserves_structural_and_map_property_counts,tests/test_phase103_6d91_prop59_pi7_2_suspension_zero_theorem_specific_classification.py::test_phase103_6d91_preserves_structural_and_map_property_counts,True,True,True,retain_pair_observed
R3-00054,retain_independent,tests/test_phase103_6d79_prop59_delta_eta11_theorem_specific_classification.py::test_phase103_6d79_preserves_structural_and_map_property_counts,tests/test_phase103_6d91_prop59_pi7_2_suspension_zero_theorem_specific_classification.py::test_phase103_6d91_preserves_structural_and_map_property_counts,True,True,True,retain_pair_observed
R3-00055,retain_independent,tests/test_phase103_6d82_prop59_delta_eta9_squared_theorem_specific_classification.py::test_phase103_6d82_preserves_structural_and_map_property_counts,tests/test_phase103_6d91_prop59_pi7_2_suspension_zero_theorem_specific_classification.py::test_phase103_6d91_preserves_structural_and_map_property_counts,True,True,True,retain_pair_observed
R3-00056,retain_independent,tests/test_phase103_6d85_prop59_e_nu4_eta7_squared_bridge_theorem_specific_classification.py::test_phase103_6d85_preserves_structural_and_map_property_counts,tests/test_phase103_6d91_prop59_pi7_2_suspension_zero_theorem_specific_classification.py::test_phase103_6d91_preserves_structural_and_map_property_counts,True,True,True,retain_pair_observed
R3-00057,retain_independent,tests/test_phase103_6d88_prop59_e_nu5_eta8_squared_zero_theorem_specific_classification.py::test_phase103_6d88_preserves_structural_and_map_property_counts,tests/test_phase103_6d91_prop59_pi7_2_suspension_zero_theorem_specific_classification.py::test_phase103_6d91_preserves_structural_and_map_property_counts,True,True,True,retain_pair_observed
R3-00058,removable_duplicate,tests/test_phase109_12_nu5_proof_derived_ambient_fallback.py::test_phase109_12_sigma7_remains_out_of_stable_sigma_specialization_scope,tests/test_phase109_18_sigma9_indexed_finite_cyclic_fallback.py::test_phase109_18_sigma7_remains_below_stable_symbolic_specialization_boundary,False,True,False,resolved_removable_pair
R3-00059,removable_duplicate,tests/test_phase109_14_decorated_sigma_finite_cyclic_fallback.py::test_phase109_14_sigma7_stable_specialization_boundary_remains_unsupported,tests/test_phase109_18_sigma9_indexed_finite_cyclic_fallback.py::test_phase109_18_sigma7_remains_below_stable_symbolic_specialization_boundary,False,True,False,resolved_removable_pair
R3-00060,retain_independent,tests/test_phase109_16_sigma8_direct_sum_fallback.py::test_phase109_16_sigma7_stable_specialization_remains_unsupported,tests/test_phase109_18_sigma9_indexed_finite_cyclic_fallback.py::test_phase109_18_sigma7_remains_below_stable_symbolic_specialization_boundary,True,True,True,retain_pair_observed
R3-00061,retain_independent,tests/test_phase109_14_decorated_sigma_finite_cyclic_fallback.py::test_phase109_14_sigma_prime_does_not_select_pi15_8_suspended_occurrence,tests/test_phase109_16_sigma8_direct_sum_fallback.py::test_phase109_16_sigma_prime_still_selects_pi14_7_not_pi15_8,True,True,True,retain_pair_observed
R3-00062,removable_duplicate,tests/test_phase109_14_decorated_sigma_finite_cyclic_fallback.py::test_phase109_14_nu5_phase109_12_fallback_still_works,tests/test_phase109_18_sigma9_indexed_finite_cyclic_fallback.py::test_phase109_18_nu5_fallback_still_works,False,True,False,resolved_removable_pair
R3-00063,retain_independent,tests/test_phase109_16_sigma8_direct_sum_fallback.py::test_phase109_16_nu5_finite_cyclic_fallback_still_works,tests/test_phase109_18_sigma9_indexed_finite_cyclic_fallback.py::test_phase109_18_nu5_fallback_still_works,True,True,True,retain_pair_observed
R3-00064,removable_duplicate,tests/test_phase110_10_operation_query_proof_replay_cli.py::test_phase110_10_existing_query_command_is_unchanged,tests/test_phase110_6_operation_query_cli_integration.py::test_phase110_6_query_not_found_is_exit_one,False,True,False,resolved_removable_pair
R3-00065,removable_duplicate,tests/test_phase114_3_nu5_operation_query_handoff.py::test_phase114_4_direct_h_fact_still_has_priority,tests/test_phase115_sigma11_operation_query_handoff.py::test_phase115_4_existing_direct_fact_still_has_priority,False,True,False,resolved_removable_pair
R3-00066,removable_duplicate,tests/test_phase117_web_app.py::test_phase117_1_post_sigma11_query_exposes_latex_to_katex,tests/test_phase118_web_app.py::test_phase118_2_existing_group_query_remains_available,False,False,False,resolved_removable_pair
R3-00067,historical_keep,tests/test_phase133_7_group_proof_narrative_labels.py::test_phase144_6_supersedes_legacy_pi6_3_narrative_contract,tests/test_phase136_2_pi6_3_narrative_structure.py::test_phase144_6_supersedes_legacy_pi6_3_narrative_contract,True,True,True,historical_preserved
R3-00068,historical_keep,tests/test_phase134_3_pi6_3_numbered_narrative.py::test_phase144_6_supersedes_legacy_pi6_3_narrative_contract,tests/test_phase136_2_pi6_3_narrative_structure.py::test_phase144_6_supersedes_legacy_pi6_3_narrative_contract,True,True,True,historical_preserved
R3-00069,historical_keep,tests/test_phase134_5_pi6_3_reference_fact_split.py::test_phase144_6_supersedes_legacy_pi6_3_narrative_contract,tests/test_phase136_2_pi6_3_narrative_structure.py::test_phase144_6_supersedes_legacy_pi6_3_narrative_contract,True,True,True,historical_preserved
R3-00070,historical_keep,tests/test_phase134_6_pi6_3_mathbook_narrative.py::test_phase144_6_supersedes_legacy_pi6_3_narrative_contract,tests/test_phase136_2_pi6_3_narrative_structure.py::test_phase144_6_supersedes_legacy_pi6_3_narrative_contract,True,True,True,historical_preserved
R3-00071,historical_keep,tests/test_phase134_7_pi6_3_final_narrative.py::test_phase144_6_supersedes_legacy_pi6_3_narrative_contract,tests/test_phase136_2_pi6_3_narrative_structure.py::test_phase144_6_supersedes_legacy_pi6_3_narrative_contract,True,True,True,historical_preserved
R3-00072,historical_keep,tests/test_phase134_9_pi6_3_snapshot.py::test_phase144_6_supersedes_legacy_pi6_3_narrative_contract,tests/test_phase136_2_pi6_3_narrative_structure.py::test_phase144_6_supersedes_legacy_pi6_3_narrative_contract,True,True,True,historical_preserved
R3-00073,historical_keep,tests/test_phase136_1_pi6_3_narrative_prose.py::test_phase144_6_supersedes_legacy_pi6_3_narrative_contract,tests/test_phase136_2_pi6_3_narrative_structure.py::test_phase144_6_supersedes_legacy_pi6_3_narrative_contract,True,True,True,historical_preserved
R3-00074,removable_duplicate,tests/test_phase133_7_group_proof_narrative_labels.py::test_phase144_6_pi6_3_generic_route_preserves_target,tests/test_phase136_2_pi6_3_narrative_structure.py::test_phase144_6_pi6_3_generic_route_preserves_target,False,True,False,resolved_removable_pair
R3-00075,removable_duplicate,tests/test_phase134_3_pi6_3_numbered_narrative.py::test_phase144_6_pi6_3_generic_route_preserves_target,tests/test_phase136_2_pi6_3_narrative_structure.py::test_phase144_6_pi6_3_generic_route_preserves_target,False,True,False,resolved_removable_pair
R3-00076,removable_duplicate,tests/test_phase134_5_pi6_3_reference_fact_split.py::test_phase144_6_pi6_3_generic_route_preserves_target,tests/test_phase136_2_pi6_3_narrative_structure.py::test_phase144_6_pi6_3_generic_route_preserves_target,False,True,False,resolved_removable_pair
R3-00077,removable_duplicate,tests/test_phase134_6_pi6_3_mathbook_narrative.py::test_phase144_6_pi6_3_generic_route_preserves_target,tests/test_phase136_2_pi6_3_narrative_structure.py::test_phase144_6_pi6_3_generic_route_preserves_target,False,True,False,resolved_removable_pair
R3-00078,removable_duplicate,tests/test_phase134_7_pi6_3_final_narrative.py::test_phase144_6_pi6_3_generic_route_preserves_target,tests/test_phase136_2_pi6_3_narrative_structure.py::test_phase144_6_pi6_3_generic_route_preserves_target,False,True,False,resolved_removable_pair
R3-00079,removable_duplicate,tests/test_phase134_9_pi6_3_snapshot.py::test_phase144_6_pi6_3_generic_route_preserves_target,tests/test_phase136_2_pi6_3_narrative_structure.py::test_phase144_6_pi6_3_generic_route_preserves_target,False,True,False,resolved_removable_pair
R3-00080,removable_duplicate,tests/test_phase136_1_pi6_3_narrative_prose.py::test_phase144_6_pi6_3_generic_route_preserves_target,tests/test_phase136_2_pi6_3_narrative_structure.py::test_phase144_6_pi6_3_generic_route_preserves_target,False,True,False,resolved_removable_pair
R3-00081,removable_duplicate,tests/test_phase134_11_pi8_5_narrative.py::test_phase134_11_pi8_5_has_two_references_in_use_order,tests/test_phase134_11_testfix_v3.py::test_phase134_11_testfix_v3_keeps_reference_order,False,True,False,resolved_removable_pair
R3-00082,historical_keep,tests/test_phase134_16_presentation_catalog.py::test_phase134_16_reference_candidate_catalog_contains_existing_types,tests/test_phase141_9_catalog_compatibility.py::test_phase141_9_reference_candidate_catalog_remains_backward_compatible,True,True,True,historical_preserved
R3-00083,retain_independent,tests/test_phase143_12_fix2_order_subject.py::test_phase143_12_fix2_pi6_3_order_subject_uses_local_calculation,tests/test_phase143_12_purpose_subject.py::test_phase143_12_pi6_3_order_subject_is_nu_prime,True,True,True,retain_pair_observed
R3-00084,retain_independent,tests/test_phase143_12_fix2b_order_subject.py::test_phase143_12_fix2b_pi6_3_order_subject_uses_local_calculation,tests/test_phase143_12_purpose_subject.py::test_phase143_12_pi6_3_order_subject_is_nu_prime,True,True,True,retain_pair_observed
R3-00085,removable_duplicate,tests/test_phase143_12_fix2_order_subject.py::test_phase143_12_fix2_pi8_5_order_subjects_are_unambiguous,tests/test_phase143_12_fix2c_order_subject.py::test_phase143_12_fix2c_pi8_5_order_subjects_remain_resolved,False,True,False,resolved_removable_pair
R3-00086,removable_duplicate,tests/test_phase143_12_fix2b_order_subject.py::test_phase143_12_fix2b_pi8_5_order_subjects_are_unambiguous,tests/test_phase143_12_fix2c_order_subject.py::test_phase143_12_fix2c_pi8_5_order_subjects_remain_resolved,False,True,False,resolved_removable_pair
R3-00087,removable_duplicate,tests/test_phase143_1_generic_proof_order.py::test_phase143_1_generic_order_has_no_pi6_specific_hardcoding,tests/test_phase143_1b_semantic_proof_order.py::test_phase143_1b_generic_order_has_no_pi6_specific_hardcoding,False,True,False,resolved_removable_pair
R3-00088,retain_independent,tests/test_phase143_30_exactness_method_transition.py::test_phase143_30_pi6_3_order_renders_exactness_transition,tests/test_phase154_r6_2_repair1_missing_shared_sources.py::test_phase154_r6_2_repair1_exactness_transition_uses_ascii_comma,True,True,True,retain_pair_observed
R3-00089,removable_duplicate,tests/test_phase143_53b_r_conclusion_aware_connector.py::test_phase143_53b_r_pi15_8_connector_still_precedes_target,tests/test_phase143_61b_r_semantic_suppression_priority.py::test_phase143_61b_r_keeps_pi15_8_final_conclusion,False,True,False,resolved_removable_pair
R3-00090,removable_duplicate,tests/test_phase143_53b_transition_connectors.py::test_phase143_53b_pi15_8_aggregate_derivation_connects_target,tests/test_phase143_61b_r_semantic_suppression_priority.py::test_phase143_61b_r_keeps_pi15_8_final_conclusion,False,True,False,resolved_removable_pair
R3-00091,removable_duplicate,tests/test_phase143_55b_conclusion_step_ordering.py::test_phase143_55b_pi15_8_target_connector_remains_correct,tests/test_phase143_61b_r_semantic_suppression_priority.py::test_phase143_61b_r_keeps_pi15_8_final_conclusion,False,True,False,resolved_removable_pair
R3-00092,removable_duplicate,tests/test_phase143_59b_group_structure_duplicate_suppression.py::test_phase143_59b_pi15_8_keeps_final_group_conclusion,tests/test_phase143_61b_r_semantic_suppression_priority.py::test_phase143_61b_r_keeps_pi15_8_final_conclusion,False,True,False,resolved_removable_pair
R3-00093,removable_duplicate,tests/test_phase143_53b_r_conclusion_aware_connector.py::test_phase143_53b_r_pi16_9_support_definition_stays_unconnected,tests/test_phase143_55b_conclusion_step_ordering.py::test_phase143_55b_sigma9_definition_still_has_no_derivation_connector,False,True,False,resolved_removable_pair
R3-00094,removable_duplicate,tests/test_phase143_53b_transition_connectors.py::test_phase143_53b_pi16_9_definition_support_has_no_connector,tests/test_phase143_55b_conclusion_step_ordering.py::test_phase143_55b_sigma9_definition_still_has_no_derivation_connector,False,True,False,resolved_removable_pair
R3-00095,removable_duplicate,tests/test_phase143_53b_r_conclusion_aware_connector.py::test_phase143_53b_r_pi16_9_connector_still_precedes_target,tests/test_phase143_61b_direct_premise_narrative.py::test_phase143_61b_pi16_9_final_conclusion_remains,False,True,False,resolved_removable_pair
R3-00096,removable_duplicate,tests/test_phase143_53b_transition_connectors.py::test_phase143_53b_pi16_9_derivation_connects_target,tests/test_phase143_61b_direct_premise_narrative.py::test_phase143_61b_pi16_9_final_conclusion_remains,False,True,False,resolved_removable_pair
R3-00097,removable_duplicate,tests/test_phase143_55b_conclusion_step_ordering.py::test_phase143_55b_pi16_9_target_connector_remains_correct,tests/test_phase143_61b_direct_premise_narrative.py::test_phase143_61b_pi16_9_final_conclusion_remains,False,True,False,resolved_removable_pair
R3-00098,removable_duplicate,tests/test_phase143_53b_transition_connectors.py::test_phase143_53b_pi6_3_derivation_connects_order_and_target,tests/test_phase143_57c_step_derivation_connector.py::test_phase143_57c_argument_level_connector_remains_separate,False,True,False,resolved_removable_pair
R3-00099,removable_duplicate,tests/test_phase143_59b_group_structure_duplicate_suppression.py::test_phase143_59b_pi15_8_keeps_transported_semantic_decomposition,tests/test_phase143_61b_r_semantic_suppression_priority.py::test_phase143_61b_r_semantic_aggregate_survives_relocation,False,True,False,resolved_removable_pair
R3-00100,removable_duplicate,tests/test_phase143_61b_r_semantic_suppression_priority.py::test_phase143_61b_r_keeps_pi8_5_relocated_direct_premise,tests/test_phase143_63a_residual_fallback_provenance.py::test_phase143_63a_pi8_5_direct_premise_placement_remains,False,True,False,resolved_removable_pair
R3-00101,removable_duplicate,tests/test_phase143_63a_r_exactness_repair.py::test_phase143_63a_r_pi8_5_direct_premise_placement_remains,tests/test_phase143_63a_residual_fallback_provenance.py::test_phase143_63a_pi8_5_direct_premise_placement_remains,False,True,False,resolved_removable_pair
R3-00102,removable_duplicate,tests/test_phase144_6_r5_15u_evidence_integration.py::test_phase144_6_r5_15u_resolves_all_edge_local_visible_contributions,tests/test_phase144_6_r5_15u_r1_evidence_integration.py::test_phase144_6_r5_15u_r1_resolves_all_edge_local_visible_contributions,False,True,False,resolved_removable_pair
R3-00103,retain_independent,tests/test_phase144_6_r5_17a_proof_chain_selection_audit.py::test_phase144_6_r5_17a_pi6_3_has_three_argument_chain_roots,tests/test_phase144_6_r5_17b_generic_proof_chain_types.py::test_phase144_6_r5_17b_extracts_three_argument_chain_sets,True,True,True,retain_pair_observed
R3-00104,retain_independent,tests/test_phase144_6_r5_17a_r2_argument_support_edge_integration.py::test_phase144_6_r5_17a_r2_preserves_three_pi6_3_arguments,tests/test_phase144_6_r5_17b_generic_proof_chain_types.py::test_phase144_6_r5_17b_extracts_three_argument_chain_sets,True,True,True,retain_pair_observed
R3-00105,retain_independent,tests/test_phase144_6_r5_17a_r3_support_edge_correspondence.py::test_phase144_6_r5_17a_r3_preserves_three_pi6_3_arguments,tests/test_phase144_6_r5_17b_generic_proof_chain_types.py::test_phase144_6_r5_17b_extracts_three_argument_chain_sets,True,True,True,retain_pair_observed
R3-00106,removable_duplicate,tests/test_phase144_6_r5_39_explanatory_contribution_narrative_necessity_audit.py::test_phase144_6_r5_39_contribution_groups_share_occurrence_identity_space,tests/test_phase144_6_r5_39_explanatory_contribution_narrative_necessity_audit.py::test_phase144_6_r5_39_inventory_matches_phase38_contribution_count,False,True,False,resolved_removable_pair
R3-00107,removable_duplicate,tests/test_phase144_6_r5_41_contribution_topological_order_determinism_audit.py::test_phase144_6_r5_41_pi6_five_contributions_are_unique_chain,tests/test_phase144_6_r5_41_contribution_topological_order_determinism_audit.py::test_phase144_6_r5_41_pi6_order_has_five_distinct_keys,False,True,False,resolved_removable_pair
R3-00108,removable_duplicate,tests/test_phase144_6_r5_43_10_transport_chain_compression_production.py::test_phase144_6_r5_43_10_has_no_pi6_specific_branch,tests/test_phase144_6_r5_43_generic_renderer_contribution_connection.py::test_phase144_6_r5_43_has_no_pi6_specific_branch,False,True,False,resolved_removable_pair
R3-00109,removable_duplicate,tests/test_phase144_6_r5_43_2_placement_aware_contribution_insertion.py::test_phase144_6_r5_43_2_has_no_pi6_specific_branch,tests/test_phase144_6_r5_43_generic_renderer_contribution_connection.py::test_phase144_6_r5_43_has_no_pi6_specific_branch,False,True,False,resolved_removable_pair
R3-00110,removable_duplicate,tests/test_phase144_6_r5_43_4_dependency_aware_contribution_connector.py::test_phase144_6_r5_43_4_has_no_pi6_specific_branch,tests/test_phase144_6_r5_43_generic_renderer_contribution_connection.py::test_phase144_6_r5_43_has_no_pi6_specific_branch,False,True,False,resolved_removable_pair
R3-00111,removable_duplicate,tests/test_phase144_6_r5_43_11c_non_detached_fallback_placement_repair.py::test_phase144_6_r5_43_11c_connects_all_non_detached_selected_contributions,tests/test_phase144_6_r5_43_11c_r2_argument_participation_guard.py::test_phase144_6_r5_43_11c_r2_all_non_detached_contributions_are_insertable,False,True,False,resolved_removable_pair
R3-00112,removable_duplicate,tests/test_phase144_6_r5_43_11c_non_detached_fallback_placement_repair.py::test_phase144_6_r5_43_11c_keeps_detached_contributions_uninserted,tests/test_phase144_6_r5_43_11c_r2_argument_participation_guard.py::test_phase144_6_r5_43_11c_r2_shared_provider_does_not_reactivate_detached_argument,False,True,False,resolved_removable_pair
R3-00113,removable_duplicate,tests/test_phase148_rc2_3_exactness_exposure.py::test_phase148_rc2_3_pi6_3_keeps_derived_short_exact_sequence,tests/test_phase148_rc2_3_repair_r1.py::test_phase148_rc2_3_repair_r1_pi6_3_keeps_owned_short_exact_sequence,False,True,False,resolved_removable_pair
R3-00114,removable_duplicate,tests/test_phase148_rc2_3_exactness_exposure.py::test_phase148_rc2_3_pi10_4_hides_unowned_recursive_exactness_windows,tests/test_phase148_rc2_3_repair_r1.py::test_phase148_rc2_3_repair_r1_pi10_4_closes_relocation_bypass,False,True,False,resolved_removable_pair
R3-00115,removable_duplicate,tests/test_phase148_rc2_3_exactness_exposure.py::test_phase148_rc2_3_pi16_9_hides_unowned_recursive_exactness_window,tests/test_phase148_rc2_3_repair_r1.py::test_phase148_rc2_3_repair_r1_pi16_9_keeps_recursive_window_hidden,False,True,False,resolved_removable_pair
R3-00116,removable_duplicate,tests/test_phase150_rc4_5d_3_multiple_relation_to_order.py::test_phase150_rc4_5d_3_renderer_has_no_target_or_proposition_special_case,tests/test_phase150_rc4_5f_2_final_group_structure_reason.py::test_phase150_rc4_5f_2_renderer_has_no_target_or_proposition_special_case,False,True,False,resolved_removable_pair
R3-00117,removable_duplicate,tests/test_phase153_r7_independent_root_path.py::test_phase153_r7_repair_keeps_reference_use_and_final_group,tests/test_phase153_r7_sibling_boundary.py::test_phase153_r7_r4_keeps_consumed_reference_and_target,False,True,False,resolved_removable_pair
R3-00118,removable_duplicate,tests/test_phase153_r7_scalar_suppression_key.py::test_phase153_r7_r6_keeps_reference_and_target,tests/test_phase153_r7_sibling_boundary.py::test_phase153_r7_r4_keeps_consumed_reference_and_target,False,True,False,resolved_removable_pair
R3-00119,removable_duplicate,tests/test_phase153_r7_scalar_suppression_key.py::test_phase153_r7_r6_removes_scalar_range_with_matching_suppression_key,tests/test_phase153_r7_sibling_boundary.py::test_phase153_r7_r4_suppresses_range_shared_only_inside_unselected_sibling_branch,False,True,False,resolved_removable_pair
R3-00120,retain_independent,tests/test_phase153_r8_reference_use_prose_normalization.py::test_phase153_r8_pi6_2_keeps_final_conclusion,tests/test_phase153_r9_reference_reuse_derivation_suppression.py::test_phase153_r9_pi6_2_keeps_final_conclusion,True,True,True,retain_pair_observed
R3-00121,removable_duplicate,tests/test_phase154_r2_fix2_semantic_sentence_composition.py::test_phase154_r2_fix2_keeps_pi10_4_fixed1_result,tests/test_phase154_r2_fixed1_nu4_decomposition_semantic_prose.py::test_phase154_r2_fixed1_pi10_4_replaces_raw_nu4_rule_name_with_semantic_prose,False,True,False,resolved_removable_pair
R3-00122,retain_independent,tests/test_phase154_r2_fix3_reference_marker_completion.py::test_phase154_r2_fix3_pi11_4_has_complete_reference_use_sentence,tests/test_phase154_r5_fix1_graph_backed_reference_linkage.py::test_phase154_r5_fix1_pi11_4_links_prop44_reference_to_visible_consumer,True,True,True,retain_pair_observed
R3-00123,historical_keep,tests/test_phase154_r5_fix1_graph_backed_reference_linkage.py::test_phase154_r5_fix1_pi11_4_keeps_root_only_reference_neutral,tests/test_phase154_r5_fix1_repair2_legacy_route_linkage.py::test_phase154_r5_fix1_repair2_keeps_root_only_reference_neutral,True,True,True,historical_preserved
R3-00124,historical_keep,tests/test_phase154_r5_fix1_repair1_reference_entry_frontier_linkage.py::test_phase154_r5_fix1_repair1_keeps_root_only_reference_neutral,tests/test_phase154_r5_fix1_repair2_legacy_route_linkage.py::test_phase154_r5_fix1_repair2_keeps_root_only_reference_neutral,True,True,True,historical_preserved
R3-00125,retain_independent,tests/test_phase154_r5_fix1_graph_backed_reference_linkage.py::test_phase154_r5_fix1_does_not_duplicate_linked_consumer_fact,tests/test_phase154_r5_fix1_repair1_reference_entry_frontier_linkage.py::test_phase154_r5_fix1_repair1_does_not_duplicate_consumer_fact,True,True,True,retain_pair_observed
R3-00126,historical_keep,tests/test_phase154_r5_fix1_repair1_reference_entry_frontier_linkage.py::test_phase154_r5_fix1_repair1_pi11_4_links_prop44_reference_to_consumer,tests/test_phase154_r5_fix1_repair2_legacy_route_linkage.py::test_phase154_r5_fix1_repair2_pi11_4_links_reference_after_marker_generation,True,True,True,historical_preserved
R3-00127,removable_duplicate,tests/test_phase154_r6_1_repair3_ascii_period_policy.py::test_phase154_r6_1_repair3_keeps_reference_title_periods,tests/test_phase154_r6_2_ascii_comma_normalization.py::test_phase154_r6_2_keeps_reference_title_punctuation,False,True,False,resolved_removable_pair
R3-00128,removable_duplicate,tests/test_phase32_prop22.py::test_phase32_4_left_composition_law_rejects_missing_c,tests/test_phase32_prop22.py::test_phase32_7_left_composition_law_requires_explicit_c,False,True,False,resolved_removable_pair
R3-00129,removable_duplicate,tests/test_phase32_prop22.py::test_phase32_4_left_formula_rejects_plain_hopf_statement,tests/test_phase32_prop22.py::test_phase32_7_left_formula_requires_explicit_law_statement,False,True,False,resolved_removable_pair
R3-00130,removable_duplicate,tests/test_phase33_barratt_hilton.py::test_phase33_2_scalar_sum_is_not_implicitly_commutative,tests/test_phase33_barratt_hilton.py::test_phase33_7_scalar_sum_is_not_implicitly_commutative,False,True,False,resolved_removable_pair
R3-00131,removable_duplicate,tests/test_phase33_barratt_hilton.py::test_phase33_2_scalar_product_is_not_implicitly_commutative,tests/test_phase33_barratt_hilton.py::test_phase33_7_scalar_product_is_not_implicitly_commutative,False,True,False,resolved_removable_pair
R3-00132,removable_duplicate,tests/test_phase33_barratt_hilton.py::test_phase33_2_scalar_product_does_not_distribute_automatically,tests/test_phase33_barratt_hilton.py::test_phase33_7_scalar_product_does_not_distribute_over_sum_automatically,False,True,False,resolved_removable_pair
R3-00133,removable_duplicate,tests/test_phase33_barratt_hilton.py::test_phase33_2_scalar_power_is_not_evaluated_automatically,tests/test_phase33_barratt_hilton.py::test_phase33_7_scalar_power_is_not_constant_folded_automatically,False,True,False,resolved_removable_pair
R3-00134,removable_duplicate,tests/test_phase33_barratt_hilton.py::test_phase33_5_first_barratt_hilton_composition_is_structurally_representable,tests/test_phase33_barratt_hilton.py::test_phase33_6_first_formula_preserves_full_suspension_structure,False,True,False,resolved_removable_pair
R3-00135,removable_duplicate,tests/test_phase33_barratt_hilton.py::test_phase33_5_second_barratt_hilton_composition_is_structurally_representable,tests/test_phase33_barratt_hilton.py::test_phase33_6_second_formula_preserves_full_suspension_structure,False,True,False,resolved_removable_pair
R3-00136,removable_duplicate,tests/test_phase33_barratt_hilton.py::test_phase33_6_formula_representation_does_not_add_smash_product_typing,tests/test_phase33_barratt_hilton.py::test_phase33_7_smash_product_has_no_automatic_typing,False,True,False,resolved_removable_pair
R3-00137,historical_keep,tests/test_phase40_toda_primary_group.py::test_phase40_1_primary_component_uses_existing_scalar_value_dimensions,tests/test_phase45_toda_prop42_compatibility.py::test_phase45_1_primary_component_dimensions_use_scalar_value,True,True,True,historical_preserved
R3-00138,removable_duplicate,tests/test_phase41_preimage_subgroup.py::test_phase41_2_preimage_subgroup_uses_map_symbol,tests/test_phase41_preimage_subgroup.py::test_phase41_4_preimage_subgroup_map_type_remains_map_symbol,True,True,True,unresolved_removable_pair
R3-00139,removable_duplicate,tests/test_phase41_preimage_subgroup.py::test_phase41_2_preimage_subgroup_uses_primary_component_target,tests/test_phase41_preimage_subgroup.py::test_phase41_4_preimage_subgroup_target_type_remains_primary_component,True,True,True,unresolved_removable_pair
R3-00140,historical_keep,tests/test_phase45_toda_prop42_compatibility.py::test_phase45_1_map_typing_fact_is_concrete_dimension_only,tests/test_phase46_toda_45_compatibility.py::test_phase46_1_map_typing_fact_remains_concrete_dimension_only,True,True,True,historical_preserved
R3-00141,historical_keep,tests/test_phase45_toda_prop42_sequence.py::test_phase45_2_canonical_e_map_is_structural_map_symbol,tests/test_phase48_toda_prop44_e_injectivity_compatibility.py::test_phase48_1_canonical_e_map_is_map_symbol,True,True,True,historical_preserved
R3-00142,historical_keep,tests/test_phase46_toda_45_applicability_compatibility.py::test_phase46_5_generic_isomorphism_statement_map_is_still_map_symbol,tests/test_phase49_concrete_pi3_2_compatibility.py::test_phase49_1_generic_isomorphism_statement_uses_map_symbol,True,True,True,historical_preserved
R3-00143,historical_keep,tests/test_phase47_toda_prop44_applicability_compatibility.py::test_phase47_5_generic_isomorphism_statement_map_remains_map_symbol,tests/test_phase49_concrete_pi3_2_compatibility.py::test_phase49_1_generic_isomorphism_statement_uses_map_symbol,True,True,True,historical_preserved
R3-00144,historical_keep,tests/test_phase48_toda_prop44_e_injectivity_compatibility.py::test_phase48_1_generic_isomorphism_statement_map_type_remains_map_symbol,tests/test_phase49_concrete_pi3_2_compatibility.py::test_phase49_1_generic_isomorphism_statement_uses_map_symbol,True,True,True,historical_preserved
R3-00145,historical_keep,tests/test_phase46_toda_45_applicability_compatibility.py::test_phase46_5_generic_injective_statement_map_is_still_map_symbol,tests/test_phase49_concrete_pi3_2_compatibility.py::test_phase49_1_generic_injective_statement_uses_map_symbol,True,True,True,historical_preserved
R3-00146,historical_keep,tests/test_phase47_toda_prop44_applicability_compatibility.py::test_phase47_5_generic_injective_statement_map_remains_map_symbol,tests/test_phase49_concrete_pi3_2_compatibility.py::test_phase49_1_generic_injective_statement_uses_map_symbol,True,True,True,historical_preserved
R3-00147,historical_keep,tests/test_phase48_toda_prop44_e_injectivity_compatibility.py::test_phase48_1_generic_injective_statement_map_type_remains_map_symbol,tests/test_phase49_concrete_pi3_2_compatibility.py::test_phase49_1_generic_injective_statement_uses_map_symbol,True,True,True,historical_preserved
R3-00148,historical_keep,tests/test_phase47_toda_prop44_compatibility.py::test_phase47_1_direct_sum_group_current_contract_includes_existing_summands,tests/test_phase47_toda_prop44_decomposition_groups.py::test_phase47_2_direct_sum_group_preserves_existing_primary_component_type,True,True,True,historical_preserved
R3-00149,removable_duplicate,tests/test_phase62_applicability_provenance.py::test_phase62_5_nu_family_definition_rejects_three,tests/test_phase62_nu_family_definition.py::test_phase62_2_rejects_concrete_index_below_four,False,True,False,resolved_removable_pair
R3-00150,retain_independent,tests/test_phase66_probe.py::test_phase66_probe_output_contains_provenance,tests/test_phase68_probe.py::test_phase68_probe_output_contains_provenance,True,True,True,retain_pair_observed
R3-00151,retain_independent,tests/test_phase66_probe.py::test_phase66_probe_output_contains_fixed_point,tests/test_phase69_probe.py::test_phase69_probe_output_contains_fixed_point,True,True,True,retain_pair_observed
R3-00152,retain_independent,tests/test_phase68_probe.py::test_phase68_probe_output_contains_fixed_point,tests/test_phase69_probe.py::test_phase69_probe_output_contains_fixed_point,True,True,True,retain_pair_observed
R3-00153,retain_independent,tests/test_phase66_probe.py::test_phase66_probe_does_not_claim_automatic_narrative,tests/test_phase76_probe.py::test_phase76_probe_does_not_claim_automatic_narrative,True,True,True,retain_pair_observed
R3-00154,retain_independent,tests/test_phase67_probe.py::test_phase67_probe_does_not_claim_automatic_narrative,tests/test_phase76_probe.py::test_phase76_probe_does_not_claim_automatic_narrative,True,True,True,retain_pair_observed
R3-00155,retain_independent,tests/test_phase68_probe.py::test_phase68_probe_does_not_claim_automatic_narrative,tests/test_phase76_probe.py::test_phase76_probe_does_not_claim_automatic_narrative,True,True,True,retain_pair_observed
R3-00156,retain_independent,tests/test_phase69_probe.py::test_phase69_probe_does_not_claim_automatic_narrative,tests/test_phase76_probe.py::test_phase76_probe_does_not_claim_automatic_narrative,True,True,True,retain_pair_observed
R3-00157,retain_independent,tests/test_phase70_probe.py::test_phase70_probe_does_not_claim_automatic_narrative,tests/test_phase76_probe.py::test_phase76_probe_does_not_claim_automatic_narrative,True,True,True,retain_pair_observed
R3-00158,retain_independent,tests/test_phase71_probe.py::test_phase71_probe_does_not_claim_automatic_narrative,tests/test_phase76_probe.py::test_phase76_probe_does_not_claim_automatic_narrative,True,True,True,retain_pair_observed
R3-00159,retain_independent,tests/test_phase72_probe.py::test_phase72_probe_output_marks_hand_authored_presentation,tests/test_phase76_probe.py::test_phase76_probe_does_not_claim_automatic_narrative,True,True,True,retain_pair_observed
R3-00160,retain_independent,tests/test_phase72r10_corrected_probe.py::test_phase72r10_probe_output_marks_hand_authored_presentation,tests/test_phase76_probe.py::test_phase76_probe_does_not_claim_automatic_narrative,True,True,True,retain_pair_observed
R3-00161,retain_independent,tests/test_phase73_probe.py::test_phase73_probe_does_not_claim_automatic_narrative,tests/test_phase76_probe.py::test_phase76_probe_does_not_claim_automatic_narrative,True,True,True,retain_pair_observed
R3-00162,retain_independent,tests/test_phase74_probe.py::test_phase74_probe_output_marks_hand_authored_presentation,tests/test_phase76_probe.py::test_phase76_probe_does_not_claim_automatic_narrative,True,True,True,retain_pair_observed
R3-00163,retain_independent,tests/test_phase75_probe.py::test_phase75_probe_output_marks_hand_authored_presentation,tests/test_phase76_probe.py::test_phase76_probe_does_not_claim_automatic_narrative,True,True,True,retain_pair_observed
R3-00164,retain_independent,tests/test_phase68_probe.py::test_phase68_probe_does_not_claim_proof_record_added,tests/test_phase73_probe.py::test_phase73_probe_does_not_claim_proof_record_added,True,True,True,retain_pair_observed
R3-00165,retain_independent,tests/test_phase70_probe.py::test_phase70_probe_does_not_claim_proof_record_added,tests/test_phase73_probe.py::test_phase73_probe_does_not_claim_proof_record_added,True,True,True,retain_pair_observed
R3-00166,retain_independent,tests/test_phase70_probe.py::test_phase70_probe_output_contains_proof_style_heading,tests/test_phase73_probe.py::test_phase73_probe_output_contains_proof_style_heading,True,True,True,retain_pair_observed
R3-00167,retain_independent,tests/test_phase71_probe.py::test_phase71_probe_output_contains_proof_style_heading,tests/test_phase73_probe.py::test_phase73_probe_output_contains_proof_style_heading,True,True,True,retain_pair_observed
R3-00168,retain_independent,tests/test_phase70_probe.py::test_phase70_probe_output_contains_staged_one_shot_boundary,tests/test_phase73_probe.py::test_phase73_probe_output_contains_staged_boundary,True,True,True,retain_pair_observed
R3-00169,retain_independent,tests/test_phase71_probe.py::test_phase71_probe_output_contains_staged_boundary,tests/test_phase73_probe.py::test_phase73_probe_output_contains_staged_boundary,True,True,True,retain_pair_observed
R3-00170,retain_independent,tests/test_phase71_probe.py::test_phase71_probe_output_contains_provenance_heading,tests/test_phase73_probe.py::test_phase73_probe_output_contains_provenance_heading,True,True,True,retain_pair_observed
R3-00171,removable_duplicate,tests/test_phase72_probe.py::test_phase72_probe_output_contains_retirement_audit,tests/test_phase72r10_corrected_probe.py::test_phase72r10_probe_output_contains_retirement_audit,False,True,False,resolved_removable_pair
R3-00172,retain_independent,tests/test_phase73_prop511_finite_dimensional_integration.py::test_phase73_8e_final_is_inference,tests/test_phase73_prop511_provenance.py::test_phase73_8e_final_aggregate_is_not_given,True,True,True,retain_pair_observed
R3-00173,removable_duplicate,tests/test_phase74_lemma512_final_integration.py::test_phase74_8_does_not_create_nu_square_class,tests/test_phase74_lemma512_final_integration.py::test_phase74_8_final_generator_is_composition,False,True,False,resolved_removable_pair
R3-00174,removable_duplicate,tests/test_phase87_minimal_retry_policy_representation.py::test_phase87_2_current_search_still_stops_at_ambiguity,tests/test_phase87_minimal_retry_policy_representation.py::test_phase87_2_fixture_preserves_catalog_candidate_order,False,True,False,resolved_removable_pair
R3-00175,removable_duplicate,tests/test_toda_rules.py::test_phase23_5_consistent_indexed_data_allows_theorem_bridge,tests/test_toda_rules.py::test_phase23_6_type_compatible_indexed_data_allows_theorem_bridge,False,True,False,resolved_removable_pair
R3-00176,retain_independent,tests/test_phase41_preimage_subgroup.py::test_phase41_1_proof_expression_map_identity_is_distinct_from_group_map,tests/test_phase45_toda_prop42_sequence.py::test_phase45_2_canonical_e_map_is_structural_map_symbol,True,True,True,retain_pair_observed
R3-00177,retain_independent,tests/test_phase32_prop22.py::test_phase32_7_smash_product_typing_remains_unknown,tests/test_phase33_barratt_hilton.py::test_phase33_6_formula_representation_does_not_add_smash_product_typing,True,False,False,retain_pair_observed
R3-00178,retain_independent,tests/test_phase33_barratt_hilton.py::test_phase33_6_formula_representation_does_not_add_smash_product_typing,tests/test_phase42_whitehead_product.py::test_phase42_1_smash_product_has_no_source_or_target_typing,False,True,False,retain_pair_observed
R3-00179,retain_independent,tests/test_phase33_barratt_hilton.py::test_phase33_7_smash_product_has_no_automatic_typing,tests/test_phase42_whitehead_product.py::test_phase42_1_smash_product_has_no_source_or_target_typing,True,True,True,retain_pair_observed
R3-00180,removable_duplicate,tests/test_phase100_12c1_production_one_shot_facade.py::test_phase100_12c1_existing_repository_explicit_facade_remains_available,tests/test_phase113_sigma_group_query_integration.py::test_phase113_explicit_empty_repository_does_not_invent_sigma_specialization,False,True,False,resolved_removable_pair
R3-00181,removable_duplicate,tests/test_phase109_29_known_group_proof_replay_cli.py::test_phase109_29_show_proof_also_works_for_existing_nu_prime_identity,tests/test_phase144_6_public_route_cutover.py::test_phase144_6_cli_pi6_3_narrative_uses_public_cutover,False,True,False,resolved_removable_pair
R3-00182,removable_duplicate,tests/test_phase131_4_group_result_proof_replay_cli.py::test_phase131_4_group_proof_zero_depth_contains_only_root,tests/test_phase132_7_group_proof_cli_modes.py::test_phase132_7_group_proof_explicit_trace_remains_available,False,True,False,resolved_removable_pair
R3-00183,retain_independent,tests/test_phase134_14_pi8_5_snapshot.py::test_phase134_14_pi8_5_output_is_byte_for_byte_unchanged,tests/test_phase144_6_pi6_generic_production_route.py::test_phase144_6_cli_pi6_3_narrative_uses_generic_route,True,True,True,retain_pair_observed
R3-00184,removable_duplicate,tests/test_phase101_main_explore_dispatch.py::test_phase101_3_explore_command_uses_production_one_shot_facade,tests/test_phase102_cli_proof_scope.py::test_phase102_7_existing_explore_command_is_unchanged,False,True,False,resolved_removable_pair
R3-00185,historical_keep,tests/test_phase101_main_explore_dispatch.py::test_phase101_3_legacy_n_k_path_is_unchanged,tests/test_phase102_cli_proof_scope.py::test_phase102_7_legacy_n_k_path_is_unchanged,True,True,True,historical_preserved
R3-00186,retain_independent,tests/test_phase102_cli_proof_scope.py::test_phase102_7_existing_explore_command_is_unchanged,tests/test_phase108_11_cli_execution_command_integration.py::test_phase108_11_execute_candidate_prints_result_and_proof,True,True,True,retain_pair_observed
R3-00187,retain_independent,tests/test_phase108_11_cli_execution_command_integration.py::test_phase108_11_execute_none_is_exit_one,tests/test_phase110_6_operation_query_cli_integration.py::test_phase110_6_existing_execute_path_is_unchanged,True,True,True,retain_pair_observed
R3-00188,historical_keep,tests/test_phase108_11_cli_execution_command_integration.py::test_phase108_11_legacy_n_k_path_is_unchanged,tests/test_phase110_6_operation_query_cli_integration.py::test_phase110_6_legacy_n_k_path_is_unchanged,True,True,True,historical_preserved
R3-00189,removable_duplicate,tests/test_phase101_main_explore_dispatch.py::test_phase101_3_missing_generator_uses_argparse_error_exit,tests/test_phase102_cli_proof_scope.py::test_phase102_7_explore_proof_missing_generator_is_argparse_error,False,False,False,resolved_removable_pair
R3-00190,removable_duplicate,tests/test_phase102_cli_proof_scope.py::test_phase102_7_explore_proof_missing_generator_is_argparse_error,tests/test_phase108_11_cli_execution_command_integration.py::test_phase108_11_execute_missing_generator_is_parser_error,False,True,False,resolved_removable_pair
R3-00191,removable_duplicate,tests/test_phase103_cli_applicability.py::test_phase103_6_explore_applicable_missing_generator_is_argparse_error,tests/test_phase108_11_cli_execution_command_integration.py::test_phase108_11_execute_missing_generator_is_parser_error,False,True,False,resolved_removable_pair
R3-00192,removable_duplicate,tests/test_phase102_cli_proof_scope.py::test_phase102_7_explore_proof_invalid_generator_is_argparse_error,tests/test_phase103_cli_applicability.py::test_phase103_6_explore_applicable_invalid_generator_is_argparse_error,False,False,False,resolved_removable_pair
R3-00193,removable_duplicate,tests/test_phase103_cli_applicability.py::test_phase103_6_explore_applicable_invalid_generator_is_argparse_error,tests/test_phase111_10_proof_replay_depth_cli.py::test_phase111_10_negative_depth_is_parser_error,False,True,False,resolved_removable_pair
R3-00194,retain_independent,tests/test_phase85_bounded_search_diagnostic_representation.py::test_phase85_2_status_values_are_unique,tests/test_phase104_4e_candidate_handoff_validation_representation.py::test_phase104_4e_status_values_are_unique,True,True,True,retain_pair_observed
R3-00195,removable_duplicate,tests/test_phase110_5_minimal_operation_query_core.py::test_phase110_5_lookup_is_deterministic,tests/test_phase114_3_nu5_operation_query_handoff.py::test_phase114_3_handoff_is_deterministic,False,False,False,resolved_removable_pair
R3-00196,removable_duplicate,tests/test_phase114_3_nu5_operation_query_handoff.py::test_phase114_3_handoff_is_deterministic,tests/test_phase115_sigma11_operation_query_handoff.py::test_phase115_4_handoff_is_deterministic,False,False,False,resolved_removable_pair
R3-00197,removable_duplicate,tests/test_phase115_sigma11_operation_query_handoff.py::test_phase115_4_handoff_is_deterministic,tests/test_phase129_nu_prime_operation_query_handoff.py::test_phase129_4_handoff_is_deterministic,False,True,False,resolved_removable_pair
R3-00198,removable_duplicate,tests/test_phase110_5_minimal_operation_query_core.py::test_phase110_5_lookup_does_not_mutate_repository,tests/test_phase114_3_nu5_operation_query_handoff.py::test_phase114_3_handoff_does_not_mutate_repository,False,False,False,resolved_removable_pair
R3-00199,removable_duplicate,tests/test_phase114_3_nu5_operation_query_handoff.py::test_phase114_3_handoff_does_not_mutate_repository,tests/test_phase115_sigma11_operation_query_handoff.py::test_phase115_4_handoff_does_not_mutate_repository,False,False,False,resolved_removable_pair
R3-00200,removable_duplicate,tests/test_phase115_sigma11_operation_query_handoff.py::test_phase115_4_handoff_does_not_mutate_repository,tests/test_phase128_nu5_eta8_operation_query_handoff.py::test_phase128_2_handoff_does_not_mutate_repository,False,False,False,resolved_removable_pair
R3-00201,removable_duplicate,tests/test_phase128_nu5_eta8_operation_query_handoff.py::test_phase128_2_handoff_does_not_mutate_repository,tests/test_phase129_nu_prime_operation_query_handoff.py::test_phase129_4_handoff_does_not_mutate_repository,False,True,False,resolved_removable_pair
R3-00202,removable_duplicate,tests/test_phase114_3_nu5_operation_query_handoff.py::test_phase114_3_direct_lookup_for_e_nu5_still_misses,tests/test_phase115_sigma11_operation_query_handoff.py::test_phase115_4_direct_lookup_for_e_sigma11_still_misses,False,False,False,resolved_removable_pair
R3-00203,removable_duplicate,tests/test_phase115_sigma11_operation_query_handoff.py::test_phase115_4_direct_lookup_for_e_sigma11_still_misses,tests/test_phase128_nu5_eta8_operation_query_handoff.py::test_phase128_2_direct_lookup_still_misses,False,False,False,resolved_removable_pair
R3-00204,removable_duplicate,tests/test_phase128_nu5_eta8_operation_query_handoff.py::test_phase128_2_direct_lookup_still_misses,tests/test_phase129_nu_prime_operation_query_handoff.py::test_phase129_4_direct_lookup_for_e_nu_prime_still_misses,False,True,False,resolved_removable_pair
R3-00205,removable_duplicate,tests/test_phase114_3_nu5_operation_query_handoff.py::test_phase114_3_query_proof_replays_specialized_root_and_symbolic_bridge,tests/test_phase115_sigma11_operation_query_handoff.py::test_phase115_4_query_proof_replays_specialized_root_and_symbolic_definition,False,True,False,resolved_removable_pair
R3-00206,removable_duplicate,tests/test_phase117_web_app.py::test_phase117_1_get_root_shows_minimal_group_query_form,tests/test_phase118_web_app.py::test_phase118_2_get_root_shows_operation_query_form,False,False,False,resolved_removable_pair
R3-00207,removable_duplicate,tests/test_phase117_web_app.py::test_phase117_3_html_does_not_preempt_python_domain_validation,tests/test_phase137_2_web_presentation_cleanup.py::test_phase137_2_group_query_description_uses_inline_katex,False,True,False,resolved_removable_pair
R3-00208,removable_duplicate,tests/test_phase118_web_app.py::test_phase118_2_get_root_shows_operation_query_form,tests/test_phase120_2_web_app_generator_proof.py::test_phase120_2_existing_group_and_operation_forms_remain_available,False,False,False,resolved_removable_pair
R3-00209,removable_duplicate,tests/test_phase120_2_web_app_generator_proof.py::test_phase120_2_existing_group_and_operation_forms_remain_available,tests/test_phase121_4_web_app_generator_exploration.py::test_phase121_4_existing_web_forms_remain_available,False,False,False,resolved_removable_pair
R3-00210,removable_duplicate,tests/test_phase120_2_web_app_generator_proof.py::test_phase120_2_get_root_shows_generator_proof_form,tests/test_phase121_4_web_app_generator_exploration.py::test_phase121_4_existing_web_forms_remain_available,False,False,False,resolved_removable_pair
R3-00211,removable_duplicate,tests/test_phase121_4_web_app_generator_exploration.py::test_phase121_4_existing_web_forms_remain_available,tests/test_phase122_4_web_app_generator_proof_scope.py::test_phase122_4_existing_web_forms_remain_available,False,False,False,resolved_removable_pair
R3-00212,removable_duplicate,tests/test_phase121_4_web_app_generator_exploration.py::test_phase121_4_get_root_shows_generator_exploration_form,tests/test_phase122_4_web_app_generator_proof_scope.py::test_phase122_4_existing_web_forms_remain_available,False,False,False,resolved_removable_pair
R3-00213,removable_duplicate,tests/test_phase122_4_web_app_generator_proof_scope.py::test_phase122_4_existing_web_forms_remain_available,tests/test_phase123_4_web_app_generator_applicability.py::test_phase123_4_existing_web_forms_remain_available,False,False,False,resolved_removable_pair
R3-00214,removable_duplicate,tests/test_phase122_4_web_app_generator_proof_scope.py::test_phase122_4_get_root_shows_generator_proof_scope_form,tests/test_phase123_4_web_app_generator_applicability.py::test_phase123_4_existing_web_forms_remain_available,False,False,False,resolved_removable_pair
R3-00215,removable_duplicate,tests/test_phase123_4_web_app_generator_applicability.py::test_phase123_4_existing_web_forms_remain_available,tests/test_phase124_4_web_workflow_navigation.py::test_phase124_4_existing_form_actions_remain_available,False,False,False,resolved_removable_pair
R3-00216,removable_duplicate,tests/test_phase123_4_web_app_generator_applicability.py::test_phase123_4_get_root_shows_generator_applicability_form,tests/test_phase124_4_web_workflow_navigation.py::test_phase124_4_existing_form_actions_remain_available,False,False,False,resolved_removable_pair
R3-00217,removable_duplicate,tests/test_phase124_4_web_workflow_navigation.py::test_phase124_4_existing_form_actions_remain_available,tests/test_phase125_4_web_generator_execution.py::test_phase125_4_get_root_shows_execute_form_and_navigation,False,False,False,resolved_removable_pair
R3-00218,removable_duplicate,tests/test_phase124_4_web_workflow_navigation.py::test_phase124_4_existing_forms_have_workflow_targets,tests/test_phase125_4_web_generator_execution.py::test_phase125_4_get_root_shows_execute_form_and_navigation,False,False,False,resolved_removable_pair
R3-00219,removable_duplicate,tests/test_phase124_4_web_workflow_navigation.py::test_phase124_4_existing_workflow_navigation_remains_available_after_execute_extension,tests/test_phase125_4_web_generator_execution.py::test_phase125_4_get_root_shows_execute_form_and_navigation,False,False,False,resolved_removable_pair
R3-00220,removable_duplicate,tests/test_phase124_4_web_workflow_navigation.py::test_phase124_4_get_root_shows_workflow_navigation,tests/test_phase125_4_web_generator_execution.py::test_phase125_4_get_root_shows_execute_form_and_navigation,False,False,False,resolved_removable_pair
R3-00221,removable_duplicate,tests/test_phase124_4_web_workflow_navigation.py::test_phase124_4_workflow_navigation_links_to_existing_forms,tests/test_phase125_4_web_generator_execution.py::test_phase125_4_get_root_shows_execute_form_and_navigation,False,False,False,resolved_removable_pair
R3-00222,removable_duplicate,tests/test_phase125_4_web_generator_execution.py::test_phase125_4_get_root_shows_execute_form_and_navigation,tests/test_phase135_3_web_narrative_readability.py::test_phase135_3_web_page_loads_group_proof_stylesheet,False,False,False,resolved_removable_pair
R3-00223,removable_duplicate,tests/test_phase135_3_web_narrative_readability.py::test_phase135_3_web_page_loads_group_proof_stylesheet,tests/test_phase137_2_web_presentation_cleanup.py::test_phase137_2_group_query_description_uses_inline_katex,False,True,False,resolved_removable_pair
R3-00224,removable_duplicate,tests/test_phase117_web_app.py::test_phase117_1_post_domain_invalid_input_shows_existing_validation_message,tests/test_phase118_4_depth_browser_usability.py::test_phase118_4_browser_form_exposes_only_supported_depth_choices,False,False,False,resolved_removable_pair
R3-00225,removable_duplicate,tests/test_phase117_web_app.py::test_phase117_1_post_non_integer_input_shows_validation_message,tests/test_phase118_4_depth_browser_usability.py::test_phase118_4_browser_form_exposes_only_supported_depth_choices,False,False,False,resolved_removable_pair
R3-00226,removable_duplicate,tests/test_phase117_web_app.py::test_phase117_1_post_not_found_query_is_explicit,tests/test_phase118_4_depth_browser_usability.py::test_phase118_4_safe_fallback_reaches_web_without_python_repr,False,False,False,resolved_removable_pair
R3-00227,removable_duplicate,tests/test_phase117_web_app.py::test_phase117_1_post_sigma11_query_exposes_latex_to_katex,tests/test_phase118_4_depth_browser_usability.py::test_phase118_4_browser_form_exposes_only_supported_depth_choices,False,False,False,resolved_removable_pair
R3-00228,removable_duplicate,tests/test_phase117_web_app.py::test_phase117_2_post_missing_n_shows_required_message,tests/test_phase118_4_depth_browser_usability.py::test_phase118_4_safe_fallback_reaches_web_without_python_repr,False,False,False,resolved_removable_pair
R3-00229,removable_duplicate,tests/test_phase117_web_app.py::test_phase117_2_post_negative_k_shows_connectivity_zero,tests/test_phase118_4_depth_browser_usability.py::test_phase118_4_browser_form_exposes_only_supported_depth_choices,False,False,False,resolved_removable_pair
R3-00230,removable_duplicate,tests/test_phase118_4_depth_browser_usability.py::test_phase118_4_browser_form_exposes_only_supported_depth_choices,tests/test_phase120_2_web_app_generator_proof.py::test_phase120_2_blank_generator_is_safe_error,False,False,False,resolved_removable_pair
R3-00231,removable_duplicate,tests/test_phase118_4_depth_browser_usability.py::test_phase118_4_safe_fallback_reaches_web_without_python_repr,tests/test_phase121_4_web_app_generator_exploration.py::test_phase121_4_unknown_generator_shows_zero_occurrences_as_normal_result,False,False,False,resolved_removable_pair
R3-00232,removable_duplicate,tests/test_phase118_4_depth_browser_usability.py::test_phase118_4_unsupported_web_depth_is_safe_error,tests/test_phase120_2_web_app_generator_proof.py::test_phase120_2_blank_generator_is_safe_error,False,False,False,resolved_removable_pair
R3-00233,removable_duplicate,tests/test_phase118_web_app.py::test_phase118_2_blank_operation_query_shows_validation_message,tests/test_phase120_2_web_app_generator_proof.py::test_phase120_2_blank_generator_is_safe_error,False,False,False,resolved_removable_pair
R3-00234,removable_duplicate,tests/test_phase118_web_app.py::test_phase118_2_existing_group_query_remains_available,tests/test_phase120_2_web_app_generator_proof.py::test_phase120_2_blank_generator_is_safe_error,False,False,False,resolved_removable_pair
R3-00235,removable_duplicate,tests/test_phase118_web_app.py::test_phase118_2_not_found_operation_query_is_explicit,tests/test_phase121_4_web_app_generator_exploration.py::test_phase121_4_unknown_generator_shows_zero_occurrences_as_normal_result,False,False,False,resolved_removable_pair
R3-00236,removable_duplicate,tests/test_phase118_web_app.py::test_phase118_2_post_e_nu5_exposes_existing_latex,tests/test_phase120_2_web_app_generator_proof.py::test_phase120_2_blank_generator_is_safe_error,False,False,False,resolved_removable_pair
R3-00237,removable_duplicate,tests/test_phase118_web_app.py::test_phase118_2_post_e_sigma11_exposes_existing_latex,tests/test_phase120_2_web_app_generator_proof.py::test_phase120_2_blank_generator_is_safe_error,False,False,False,resolved_removable_pair
R3-00238,removable_duplicate,tests/test_phase118_web_app.py::test_phase118_3_e_sigma11_proof_uses_existing_latex,tests/test_phase120_2_web_app_generator_proof.py::test_phase120_2_blank_generator_is_safe_error,False,False,False,resolved_removable_pair
R3-00239,removable_duplicate,tests/test_phase118_web_app.py::test_phase118_3_invalid_fact_number_is_safe_error,tests/test_phase120_2_web_app_generator_proof.py::test_phase120_2_blank_generator_is_safe_error,False,False,False,resolved_removable_pair
R3-00240,removable_duplicate,tests/test_phase118_web_app.py::test_phase118_3_missing_fact_number_is_safe_error,tests/test_phase120_2_web_app_generator_proof.py::test_phase120_2_blank_generator_is_safe_error,False,False,False,resolved_removable_pair
R3-00241,removable_duplicate,tests/test_phase118_web_app.py::test_phase118_3_selected_fact_displays_default_depth_proof_steps,tests/test_phase120_2_web_app_generator_proof.py::test_phase120_2_blank_generator_is_safe_error,False,False,False,resolved_removable_pair
R3-00242,removable_duplicate,tests/test_phase118_web_app.py::test_phase118_3_selected_fact_displays_provenance,tests/test_phase120_2_web_app_generator_proof.py::test_phase120_2_blank_generator_is_safe_error,False,False,False,resolved_removable_pair
R3-00243,removable_duplicate,tests/test_phase118_web_app.py::test_phase118_3_selected_h_nu_prime_fact_two_shows_proof,tests/test_phase120_2_web_app_generator_proof.py::test_phase120_2_blank_generator_is_safe_error,False,False,False,resolved_removable_pair
R3-00244,removable_duplicate,tests/test_phase120_2_web_app_generator_proof.py::test_phase120_2_blank_generator_is_safe_error,tests/test_phase121_4_web_app_generator_exploration.py::test_phase121_4_blank_generator_is_safe_error,False,False,False,resolved_removable_pair
R3-00245,removable_duplicate,tests/test_phase120_2_web_app_generator_proof.py::test_phase120_2_generator_proof_shows_depth_steps,tests/test_phase121_4_web_app_generator_exploration.py::test_phase121_4_blank_generator_is_safe_error,False,False,False,resolved_removable_pair
R3-00246,removable_duplicate,tests/test_phase120_2_web_app_generator_proof.py::test_phase120_2_post_sigma11_shows_generator_and_conclusion_latex,tests/test_phase121_4_web_app_generator_exploration.py::test_phase121_4_blank_generator_is_safe_error,False,False,False,resolved_removable_pair
R3-00247,removable_duplicate,tests/test_phase120_2_web_app_generator_proof.py::test_phase120_2_unsupported_generator_proof_depth_is_safe_error,tests/test_phase121_4_web_app_generator_exploration.py::test_phase121_4_blank_generator_is_safe_error,False,False,False,resolved_removable_pair
R3-00248,removable_duplicate,tests/test_phase121_4_web_app_generator_exploration.py::test_phase121_4_blank_generator_is_safe_error,tests/test_phase122_4_web_app_generator_proof_scope.py::test_phase122_4_blank_generator_is_safe_error,False,False,False,resolved_removable_pair
R3-00249,removable_duplicate,tests/test_phase121_4_web_app_generator_exploration.py::test_phase121_4_exploration_exposes_katex_latex_and_metadata,tests/test_phase122_4_web_app_generator_proof_scope.py::test_phase122_4_blank_generator_is_safe_error,False,False,False,resolved_removable_pair
R3-00250,removable_duplicate,tests/test_phase121_4_web_app_generator_exploration.py::test_phase121_4_post_nu_prime_shows_generator_and_occurrences,tests/test_phase122_4_web_app_generator_proof_scope.py::test_phase122_4_blank_generator_is_safe_error,False,False,False,resolved_removable_pair
R3-00251,removable_duplicate,tests/test_phase121_4_web_app_generator_exploration.py::test_phase121_4_unknown_generator_shows_zero_occurrences_as_normal_result,tests/test_phase122_4_web_app_generator_proof_scope.py::test_phase122_4_sigma11_web_uses_recursive_proof_scope_specialization,False,False,False,resolved_removable_pair
R3-00252,removable_duplicate,tests/test_phase122_4_web_app_generator_proof_scope.py::test_phase122_4_blank_generator_is_safe_error,tests/test_phase123_4_web_app_generator_applicability.py::test_phase123_4_blank_generator_is_safe_error,False,False,False,resolved_removable_pair
R3-00253,removable_duplicate,tests/test_phase122_4_web_app_generator_proof_scope.py::test_phase122_4_nu_prime_exposes_katex_root_depth_and_match,tests/test_phase123_4_web_app_generator_applicability.py::test_phase123_4_blank_generator_is_safe_error,False,False,False,resolved_removable_pair
R3-00254,removable_duplicate,tests/test_phase122_4_web_app_generator_proof_scope.py::test_phase122_4_post_nu_prime_shows_proof_scope_result,tests/test_phase123_4_web_app_generator_applicability.py::test_phase123_4_blank_generator_is_safe_error,False,False,False,resolved_removable_pair
R3-00255,removable_duplicate,tests/test_phase122_4_web_app_generator_proof_scope.py::test_phase122_4_sigma11_web_uses_recursive_proof_scope_specialization,tests/test_phase123_4_web_app_generator_applicability.py::test_phase123_4_nu_prime_exposes_katex_source_and_compact_rule_family_fields,False,False,False,resolved_removable_pair
R3-00256,removable_duplicate,tests/test_phase122_4_web_app_generator_proof_scope.py::test_phase122_4_unknown_generator_shows_zero_counts_as_normal_result,tests/test_phase123_4_web_app_generator_applicability.py::test_phase123_4_nu_prime_exposes_katex_source_and_compact_rule_family_fields,False,False,False,resolved_removable_pair
R3-00257,removable_duplicate,tests/test_phase123_4_web_app_generator_applicability.py::test_phase123_4_blank_generator_is_safe_error,tests/test_phase125_4_web_generator_execution.py::test_phase125_4_web_candidate_selection_returns_result_and_proof,False,False,False,resolved_removable_pair
R3-00258,removable_duplicate,tests/test_phase123_4_web_app_generator_applicability.py::test_phase123_4_nu_prime_exposes_katex_source_and_compact_rule_family_fields,tests/test_phase132_9_web_group_proof_modes.py::test_phase132_9_web_outline_post_uses_structured_rendered_lines,False,False,False,resolved_removable_pair
R3-00259,removable_duplicate,tests/test_phase123_4_web_app_generator_applicability.py::test_phase123_4_post_nu_prime_shows_compact_applicability_result,tests/test_phase125_4_web_generator_execution.py::test_phase125_4_web_candidate_selection_returns_result_and_proof,False,False,False,resolved_removable_pair
R3-00260,removable_duplicate,tests/test_phase123_4_web_app_generator_applicability.py::test_phase123_4_unknown_generator_shows_zero_counts_as_normal_result,tests/test_phase132_9_web_group_proof_modes.py::test_phase132_9_web_outline_post_uses_structured_rendered_lines,False,False,False,resolved_removable_pair
R3-00261,removable_duplicate,tests/test_phase123_5a_web_applicability_volume.py::test_phase123_5a_rule_families_are_collapsed_by_default,tests/test_phase132_9_web_group_proof_modes.py::test_phase132_9_web_outline_post_uses_structured_rendered_lines,False,False,False,resolved_removable_pair
R3-00262,removable_duplicate,tests/test_phase123_5a_web_applicability_volume.py::test_phase123_5a_summary_counts_remain_full_result_counts,tests/test_phase125_4_web_generator_execution.py::test_phase125_4_web_candidate_selection_returns_result_and_proof,False,False,False,resolved_removable_pair
R3-00263,removable_duplicate,tests/test_phase123_5a_web_applicability_volume.py::test_phase123_5a_unknown_generator_remains_zero_result_without_truncation_notice,tests/test_phase132_9_web_group_proof_modes.py::test_phase132_9_web_outline_post_uses_structured_rendered_lines,False,False,False,resolved_removable_pair
R3-00264,removable_duplicate,tests/test_phase125_4_web_generator_execution.py::test_phase125_4_web_candidate_selection_returns_result_and_proof,tests/test_phase131_5_web_group_proof.py::test_phase131_5_group_proof_depth_validation_is_explicit,False,False,False,resolved_removable_pair
R3-00265,removable_duplicate,tests/test_phase125_4_web_generator_execution.py::test_phase125_4_web_none_is_normal_result,tests/test_phase131_5_web_group_proof.py::test_phase131_5_group_proof_depth_validation_is_explicit,False,False,False,resolved_removable_pair
R3-00266,removable_duplicate,tests/test_phase125_4_web_generator_execution.py::test_phase125_4_web_nu_prime_lists_executable_candidates,tests/test_phase131_5_web_group_proof.py::test_phase131_5_group_proof_depth_validation_is_explicit,False,False,False,resolved_removable_pair
R3-00267,removable_duplicate,tests/test_phase131_5_web_group_proof.py::test_phase131_5_domain_only_result_has_no_proof_button,tests/test_phase132_9_web_group_proof_modes.py::test_phase132_9_web_outline_post_uses_structured_rendered_lines,False,False,False,resolved_removable_pair
R3-00268,removable_duplicate,tests/test_phase131_5_web_group_proof.py::test_phase131_5_group_proof_depth_validation_is_explicit,tests/test_phase132_9_web_group_proof_modes.py::test_phase132_9_group_result_form_exposes_mode_selector,False,False,False,resolved_removable_pair
R3-00269,removable_duplicate,tests/test_phase131_5_web_group_proof.py::test_phase131_5_group_proof_post_keeps_result_and_shows_proof,tests/test_phase132_9_web_group_proof_modes.py::test_phase132_9_group_result_form_exposes_mode_selector,False,False,False,resolved_removable_pair
R3-00270,removable_duplicate,tests/test_phase131_5_web_group_proof.py::test_phase131_5_group_result_shows_proof_button,tests/test_phase132_9_web_group_proof_modes.py::test_phase132_9_group_result_form_exposes_mode_selector,False,False,False,resolved_removable_pair
R3-00271,removable_duplicate,tests/test_phase132_9_web_group_proof_modes.py::test_phase132_9_group_result_form_exposes_mode_selector,tests/test_phase135_1_web_narrative_display_math.py::test_phase135_1_pi6_3_web_html_uses_data_latex_for_narrative_display_math,False,False,False,resolved_removable_pair
R3-00272,removable_duplicate,tests/test_phase132_9_web_group_proof_modes.py::test_phase132_9_web_narrative_post_uses_structured_rendered_lines,tests/test_phase135_1_web_narrative_display_math.py::test_phase135_1_pi6_3_web_html_uses_data_latex_for_narrative_display_math,False,False,False,resolved_removable_pair
R3-00273,removable_duplicate,tests/test_phase132_9_web_group_proof_modes.py::test_phase132_9_web_outline_post_uses_structured_rendered_lines,tests/test_phase135_2_web_narrative_inline_formatting.py::test_phase135_2_web_narrative_renders_emphasis_and_inline_math,False,True,False,resolved_removable_pair
R3-00274,removable_duplicate,tests/test_phase132_9_web_group_proof_modes.py::test_phase132_9_web_post_rejects_unknown_mode_explicitly,tests/test_phase135_1_web_narrative_display_math.py::test_phase135_1_pi6_3_web_html_uses_data_latex_for_narrative_display_math,False,False,False,resolved_removable_pair
R3-00275,removable_duplicate,tests/test_phase132_9_web_group_proof_modes.py::test_phase132_9_web_trace_post_preserves_existing_trace_view,tests/test_phase135_2_web_narrative_inline_formatting.py::test_phase135_2_web_narrative_renders_emphasis_and_inline_math,False,True,False,resolved_removable_pair
R3-00276,removable_duplicate,tests/test_phase135_1_web_narrative_display_math.py::test_phase135_1_pi6_3_web_html_uses_data_latex_for_narrative_display_math,tests/test_phase145_group_proof_defaults.py::test_phase145_web_explicit_trace_depth1_is_preserved,False,True,False,resolved_removable_pair
R3-00277,removable_duplicate,tests/test_phase135_3_web_narrative_readability.py::test_phase135_3_narrative_keeps_inline_math_segment_class,tests/test_phase145_group_proof_defaults.py::test_phase145_web_explicit_trace_depth1_is_preserved,False,True,False,resolved_removable_pair
R3-00278,retain_independent,tests/test_phase130_sigma9_standard_query.py::test_phase130_11_pi16_9_standard_query_is_found,tests/test_phase153_generic_concrete_proof_scope_recovery.py::test_phase153_generic_concrete_recovery_keeps_stable_specialization_fallback,True,True,True,retain_pair_observed
R3-00279,retain_independent,tests/test_phase130_k456_specialization.py::test_phase130_8_repository_roots_remain_unchanged,tests/test_phase153_generic_concrete_proof_scope_recovery.py::test_phase153_generic_concrete_recovery_does_not_mutate_repository_roots,True,True,True,retain_pair_observed
R3-00280,retain_independent,tests/test_phase130_sigma9_standard_query.py::test_phase130_11_repository_roots_remain_unchanged,tests/test_phase153_generic_concrete_proof_scope_recovery.py::test_phase153_generic_concrete_recovery_does_not_mutate_repository_roots,True,True,True,retain_pair_observed
R3-00281,retain_independent,tests/test_phase130_stable_group_specialization.py::test_phase130_6_standard_repository_roots_remain_unchanged,tests/test_phase153_generic_concrete_proof_scope_recovery.py::test_phase153_generic_concrete_recovery_does_not_mutate_repository_roots,True,True,True,retain_pair_observed
R3-00282,retain_independent,tests/test_phase143_30_exactness_method_transition.py::test_phase143_30_pi6_3_group_structure_renders_exactness_transition,tests/test_phase154_r6_2_repair1_missing_shared_sources.py::test_phase154_r6_2_repair1_exactness_transition_uses_ascii_comma,True,True,True,retain_pair_observed
R3-00283,retain_independent,tests/test_phase143_30_exactness_method_transition.py::test_phase143_30_pi8_5_detached_nu_prime_order_renders_transition,tests/test_phase154_r6_2_repair1_missing_shared_sources.py::test_phase154_r6_2_repair1_exactness_transition_uses_ascii_comma,True,True,True,retain_pair_observed
R3-00284,retain_independent,tests/test_phase148_rc2_4_post_repair_six_group.py::test_phase148_rc2_4_post_repair_pi6_3_retains_numbered_calculation_chain,tests/test_phase149_rc3_3_minimal_ordering.py::test_phase149_rc3_3_pi6_3_calculation_chain_remains_numbered,True,True,True,retain_pair_observed
R3-00285,retain_independent,tests/test_phase153_r3_11_reference_body_ownership_repair.py::test_phase153_r3_11_preserves_surrounding_prose_when_replacing_embedded_statement,tests/test_phase154_r2_fix3_reference_marker_completion.py::test_phase154_r2_fix3_keeps_reference_marker_with_following_prose,True,True,True,retain_pair_observed
R3-00286,retain_independent,tests/test_phase39_primary_component.py::test_phase39_4_primary_component_prime_typing_remains_integer,tests/test_phase78_stable_group_representation.py::test_phase78_4_stable_primary_component_type_hints_are_explicit,True,True,True,retain_pair_observed
R3-00287,retain_independent,tests/test_phase39_primary_component.py::test_phase39_4_primary_component_uses_existing_scalar_value_dimension_types,tests/test_phase40_toda_primary_group.py::test_phase40_1_homotopy_group_membership_uses_same_scalar_value_dimensions,True,True,True,retain_pair_observed
R3-00288,historical_keep,tests/test_phase40_toda_primary_group.py::test_phase40_1_homotopy_group_membership_uses_same_scalar_value_dimensions,tests/test_phase45_toda_prop42_compatibility.py::test_phase45_1_primary_component_dimensions_use_scalar_value,True,True,True,historical_preserved
R3-00289,historical_keep,tests/test_phase40_toda_primary_group.py::test_phase40_4_toda_primary_group_uses_existing_scalar_value_dimension_types,tests/test_phase45_toda_prop42_compatibility.py::test_phase45_1_primary_component_dimensions_use_scalar_value,True,True,True,historical_preserved
R3-00290,historical_keep,tests/test_phase41_preimage_subgroup.py::test_phase41_2_preimage_subgroup_uses_map_symbol,tests/test_phase46_toda_45_applicability_compatibility.py::test_phase46_5_generic_injective_statement_map_is_still_map_symbol,True,True,True,historical_preserved
R3-00291,historical_keep,tests/test_phase41_preimage_subgroup.py::test_phase41_2_preimage_subgroup_uses_primary_component_target,tests/test_phase47_toda_prop44_compatibility.py::test_phase47_1_preimage_subgroup_remains_primary_component_structure,True,True,True,historical_preserved
R3-00292,historical_keep,tests/test_phase41_preimage_subgroup.py::test_phase41_4_preimage_subgroup_map_type_remains_map_symbol,tests/test_phase46_toda_45_applicability_compatibility.py::test_phase46_5_generic_injective_statement_map_is_still_map_symbol,True,True,True,historical_preserved
R3-00293,historical_keep,tests/test_phase41_preimage_subgroup.py::test_phase41_4_preimage_subgroup_target_type_remains_primary_component,tests/test_phase47_toda_prop44_compatibility.py::test_phase47_1_preimage_subgroup_remains_primary_component_structure,True,True,True,historical_preserved
R3-00294,historical_keep,tests/test_phase46_toda_45_applicability_compatibility.py::test_phase46_5_generic_injective_statement_map_is_still_map_symbol,tests/test_phase47_toda_prop44_applicability_compatibility.py::test_phase47_5_generic_isomorphism_statement_map_remains_map_symbol,True,True,True,historical_preserved
R3-00295,historical_keep,tests/test_phase46_toda_45_applicability_compatibility.py::test_phase46_5_generic_isomorphism_statement_map_is_still_map_symbol,tests/test_phase47_toda_prop44_applicability_compatibility.py::test_phase47_5_generic_injective_statement_map_remains_map_symbol,True,True,True,historical_preserved
R3-00296,historical_keep,tests/test_phase46_toda_45_suspension_map.py::test_phase46_3_map_source_group_uses_toda_primary_group,tests/test_phase47_toda_prop44_compatibility.py::test_phase47_1_toda_iterated_suspension_map_source_is_single_toda_group,True,True,True,historical_preserved
R3-00297,historical_keep,tests/test_phase46_toda_45_suspension_map.py::test_phase46_3_map_target_group_uses_toda_primary_group,tests/test_phase47_toda_prop44_compatibility.py::test_phase47_1_toda_iterated_suspension_map_source_is_single_toda_group,True,True,True,historical_preserved
R3-00298,historical_keep,tests/test_phase47_toda_prop44_applicability_compatibility.py::test_phase47_5_generic_injective_statement_map_remains_map_symbol,tests/test_phase48_toda_prop44_e_injective_theorem.py::test_phase48_4_injective_statement_map_type,True,True,True,historical_preserved
R3-00299,historical_keep,tests/test_phase47_toda_prop44_applicability_compatibility.py::test_phase47_5_generic_isomorphism_statement_map_remains_map_symbol,tests/test_phase48_toda_prop44_e_injective_theorem.py::test_phase48_4_injective_statement_map_type,True,True,True,historical_preserved
R3-00300,historical_keep,tests/test_phase47_toda_prop44_compatibility.py::test_phase47_1_toda_iterated_suspension_map_source_is_single_toda_group,tests/test_phase48_toda_prop44_e_map.py::test_phase48_2_iterated_suspension_map_contract_remains_unchanged,True,True,True,historical_preserved
R3-00301,retain_independent,tests/test_phase47_toda_prop44_decomposition_map.py::test_phase47_3_map_source_group_uses_direct_sum_group,tests/test_phase48_toda_prop44_e_map.py::test_phase48_2_iterated_suspension_map_contract_remains_unchanged,True,True,True,retain_pair_observed
R3-00302,retain_independent,tests/test_phase47_toda_prop44_decomposition_map.py::test_phase47_3_map_target_group_uses_toda_primary_group,tests/test_phase48_toda_prop44_e_map.py::test_phase48_2_iterated_suspension_map_contract_remains_unchanged,True,True,True,retain_pair_observed
R3-00303,retain_independent,tests/test_phase47_toda_prop44_toda_membership.py::test_phase47_4a_membership_element_uses_expression,tests/test_phase50_low_dimensional_delta_facts.py::test_phase50_4b_delta_statement_element_uses_expression,True,True,True,retain_pair_observed
R3-00304,retain_independent,tests/test_phase47_toda_prop44_toda_membership.py::test_phase47_4a_membership_group_uses_toda_primary_group,tests/test_phase49_low_dimensional_facts.py::test_phase49_2_zero_group_statement_uses_toda_primary_group,True,True,True,retain_pair_observed
R3-00305,historical_keep,tests/test_phase48_toda_prop44_e_injective_theorem.py::test_phase48_4_injective_statement_map_type,tests/test_phase49_concrete_pi3_2_compatibility.py::test_phase49_1_generic_injective_statement_uses_map_symbol,True,True,True,historical_preserved
R3-00306,historical_keep,tests/test_phase48_toda_prop44_e_injectivity_compatibility.py::test_phase48_1_generic_injective_statement_map_type_remains_map_symbol,tests/test_phase49_concrete_pi3_2_compatibility.py::test_phase49_1_generic_isomorphism_statement_uses_map_symbol,True,True,True,historical_preserved
R3-00307,historical_keep,tests/test_phase48_toda_prop44_e_injectivity_compatibility.py::test_phase48_1_generic_isomorphism_statement_map_type_remains_map_symbol,tests/test_phase49_concrete_pi3_2_compatibility.py::test_phase49_1_generic_injective_statement_uses_map_symbol,True,True,True,historical_preserved
R3-00308,retain_independent,tests/test_phase48_toda_prop44_e_map.py::test_phase48_2_suspension_map_source_group_uses_toda_primary_group,tests/test_phase49_delta_hopf_surjectivity.py::test_phase49_4_delta_map_source_type,True,True,True,retain_pair_observed
R3-00309,retain_independent,tests/test_phase48_toda_prop44_e_map.py::test_phase48_2_suspension_map_target_group_uses_toda_primary_group,tests/test_phase49_delta_hopf_surjectivity.py::test_phase49_4_delta_map_target_type,True,True,True,retain_pair_observed
R3-00310,historical_keep,tests/test_phase49_concrete_pi3_2_compatibility.py::test_phase49_1_generic_injective_statement_uses_map_symbol,tests/test_phase50_low_dimensional_delta_facts.py::test_phase50_4b_delta_statement_map_uses_specific_delta_map,True,True,True,historical_preserved
R3-00311,historical_keep,tests/test_phase49_concrete_pi3_2_compatibility.py::test_phase49_1_generic_isomorphism_statement_uses_map_symbol,tests/test_phase50_low_dimensional_delta_facts.py::test_phase50_4b_delta_statement_map_uses_specific_delta_map,True,True,True,historical_preserved
R3-00312,retain_independent,tests/test_phase49_delta_hopf_surjectivity.py::test_phase49_4_delta_zero_statement_uses_specific_map,tests/test_phase50_low_dimensional_delta_facts.py::test_phase50_4b_delta_statement_map_uses_specific_delta_map,True,True,True,retain_pair_observed
R3-00313,retain_independent,tests/test_phase49_delta_hopf_surjectivity.py::test_phase49_4_hopf_surjective_statement_uses_specific_map,tests/test_phase50_low_dimensional_delta_facts.py::test_phase50_4b_delta_statement_map_uses_specific_delta_map,True,True,True,retain_pair_observed
R3-00314,retain_independent,tests/test_phase49_delta_hopf_surjectivity.py::test_phase49_4_suspension_injective_statement_uses_specific_map,tests/test_phase50_low_dimensional_delta_facts.py::test_phase50_4b_delta_statement_map_uses_specific_delta_map,True,True,True,retain_pair_observed
R3-00315,retain_independent,tests/test_phase49_hopf_injectivity.py::test_phase49_3_injective_statement_uses_specific_hopf_map,tests/test_phase50_low_dimensional_delta_facts.py::test_phase50_4b_delta_statement_map_uses_specific_delta_map,True,True,True,retain_pair_observed
R3-00316,retain_independent,tests/test_phase49_hopf_isomorphism.py::test_phase49_5_isomorphism_statement_uses_specific_hopf_map,tests/test_phase50_low_dimensional_delta_facts.py::test_phase50_4b_delta_statement_map_uses_specific_delta_map,True,True,True,retain_pair_observed
R3-00317,retain_independent,tests/test_phase49_low_dimensional_facts.py::test_phase49_2_suspension_isomorphism_statement_uses_specific_map,tests/test_phase50_low_dimensional_delta_facts.py::test_phase50_4b_delta_statement_map_uses_specific_delta_map,True,True,True,retain_pair_observed
R3-00318,retain_independent,tests/test_phase49_low_dimensional_facts.py::test_phase49_2_zero_group_statement_uses_toda_primary_group,tests/test_phase78_stable_group_representation.py::test_phase78_4_stable_primary_component_type_hints_are_explicit,True,True,True,retain_pair_observed
R3-00319,retain_independent,tests/test_phase39_primary_component.py::test_phase39_4_concrete_primary_component_matches_existing_dimension_representation,tests/test_phase40_toda_primary_group.py::test_phase40_1_primary_component_and_homotopy_group_membership_share_concrete_dimensions,True,True,True,retain_pair_observed
R3-00320,retain_independent,tests/test_phase40_toda_primary_group.py::test_phase40_5_toda_primary_group_has_no_preimage_representation,tests/test_phase41_preimage_subgroup.py::test_phase41_5_toda_primary_group_has_no_preimage_conversion,True,True,True,retain_pair_observed
R3-00321,retain_independent,tests/test_phase44_toda_lemma41_case_semantics.py::test_phase44_3_zero_case_direct_sum_is_lossless,tests/test_phase47_toda_prop44_decomposition_groups.py::test_phase47_2_existing_phase44_direct_sum_shape_remains_representable,True,True,True,retain_pair_observed
R3-00322,historical_keep,tests/test_phase48_toda_prop44_e_injectivity_compatibility.py::test_phase48_1_generic_injective_statement_accepts_canonical_e,tests/test_phase49_concrete_pi3_2_compatibility.py::test_phase49_1_generic_h_injectivity_is_representable,True,True,True,historical_preserved
R3-00323,retain_independent,tests/test_phase65_probe.py::test_phase65_probe_does_not_claim_automatic_narrative,tests/test_phase66_probe.py::test_phase66_probe_output_contains_completion_boundary,True,True,True,retain_pair_observed
R3-00324,retain_independent,tests/test_phase65_probe.py::test_phase65_probe_output_contains_provenance,tests/test_phase66_probe.py::test_phase66_probe_output_contains_provenance,True,True,True,retain_pair_observed
R3-00325,retain_independent,tests/test_phase66_probe.py::test_phase66_probe_output_contains_fixed_point,tests/test_phase67_probe.py::test_phase67_probe_output_contains_given_inference_boundary,True,True,True,retain_pair_observed
R3-00326,retain_independent,tests/test_phase68_probe.py::test_phase68_probe_output_contains_fixed_point,tests/test_phase70_probe.py::test_phase70_probe_output_contains_staged_one_shot_boundary,True,True,True,retain_pair_observed
R3-00327,retain_independent,tests/test_phase69_probe.py::test_phase69_probe_output_contains_fixed_point,tests/test_phase70_probe.py::test_phase70_probe_output_contains_staged_one_shot_boundary,True,True,True,retain_pair_observed
R3-00328,retain_independent,tests/test_phase70_probe.py::test_phase70_probe_output_contains_proof_style_heading,tests/test_phase76_probe.py::test_phase76_probe_output_contains_derivation,True,True,True,retain_pair_observed
R3-00329,retain_independent,tests/test_phase71_probe.py::test_phase71_probe_output_contains_proof_style_heading,tests/test_phase76_probe.py::test_phase76_probe_output_contains_derivation,True,True,True,retain_pair_observed
R3-00330,retain_independent,tests/test_phase71_probe.py::test_phase71_probe_output_contains_provenance_heading,tests/test_phase74_probe.py::test_phase74_probe_output_contains_provenance,True,True,True,retain_pair_observed
R3-00331,retain_independent,tests/test_phase73_probe.py::test_phase73_probe_output_contains_proof_style_heading,tests/test_phase76_probe.py::test_phase76_probe_output_contains_derivation,True,True,True,retain_pair_observed
R3-00332,retain_independent,tests/test_phase73_probe.py::test_phase73_probe_output_contains_provenance_heading,tests/test_phase74_probe.py::test_phase74_probe_output_contains_provenance,True,True,True,retain_pair_observed
