finding_id,test_id,file,function,line,phase,r1_category,contract,assertion_kind,expected_literal,pytest_outcome,verification_class,verification_reason
R2-00256,tests/test_phase110_12_operation_query_proof_replay_statement_presentation.py::test_phase110_12_aggregate_uses_safe_type_fallback,tests/test_phase110_12_operation_query_proof_replay_statement_presentation.py,test_phase110_12_aggregate_uses_safe_type_fallback,256,110,current_contract,no_internal_fallback_leakage,positive_literal,TodaProp56FiniteDimensionalStatement,passed,current_contract,The expectation passes current behavior and belongs to the current Phase 153-154 contract boundary.
R2-00257,tests/test_phase110_12_operation_query_proof_replay_statement_presentation.py::test_phase110_12_replay_renderer_removes_python_dataclass_repr_leakage,tests/test_phase110_12_operation_query_proof_replay_statement_presentation.py,test_phase110_12_replay_renderer_removes_python_dataclass_repr_leakage,279,110,current_contract,no_internal_fallback_leakage,positive_literal,`TodaProp56FiniteDimensionalStatement`,passed,current_contract,The expectation passes current behavior and belongs to the current Phase 153-154 contract boundary.
R2-00261,tests/test_phase111_12_deep_show_proof_safe_fallback.py::test_phase111_12_depth_two_show_proof_uses_safe_type_name_fallback,tests/test_phase111_12_deep_show_proof_safe_fallback.py,test_phase111_12_depth_two_show_proof_uses_safe_type_name_fallback,32,111,current_contract,no_internal_fallback_leakage,positive_literal,`Toda45IsomorphismStatement`,passed,current_contract,The expectation passes current behavior and belongs to the current Phase 153-154 contract boundary.
R2-00262,tests/test_phase111_12_deep_show_proof_safe_fallback.py::test_phase111_12_depth_two_show_proof_uses_safe_type_name_fallback,tests/test_phase111_12_deep_show_proof_safe_fallback.py,test_phase111_12_depth_two_show_proof_uses_safe_type_name_fallback,37,111,current_contract,no_internal_fallback_leakage,positive_literal,`TodaSigmaFamilyDefinitionStatement`,passed,current_contract,The expectation passes current behavior and belongs to the current Phase 153-154 contract boundary.
R2-00268,tests/test_phase132_6_group_proof_narrative_renderer.py::test_phase132_6_sigma9_narrative_has_source_and_conclusion,tests/test_phase132_6_group_proof_narrative_renderer.py,test_phase132_6_sigma9_narrative_has_source_and_conclusion,94,132,current_contract,ascii_prose_punctuation,positive_literal,Toda Proposition 5.15を用いる。,passed,current_contract,The expectation passes current behavior and belongs to the current Phase 153-154 contract boundary.
R2-00269,tests/test_phase132_6_group_proof_narrative_renderer.py::test_phase132_6_sigma9_narrative_has_source_and_conclusion,tests/test_phase132_6_group_proof_narrative_renderer.py,test_phase132_6_sigma9_narrative_has_source_and_conclusion,98,132,current_contract,ascii_prose_punctuation,positive_literal,したがって、$\pi_{16}^{9} = \mathbb{Z}/16\{\sigma_{9}\}$を得る。,passed,current_contract,The expectation passes current behavior and belongs to the current Phase 153-154 contract boundary.
R2-00270,tests/test_phase132_6_group_proof_narrative_renderer.py::test_phase132_6_sigma9_narrative_uses_fixed_japanese_leads,tests/test_phase132_6_group_proof_narrative_renderer.py,test_phase132_6_sigma9_narrative_uses_fixed_japanese_leads,183,132,current_contract,ascii_prose_punctuation,positive_literal,まず、,passed,current_contract,The expectation passes current behavior and belongs to the current Phase 153-154 contract boundary.
R2-00271,tests/test_phase132_6_group_proof_narrative_renderer.py::test_phase132_6_sigma9_narrative_uses_fixed_japanese_leads,tests/test_phase132_6_group_proof_narrative_renderer.py,test_phase132_6_sigma9_narrative_uses_fixed_japanese_leads,184,132,current_contract,ascii_prose_punctuation,positive_literal,また、,passed,current_contract,The expectation passes current behavior and belongs to the current Phase 153-154 contract boundary.
R2-00272,tests/test_phase132_6_group_proof_narrative_renderer.py::test_phase132_6_sigma9_narrative_uses_fixed_japanese_leads,tests/test_phase132_6_group_proof_narrative_renderer.py,test_phase132_6_sigma9_narrative_uses_fixed_japanese_leads,185,132,current_contract,ascii_prose_punctuation,positive_literal,さらに、,passed,current_contract,The expectation passes current behavior and belongs to the current Phase 153-154 contract boundary.
R2-00273,tests/test_phase132_6_group_proof_narrative_renderer.py::test_phase132_6_sigma9_narrative_uses_fixed_japanese_leads,tests/test_phase132_6_group_proof_narrative_renderer.py,test_phase132_6_sigma9_narrative_uses_fixed_japanese_leads,186,132,current_contract,ascii_prose_punctuation,positive_literal,このことから、,passed,current_contract,The expectation passes current behavior and belongs to the current Phase 153-154 contract boundary.
R2-00274,tests/test_phase132_6_group_proof_narrative_renderer.py::test_phase132_6_sigma9_narrative_uses_fixed_japanese_leads,tests/test_phase132_6_group_proof_narrative_renderer.py,test_phase132_6_sigma9_narrative_uses_fixed_japanese_leads,187,132,current_contract,ascii_prose_punctuation,positive_literal,したがって、,passed,current_contract,The expectation passes current behavior and belongs to the current Phase 153-154 contract boundary.
R2-00277,tests/test_phase132_6_group_proof_narrative_renderer.py::test_phase132_6_depth_zero_does_not_invent_premises,tests/test_phase132_6_group_proof_narrative_renderer.py,test_phase132_6_depth_zero_does_not_invent_premises,203,132,current_contract,ascii_prose_punctuation,positive_literal,Toda Proposition 5.15を用いる。,passed,current_contract,The expectation passes current behavior and belongs to the current Phase 153-154 contract boundary.
R2-00281,tests/test_phase132_6_group_proof_narrative_renderer.py::test_phase132_6_depth_zero_does_not_invent_premises,tests/test_phase132_6_group_proof_narrative_renderer.py,test_phase132_6_depth_zero_does_not_invent_premises,210,132,current_contract,ascii_prose_punctuation,positive_literal,したがって、$\pi_{16}^{9} = \mathbb{Z}/16\{\sigma_{9}\}$である。,passed,current_contract,The expectation passes current behavior and belongs to the current Phase 153-154 contract boundary.
R2-00291,tests/test_phase143_42_argument_body_contribution_renderer.py::test_phase143_42_pi6_3_group_keeps_derived_short_exact_sequence,tests/test_phase143_42_argument_body_contribution_renderer.py,test_phase143_42_pi6_3_group_keeps_derived_short_exact_sequence,173,143,current_contract,ascii_prose_punctuation,positive_literal,この完全性と、左の写像が単射、右の写像が全射であることより、次の短完全列を得る.,passed,current_contract,The expectation passes current behavior and belongs to the current Phase 153-154 contract boundary.
R2-00293,tests/test_phase143_46_multi_argument_narrative_assembler.py::test_phase143_46_pi8_5_excludes_detached_nu_prime_order_argument,tests/test_phase143_46_multi_argument_narrative_assembler.py,test_phase143_46_pi8_5_excludes_detached_nu_prime_order_argument,77,143,current_contract,ascii_prose_punctuation,positive_literal,まず、$\nu_{5}$ を定める.,passed,current_contract,The expectation passes current behavior and belongs to the current Phase 153-154 contract boundary.
R2-00294,tests/test_phase143_46_multi_argument_narrative_assembler.py::test_phase143_46_pi8_5_excludes_detached_nu_prime_order_argument,tests/test_phase143_46_multi_argument_narrative_assembler.py,test_phase143_46_pi8_5_excludes_detached_nu_prime_order_argument,81,143,current_contract,ascii_prose_punctuation,positive_literal,次に、$\nu_{5}$ の位数を決定する.,passed,current_contract,The expectation passes current behavior and belongs to the current Phase 153-154 contract boundary.
R2-00295,tests/test_phase143_46_multi_argument_narrative_assembler.py::test_phase143_46_pi8_5_excludes_detached_nu_prime_order_argument,tests/test_phase143_46_multi_argument_narrative_assembler.py,test_phase143_46_pi8_5_excludes_detached_nu_prime_order_argument,85,143,current_contract,ascii_prose_punctuation,positive_literal,最後に、$\pi_{8}^{5}$ の群構造を決定する.,passed,current_contract,The expectation passes current behavior and belongs to the current Phase 153-154 contract boundary.
R2-00297,tests/test_phase143_47_multi_argument_shared_contribution_dedup.py::test_phase143_47_pi16_9_suppresses_shared_definition_evidence,tests/test_phase143_47_multi_argument_shared_contribution_dedup.py,test_phase143_47_pi16_9_suppresses_shared_definition_evidence,122,143,current_contract,ascii_prose_punctuation,positive_literal,次に、$\sigma_{9}$ を定める.,passed,current_contract,The expectation passes current behavior and belongs to the current Phase 153-154 contract boundary.
R2-00298,tests/test_phase143_47_multi_argument_shared_contribution_dedup.py::test_phase143_47_pi16_9_suppresses_shared_definition_evidence,tests/test_phase143_47_multi_argument_shared_contribution_dedup.py,test_phase143_47_pi16_9_suppresses_shared_definition_evidence,126,143,current_contract,ascii_prose_punctuation,positive_literal,最後に、$\pi_{16}^{9}$ の群構造を決定する.,passed,current_contract,The expectation passes current behavior and belongs to the current Phase 153-154 contract boundary.
R2-00300,tests/test_phase143_53b_r_conclusion_aware_connector.py::test_phase143_53b_r_pi6_3_connector_precedes_order_conclusion,tests/test_phase143_53b_r_conclusion_aware_connector.py,test_phase143_53b_r_pi6_3_connector_precedes_order_conclusion,39,143,current_contract,ascii_prose_punctuation,positive_literal,以上より、\n\n$\operatorname{ord}\left(\nu'\right) = 4$,passed,current_contract,The expectation passes current behavior and belongs to the current Phase 153-154 contract boundary.
R2-00302,tests/test_phase143_53b_r_conclusion_aware_connector.py::test_phase143_53b_r_pi8_5_connector_precedes_order_conclusion,tests/test_phase143_53b_r_conclusion_aware_connector.py,test_phase143_53b_r_pi8_5_connector_precedes_order_conclusion,58,143,current_contract,ascii_prose_punctuation,positive_literal,以上より、\n\n$\operatorname{ord}\left(\nu_{5}\right) = 8$,passed,current_contract,The expectation passes current behavior and belongs to the current Phase 153-154 contract boundary.
R2-00304,tests/test_phase143_53b_r_conclusion_aware_connector.py::test_phase143_53b_r_pi15_8_connector_still_precedes_target,tests/test_phase143_53b_r_conclusion_aware_connector.py,test_phase143_53b_r_pi15_8_connector_still_precedes_target,77,143,duplicate_coverage,ascii_prose_punctuation,positive_literal,以上より、\n\n$\pi_{15}^{8} = \mathbb{Z}\{\sigma_{8}\} \oplus \mathbb{Z}/8\{E\sigma'\}$,passed,false_positive,"The static R2 rule marked this expectation high, but the complete test passes current behavior; it is not proven stale."
R2-00306,tests/test_phase143_53b_r_conclusion_aware_connector.py::test_phase143_53b_r_pi16_9_connector_still_precedes_target,tests/test_phase143_53b_r_conclusion_aware_connector.py,test_phase143_53b_r_pi16_9_connector_still_precedes_target,105,143,duplicate_coverage,ascii_prose_punctuation,positive_literal,以上より、\n\n$\pi_{16}^{9} = \mathbb{Z}/16\{\sigma_{9}\}$,passed,false_positive,"The static R2 rule marked this expectation high, but the complete test passes current behavior; it is not proven stale."
R2-00307,tests/test_phase143_53b_transition_connectors.py::test_phase143_53b_pi6_3_derivation_connects_order_and_target,tests/test_phase143_53b_transition_connectors.py,test_phase143_53b_pi6_3_derivation_connects_order_and_target,39,143,current_contract,ascii_prose_punctuation,positive_literal,以上より、\n\n$\operatorname{ord}\left(\nu'\right) = 4$,passed,current_contract,The expectation passes current behavior and belongs to the current Phase 153-154 contract boundary.
R2-00308,tests/test_phase143_53b_transition_connectors.py::test_phase143_53b_pi6_3_derivation_connects_order_and_target,tests/test_phase143_53b_transition_connectors.py,test_phase143_53b_pi6_3_derivation_connects_order_and_target,44,143,current_contract,ascii_prose_punctuation,positive_literal,以上より、\n\n$\pi_{6}^{3} = \mathbb{Z}/4\{\nu'\}$,passed,current_contract,The expectation passes current behavior and belongs to the current Phase 153-154 contract boundary.
R2-00310,tests/test_phase143_53b_transition_connectors.py::test_phase143_53b_pi15_8_aggregate_derivation_connects_target,tests/test_phase143_53b_transition_connectors.py,test_phase143_53b_pi15_8_aggregate_derivation_connects_target,70,143,duplicate_coverage,ascii_prose_punctuation,positive_literal,以上より、\n\n$\pi_{15}^{8} = \mathbb{Z}\{\sigma_{8}\} \oplus \mathbb{Z}/8\{E\sigma'\}$,passed,false_positive,"The static R2 rule marked this expectation high, but the complete test passes current behavior; it is not proven stale."
R2-00312,tests/test_phase143_53b_transition_connectors.py::test_phase143_53b_pi16_9_derivation_connects_target,tests/test_phase143_53b_transition_connectors.py,test_phase143_53b_pi16_9_derivation_connects_target,98,143,duplicate_coverage,ascii_prose_punctuation,positive_literal,以上より、\n\n$\pi_{16}^{9} = \mathbb{Z}/16\{\sigma_{9}\}$,passed,false_positive,"The static R2 rule marked this expectation high, but the complete test passes current behavior; it is not proven stale."
R2-00313,tests/test_phase143_55b_conclusion_step_ordering.py::test_phase143_55b_pi6_3_connector_immediately_precedes_main_order,tests/test_phase143_55b_conclusion_step_ordering.py,test_phase143_55b_pi6_3_connector_immediately_precedes_main_order,71,143,current_contract,ascii_prose_punctuation,positive_literal,以上より、\n\n$\operatorname{ord}\left(\nu'\right) = 4$,passed,current_contract,The expectation passes current behavior and belongs to the current Phase 153-154 contract boundary.
R2-00314,tests/test_phase143_55b_conclusion_step_ordering.py::test_phase143_55b_pi8_5_connector_immediately_precedes_main_order,tests/test_phase143_55b_conclusion_step_ordering.py,test_phase143_55b_pi8_5_connector_immediately_precedes_main_order,115,143,current_contract,ascii_prose_punctuation,positive_literal,以上より、\n\n$\operatorname{ord}\left(\nu_{5}\right) = 8$,passed,current_contract,The expectation passes current behavior and belongs to the current Phase 153-154 contract boundary.
R2-00315,tests/test_phase143_55b_conclusion_step_ordering.py::test_phase143_55b_pi15_8_target_connector_remains_correct,tests/test_phase143_55b_conclusion_step_ordering.py,test_phase143_55b_pi15_8_target_connector_remains_correct,128,143,duplicate_coverage,ascii_prose_punctuation,positive_literal,以上より、\n\n$\pi_{15}^{8} = \mathbb{Z}\{\sigma_{8}\} \oplus \mathbb{Z}/8\{E\sigma'\}$,passed,false_positive,"The static R2 rule marked this expectation high, but the complete test passes current behavior; it is not proven stale."
R2-00316,tests/test_phase143_55b_conclusion_step_ordering.py::test_phase143_55b_pi16_9_target_connector_remains_correct,tests/test_phase143_55b_conclusion_step_ordering.py,test_phase143_55b_pi16_9_target_connector_remains_correct,143,143,duplicate_coverage,ascii_prose_punctuation,positive_literal,以上より、\n\n$\pi_{16}^{9} = \mathbb{Z}/16\{\sigma_{9}\}$,passed,false_positive,"The static R2 rule marked this expectation high, but the complete test passes current behavior; it is not proven stale."
R2-00318,tests/test_phase143_59b_group_structure_duplicate_suppression.py::test_phase143_59b_pi15_8_keeps_final_group_conclusion,tests/test_phase143_59b_group_structure_duplicate_suppression.py,test_phase143_59b_pi15_8_keeps_final_group_conclusion,109,143,duplicate_coverage,ascii_prose_punctuation,positive_literal,以上より、\n\n$\pi_{15}^{8} = \mathbb{Z}\{\sigma_{8}\} \oplus \mathbb{Z}/8\{E\sigma'\}$,passed,false_positive,"The static R2 rule marked this expectation high, but the complete test passes current behavior; it is not proven stale."
R2-00319,tests/test_phase143_59b_group_structure_duplicate_suppression.py::test_phase143_59b_pi6_3_narrative_remains_available,tests/test_phase143_59b_group_structure_duplicate_suppression.py,test_phase143_59b_pi6_3_narrative_remains_available,143,143,current_contract,ascii_prose_punctuation,positive_literal,(1) と (2) より、,passed,current_contract,The expectation passes current behavior and belongs to the current Phase 153-154 contract boundary.
R2-00320,tests/test_phase143_61b_direct_premise_narrative.py::test_phase143_61b_pi16_9_final_conclusion_remains,tests/test_phase143_61b_direct_premise_narrative.py,test_phase143_61b_pi16_9_final_conclusion_remains,166,143,duplicate_coverage,ascii_prose_punctuation,positive_literal,以上より、\n\n$\pi_{16}^{9} = \mathbb{Z}/16\{\sigma_{9}\}$,passed,false_positive,"The static R2 rule marked this expectation high, but the complete test passes current behavior; it is not proven stale."
R2-00321,tests/test_phase143_61b_r_semantic_suppression_priority.py::test_phase143_61b_r_keeps_pi15_8_final_conclusion,tests/test_phase143_61b_r_semantic_suppression_priority.py,test_phase143_61b_r_keeps_pi15_8_final_conclusion,53,143,duplicate_coverage,ascii_prose_punctuation,positive_literal,以上より、\n\n$\pi_{15}^{8} = \mathbb{Z}\{\sigma_{8}\} \oplus \mathbb{Z}/8\{E\sigma'\}$,passed,false_positive,"The static R2 rule marked this expectation high, but the complete test passes current behavior; it is not proven stale."
R2-00322,tests/test_phase143_61b_r_semantic_suppression_priority.py::test_phase143_61b_r_keeps_pi8_5_relocated_direct_premise,tests/test_phase143_61b_r_semantic_suppression_priority.py,test_phase143_61b_r_keeps_pi8_5_relocated_direct_premise,68,143,duplicate_coverage,ascii_prose_punctuation,positive_literal,$2\nu_{5} = E^{2}\nu'$\n\n$\operatorname{ord}\left(E^{2}\nu'\right) = 4$\n\n以上より、\n\n$\operatorname{ord}\left(\nu_{5}\right) = 8$,passed,false_positive,"The static R2 rule marked this expectation high, but the complete test passes current behavior; it is not proven stale."
R2-00323,tests/test_phase143_61b_r_semantic_suppression_priority.py::test_phase143_61b_r_keeps_pi6_3_local_connector,tests/test_phase143_61b_r_semantic_suppression_priority.py,test_phase143_61b_r_keeps_pi6_3_local_connector,86,143,current_contract,ascii_prose_punctuation,positive_literal,(1) と (2) より、,passed,current_contract,The expectation passes current behavior and belongs to the current Phase 153-154 contract boundary.
R2-00324,tests/test_phase143_61b_r_semantic_suppression_priority.py::test_phase143_61b_r_keeps_pi6_3_local_connector,tests/test_phase143_61b_r_semantic_suppression_priority.py,test_phase143_61b_r_keeps_pi6_3_local_connector,87,143,current_contract,ascii_prose_punctuation,positive_literal,(4) と (5) より、,passed,current_contract,The expectation passes current behavior and belongs to the current Phase 153-154 contract boundary.
R2-00325,tests/test_phase143_61b_r_semantic_suppression_priority.py::test_phase143_61b_r_keeps_pi6_3_local_connector,tests/test_phase143_61b_r_semantic_suppression_priority.py,test_phase143_61b_r_keeps_pi6_3_local_connector,88,143,current_contract,ascii_prose_punctuation,positive_literal,以上より、\n\n$\operatorname{ord}\left(\nu'\right) = 4$,passed,current_contract,The expectation passes current behavior and belongs to the current Phase 153-154 contract boundary.
R2-00327,tests/test_phase143_63a_r_exactness_repair.py::test_phase143_63a_r_pi8_5_direct_premise_placement_remains,tests/test_phase143_63a_r_exactness_repair.py,test_phase143_63a_r_pi8_5_direct_premise_placement_remains,54,143,duplicate_coverage,ascii_prose_punctuation,positive_literal,$2\nu_{5} = E^{2}\nu'$\n\n$\operatorname{ord}\left(E^{2}\nu'\right) = 4$\n\n以上より、\n\n$\operatorname{ord}\left(\nu_{5}\right) = 8$,passed,false_positive,"The static R2 rule marked this expectation high, but the complete test passes current behavior; it is not proven stale."
R2-00329,tests/test_phase143_63a_residual_fallback_provenance.py::test_phase143_63a_pi8_5_direct_premise_placement_remains,tests/test_phase143_63a_residual_fallback_provenance.py,test_phase143_63a_pi8_5_direct_premise_placement_remains,74,143,duplicate_coverage,ascii_prose_punctuation,positive_literal,$2\nu_{5} = E^{2}\nu'$\n\n$\operatorname{ord}\left(E^{2}\nu'\right) = 4$\n\n以上より、\n\n$\operatorname{ord}\left(\nu_{5}\right) = 8$,passed,false_positive,"The static R2 rule marked this expectation high, but the complete test passes current behavior; it is not proven stale."
R2-00336,tests/test_phase144_5_generic_definition_order_equations.py::test_phase144_5_r2_numbers_only_calculation_chain_equations,tests/test_phase144_5_generic_definition_order_equations.py,test_phase144_5_r2_numbers_only_calculation_chain_equations,52,144,current_contract,ascii_prose_punctuation,positive_literal,(1) と (2) より、,passed,current_contract,The expectation passes current behavior and belongs to the current Phase 153-154 contract boundary.
R2-00337,tests/test_phase144_5_generic_definition_order_equations.py::test_phase144_5_r2_pi6_3_keeps_definition_and_order_purposes,tests/test_phase144_5_generic_definition_order_equations.py,test_phase144_5_r2_pi6_3_keeps_definition_and_order_purposes,80,144,current_contract,ascii_prose_punctuation,positive_literal,$\nu'$ の位数を決定するために、次の完全列を考える.,passed,current_contract,The expectation passes current behavior and belongs to the current Phase 153-154 contract boundary.
R2-00338,tests/test_phase144_5_generic_definition_order_equations.py::test_phase144_5_r2_pi6_3_uses_actual_equation_references,tests/test_phase144_5_generic_definition_order_equations.py,test_phase144_5_r2_pi6_3_uses_actual_equation_references,93,144,current_contract,ascii_prose_punctuation,positive_literal,(1) と (2) より、,passed,current_contract,The expectation passes current behavior and belongs to the current Phase 153-154 contract boundary.
R2-00339,tests/test_phase144_5_generic_definition_order_equations.py::test_phase144_5_r2_pi6_3_uses_actual_equation_references,tests/test_phase144_5_generic_definition_order_equations.py,test_phase144_5_r2_pi6_3_uses_actual_equation_references,94,144,current_contract,ascii_prose_punctuation,positive_literal,(4) と (5) より、,passed,current_contract,The expectation passes current behavior and belongs to the current Phase 153-154 contract boundary.
R2-00340,tests/test_phase144_6_pi6_generic_production_route.py::test_phase144_6_public_pi6_3_narrative_equals_generic_argument_renderer,tests/test_phase144_6_pi6_generic_production_route.py,test_phase144_6_public_pi6_3_narrative_equals_generic_argument_renderer,48,144,current_contract,ascii_prose_punctuation,positive_literal,(1) と (2) より、,passed,current_contract,The expectation passes current behavior and belongs to the current Phase 153-154 contract boundary.
R2-00341,tests/test_phase144_6_pi6_generic_production_route.py::test_phase144_6_public_pi6_3_narrative_equals_generic_argument_renderer,tests/test_phase144_6_pi6_generic_production_route.py,test_phase144_6_public_pi6_3_narrative_equals_generic_argument_renderer,49,144,current_contract,ascii_prose_punctuation,positive_literal,(4) と (5) より、,passed,current_contract,The expectation passes current behavior and belongs to the current Phase 153-154 contract boundary.
R2-00342,tests/test_phase144_6_pi6_generic_production_route.py::test_phase144_6_cli_pi6_3_narrative_uses_generic_route,tests/test_phase144_6_pi6_generic_production_route.py,test_phase144_6_cli_pi6_3_narrative_uses_generic_route,112,144,current_contract,ascii_prose_punctuation,positive_literal,(1) と (2) より、,passed,current_contract,The expectation passes current behavior and belongs to the current Phase 153-154 contract boundary.
R2-00343,tests/test_phase144_6_r25_9a_pi5_suppression.py::test_phase144_6_r25_9a_pi5_3_is_hidden_without_losing_transitions,tests/test_phase144_6_r25_9a_pi5_suppression.py,test_phase144_6_r25_9a_pi5_3_is_hidden_without_losing_transitions,179,144,current_contract,ascii_prose_punctuation,positive_literal,(1) と (2) より、,passed,current_contract,The expectation passes current behavior and belongs to the current Phase 153-154 contract boundary.
R2-00344,tests/test_phase144_6_r25_9a_pi5_suppression.py::test_phase144_6_r25_9a_pi5_3_is_hidden_without_losing_transitions,tests/test_phase144_6_r25_9a_pi5_suppression.py,test_phase144_6_r25_9a_pi5_3_is_hidden_without_losing_transitions,181,144,current_contract,ascii_prose_punctuation,positive_literal,(4) と (5) より、,passed,current_contract,The expectation passes current behavior and belongs to the current Phase 153-154 contract boundary.
R2-00345,tests/test_phase144_6_r25_9a_r1_relocation_hidden.py::test_phase144_6_r25_9a_r1_hidden_support_is_not_reintroduced,tests/test_phase144_6_r25_9a_r1_relocation_hidden.py,test_phase144_6_r25_9a_r1_hidden_support_is_not_reintroduced,38,144,current_contract,ascii_prose_punctuation,positive_literal,(1) と (2) より、,passed,current_contract,The expectation passes current behavior and belongs to the current Phase 153-154 contract boundary.
R2-00346,tests/test_phase144_6_r25_9a_r1_relocation_hidden.py::test_phase144_6_r25_9a_r1_hidden_support_is_not_reintroduced,tests/test_phase144_6_r25_9a_r1_relocation_hidden.py,test_phase144_6_r25_9a_r1_hidden_support_is_not_reintroduced,40,144,current_contract,ascii_prose_punctuation,positive_literal,(4) と (5) より、,passed,current_contract,The expectation passes current behavior and belongs to the current Phase 153-154 contract boundary.
R2-00347,tests/test_phase144_6_r4_supporting_fact_filtering.py::test_phase144_6_r4_preserves_argument_frontier_and_transition_chains,tests/test_phase144_6_r4_supporting_fact_filtering.py,test_phase144_6_r4_preserves_argument_frontier_and_transition_chains,54,144,current_contract,ascii_prose_punctuation,positive_literal,(1) と (2) より、,passed,current_contract,The expectation passes current behavior and belongs to the current Phase 153-154 contract boundary.
R2-00348,tests/test_phase144_6_r4_supporting_fact_filtering.py::test_phase144_6_r4_preserves_argument_frontier_and_transition_chains,tests/test_phase144_6_r4_supporting_fact_filtering.py,test_phase144_6_r4_preserves_argument_frontier_and_transition_chains,56,144,current_contract,ascii_prose_punctuation,positive_literal,(4) と (5) より、,passed,current_contract,The expectation passes current behavior and belongs to the current Phase 153-154 contract boundary.
R2-00369,tests/test_phase146_7_generic_argument_purpose_prose.py::test_phase146_7_order_exactness_combines_purpose_and_method,tests/test_phase146_7_generic_argument_purpose_prose.py,test_phase146_7_order_exactness_combines_purpose_and_method,32,146,current_contract,ascii_prose_punctuation,positive_literal,$\nu'$ の位数を決定するために、次の完全列を考える.,passed,current_contract,The expectation passes current behavior and belongs to the current Phase 153-154 contract boundary.
R2-00371,tests/test_phase148_rc2_4_post_repair_six_group.py::test_phase148_rc2_4_post_repair_pi6_3_retains_numbered_calculation_chain,tests/test_phase148_rc2_4_post_repair_six_group.py,test_phase148_rc2_4_post_repair_pi6_3_retains_numbered_calculation_chain,136,148,current_contract,ascii_prose_punctuation,positive_literal,(1) と (2) より、,passed,current_contract,The expectation passes current behavior and belongs to the current Phase 153-154 contract boundary.
R2-00373,tests/test_phase148_rc2_4_repair_r4_2_calculation_premise_semantic_closure.py::test_phase148_rc2_4_repair_r4_2_depth2_public_renderer_restores_numbered_chain,tests/test_phase148_rc2_4_repair_r4_2_calculation_premise_semantic_closure.py,test_phase148_rc2_4_repair_r4_2_depth2_public_renderer_restores_numbered_chain,259,148,audit_only,ascii_prose_punctuation,positive_literal,(1) と (2) より、,passed,false_positive,"The static R2 rule marked this expectation high, but the complete test passes current behavior; it is not proven stale."
R2-00374,tests/test_phase148_rc2_4_repair_r4_2_calculation_premise_semantic_closure.py::test_phase148_rc2_4_repair_r4_2_web_depth2_restores_numbered_chain_without_raw_exactness,tests/test_phase148_rc2_4_repair_r4_2_calculation_premise_semantic_closure.py,test_phase148_rc2_4_repair_r4_2_web_depth2_restores_numbered_chain_without_raw_exactness,287,148,audit_only,ascii_prose_punctuation,positive_literal,(1) と (2) より、,passed,false_positive,"The static R2 rule marked this expectation high, but the complete test passes current behavior; it is not proven stale."
R2-00381,tests/test_phase150_rc4_7b_production_repair.py::test_phase150_rc4_7b_target_support_gets_conclusion_connector,tests/test_phase150_rc4_7b_production_repair.py,test_phase150_rc4_7b_target_support_gets_conclusion_connector,47,150,current_contract,ascii_prose_punctuation,positive_literal,以上より、,passed,current_contract,The expectation passes current behavior and belongs to the current Phase 153-154 contract boundary.
R2-00383,tests/test_phase150_rc4_7d_reason_hidden_conclusion_anchor.py::test_phase150_rc4_7d_hidden_map_reason_uses_visible_downstream_anchor,tests/test_phase150_rc4_7d_reason_hidden_conclusion_anchor.py,test_phase150_rc4_7d_hidden_map_reason_uses_visible_downstream_anchor,54,150,current_contract,ascii_prose_punctuation,positive_literal,この完全性、既知の群構造、および写像の像に関する結果を合わせると,passed,current_contract,The expectation passes current behavior and belongs to the current Phase 153-154 contract boundary.
R2-00384,tests/test_phase150_rc4_7d_reason_hidden_conclusion_anchor.py::test_phase150_rc4_7d_visible_final_reason_is_preserved,tests/test_phase150_rc4_7d_reason_hidden_conclusion_anchor.py,test_phase150_rc4_7d_visible_final_reason_is_preserved,74,150,current_contract,ascii_prose_punctuation,positive_literal,以上で得た群構造、生成元、および写像に関する結果を合わせると、,passed,current_contract,The expectation passes current behavior and belongs to the current Phase 153-154 contract boundary.
R2-00387,tests/test_phase153_r10_used_reference_filtering.py::test_phase153_r10_filters_unused_entries_and_renumbers_markers,tests/test_phase153_r10_used_reference_filtering.py,test_phase153_r10_filters_unused_entries_and_renumbers_markers,148,153,current_contract,ascii_prose_punctuation,positive_literal,まず、[R1]を用いる。\nさらに、[R2]を用いる。,passed,current_contract,The expectation passes current behavior and belongs to the current Phase 153-154 contract boundary.
R2-00388,tests/test_phase153_r10_used_reference_filtering.py::test_phase153_r10_pi6_2_body_uses_renumbered_references,tests/test_phase153_r10_used_reference_filtering.py,test_phase153_r10_pi6_2_body_uses_renumbered_references,175,153,current_contract,ascii_prose_punctuation,positive_literal,[R1]を用いる。,passed,current_contract,The expectation passes current behavior and belongs to the current Phase 153-154 contract boundary.
R2-00389,tests/test_phase153_r10_used_reference_filtering.py::test_phase153_r10_pi6_2_body_uses_renumbered_references,tests/test_phase153_r10_used_reference_filtering.py,test_phase153_r10_pi6_2_body_uses_renumbered_references,176,153,current_contract,ascii_prose_punctuation,positive_literal,[R2]を用いる。,passed,current_contract,The expectation passes current behavior and belongs to the current Phase 153-154 contract boundary.
R2-00390,tests/test_phase153_r12_root_reference_exclusion.py::test_phase153_r12_pi11_4_body_uses_renumbered_external_references,tests/test_phase153_r12_root_reference_exclusion.py,test_phase153_r12_pi11_4_body_uses_renumbered_external_references,86,153,current_contract,ascii_prose_punctuation,positive_literal,[R1]を用いる。,passed,current_contract,The expectation passes current behavior and belongs to the current Phase 153-154 contract boundary.
R2-00391,tests/test_phase153_r12_root_reference_exclusion.py::test_phase153_r12_pi11_4_body_uses_renumbered_external_references,tests/test_phase153_r12_root_reference_exclusion.py,test_phase153_r12_pi11_4_body_uses_renumbered_external_references,87,153,current_contract,ascii_prose_punctuation,positive_literal,[R2]を用いる。,passed,current_contract,The expectation passes current behavior and belongs to the current Phase 153-154 contract boundary.
R2-00392,tests/test_phase153_r2_public_reference_semantic_fact.py::test_phase153_r2_public_pi10_6_keeps_provenance_only_reference_compact,tests/test_phase153_r2_public_reference_semantic_fact.py,test_phase153_r2_public_pi10_6_keeps_provenance_only_reference_compact,61,153,current_contract,ascii_prose_punctuation,positive_literal,Toda Proposition 5.8を用いる。,passed,current_contract,The expectation passes current behavior and belongs to the current Phase 153-154 contract boundary.
R2-00393,tests/test_phase153_r3_11_reference_body_ownership_repair.py::test_phase153_r3_11_replaces_embedded_unmarked_selected_statement_with_reference_marker,tests/test_phase153_r3_11_reference_body_ownership_repair.py,test_phase153_r3_11_replaces_embedded_unmarked_selected_statement_with_reference_marker,120,153,current_contract,ascii_prose_punctuation,positive_literal,この結果として、[R2]を得る。,passed,current_contract,The expectation passes current behavior and belongs to the current Phase 153-154 contract boundary.
R2-00394,tests/test_phase153_r3_11_reference_body_ownership_repair.py::test_phase153_r3_11_preserves_surrounding_prose_when_replacing_embedded_statement,tests/test_phase153_r3_11_reference_body_ownership_repair.py,test_phase153_r3_11_preserves_surrounding_prose_when_replacing_embedded_statement,142,153,current_contract,ascii_prose_punctuation,positive_literal,まず、[R2]を確認し、次の計算へ進む。,passed,current_contract,The expectation passes current behavior and belongs to the current Phase 153-154 contract boundary.
R2-00395,tests/test_phase153_r3_5_reference_body_duplicate_suppression.py::test_phase153_r3_5_suppresses_exact_standalone_statement_line,tests/test_phase153_r3_5_reference_body_duplicate_suppression.py,test_phase153_r3_5_suppresses_exact_standalone_statement_line,63,153,current_contract,ascii_prose_punctuation,positive_literal,まず、群構造を確認する。,passed,current_contract,The expectation passes current behavior and belongs to the current Phase 153-154 contract boundary.
R2-00396,tests/test_phase153_r3_5_reference_body_duplicate_suppression.py::test_phase153_r3_5_suppresses_exact_standalone_statement_line,tests/test_phase153_r3_5_reference_body_duplicate_suppression.py,test_phase153_r3_5_suppresses_exact_standalone_statement_line,64,153,current_contract,ascii_prose_punctuation,positive_literal,したがって結論を得る。,passed,current_contract,The expectation passes current behavior and belongs to the current Phase 153-154 contract boundary.
R2-00397,tests/test_phase153_r3_5_reference_body_duplicate_suppression.py::test_phase153_r3_5_compacts_reference_marker_sentence,tests/test_phase153_r3_5_reference_body_duplicate_suppression.py,test_phase153_r3_5_compacts_reference_marker_sentence,86,153,current_contract,ascii_prose_punctuation,positive_literal,また、[R2]を用いる。,passed,current_contract,The expectation passes current behavior and belongs to the current Phase 153-154 contract boundary.
R2-00398,tests/test_phase153_r9_reference_reuse_derivation_suppression.py::test_phase153_r9_pi6_2_reuses_selected_references_without_rederiving_ancestry,tests/test_phase153_r9_reference_reuse_derivation_suppression.py,test_phase153_r9_pi6_2_reuses_selected_references_without_rederiving_ancestry,105,153,current_contract,ascii_prose_punctuation,positive_literal,[R1]を用いる。,passed,current_contract,The expectation passes current behavior and belongs to the current Phase 153-154 contract boundary.
R2-00399,tests/test_phase153_r9_reference_reuse_derivation_suppression.py::test_phase153_r9_pi6_2_reuses_selected_references_without_rederiving_ancestry,tests/test_phase153_r9_reference_reuse_derivation_suppression.py,test_phase153_r9_pi6_2_reuses_selected_references_without_rederiving_ancestry,106,153,current_contract,ascii_prose_punctuation,positive_literal,[R2]を用いる。,passed,current_contract,The expectation passes current behavior and belongs to the current Phase 153-154 contract boundary.
R2-00401,tests/test_phase71_probe.py::test_phase71_probe_output_contains_aggregate_type,tests/test_phase71_probe.py,test_phase71_probe_output_contains_aggregate_type,214,71,audit_only,no_internal_fallback_leakage,positive_literal,aggregate type = Toda512DeltaInjectivityStatement,passed,false_positive,"The static R2 rule marked this expectation high, but the complete test passes current behavior; it is not proven stale."
R2-00402,tests/test_phase73_probe.py::test_phase73_probe_output_contains_aggregate_type,tests/test_phase73_probe.py,test_phase73_probe_output_contains_aggregate_type,223,73,audit_only,no_internal_fallback_leakage,positive_literal,aggregate type = TodaProp511FiniteDimensionalStatement,passed,false_positive,"The static R2 rule marked this expectation high, but the complete test passes current behavior; it is not proven stale."
R2-00403,tests/test_phase74_probe.py::test_phase74_probe_output_contains_final_result,tests/test_phase74_probe.py,test_phase74_probe_output_contains_final_result,265,74,audit_only,no_internal_fallback_leakage,positive_literal,TodaLemma512Statement,passed,false_positive,"The static R2 rule marked this expectation high, but the complete test passes current behavior; it is not proven stale."
R2-00404,tests/test_phase75_probe.py::test_phase75_probe_output_contains_aggregate_integration,tests/test_phase75_probe.py,test_phase75_probe_output_contains_aggregate_integration,456,75,audit_only,no_internal_fallback_leakage,positive_literal,TodaProp515FiniteDimensionalStatement,passed,false_positive,"The static R2 rule marked this expectation high, but the complete test passes current behavior; it is not proven stale."
R2-00405,tests/test_phase78_stable_two_primary_identification.py::test_phase78_5_statement_is_distinct_from_finite_stage_toda45,tests/test_phase78_stable_two_primary_identification.py,test_phase78_5_statement_is_distinct_from_finite_stage_toda45,285,78,current_contract,no_internal_fallback_leakage,positive_literal,Toda45StableTwoPrimaryIdentificationStatement,passed,current_contract,The expectation passes current behavior and belongs to the current Phase 153-154 contract boundary.
R2-00407,tests/test_phase96_final_proof_report_audit.py::test_phase96_12_unknown_statement_fallback_is_explicit_and_safe,tests/test_phase96_final_proof_report_audit.py,test_phase96_12_unknown_statement_fallback_is_explicit_and_safe,243,96,audit_only,no_internal_fallback_leakage,positive_literal,`TodaProp56FiniteDimensionalStatement`,passed,false_positive,"The static R2 rule marked this expectation high, but the complete test passes current behavior; it is not proven stale."
R2-00408,tests/test_phase96_full_proof_report_renderer.py::test_phase96_11_actual_pi9_5_unknown_statements_remain_safe_fallbacks,tests/test_phase96_full_proof_report_renderer.py,test_phase96_11_actual_pi9_5_unknown_statements_remain_safe_fallbacks,286,96,current_contract,no_internal_fallback_leakage,positive_literal,`TodaProp56FiniteDimensionalStatement`,passed,current_contract,The expectation passes current behavior and belongs to the current Phase 153-154 contract boundary.
R2-00410,tests/test_phase96_proof_step_mathematical_narrative.py::test_phase96_10_unknown_aggregate_statement_keeps_safe_type_fallback,tests/test_phase96_proof_step_mathematical_narrative.py,test_phase96_10_unknown_aggregate_statement_keeps_safe_type_fallback,279,96,current_contract,no_internal_fallback_leakage,positive_literal,TodaProp56FiniteDimensionalStatement,passed,current_contract,The expectation passes current behavior and belongs to the current Phase 153-154 contract boundary.
R2-00411,tests/test_phase96_proof_step_mathematical_narrative.py::test_phase96_10_narrative_keeps_unknown_statements_without_inventing_math,tests/test_phase96_proof_step_mathematical_narrative.py,test_phase96_10_narrative_keeps_unknown_statements_without_inventing_math,369,96,current_contract,no_internal_fallback_leakage,positive_literal,`TodaProp56FiniteDimensionalStatement`,passed,current_contract,The expectation passes current behavior and belongs to the current Phase 153-154 contract boundary.
