n,k,group,reference_headers,body_markers,header_without_marker,displayed_canonical_statements,violations
2,2,pi_4^2,1,2,0,2,0
2,6,pi_8^2,2,2,0,2,0
3,2,pi_5^3,1,1,0,1,0
3,6,pi_9^3,2,2,0,2,0
4,2,pi_6^4,1,1,0,1,0
4,6,pi_10^4,2,0,2,3,0
5,2,pi_7^5,1,1,0,1,0
5,6,pi_11^5,2,2,0,2,0
6,2,pi_8^6,1,1,0,1,0
6,6,pi_12^6,1,1,0,1,0
7,2,pi_9^7,1,1,0,1,0
7,6,pi_13^7,0,0,0,0,0
8,2,pi_10^8,1,1,0,1,0
8,6,pi_14^8,0,0,0,0,0
9,2,pi_11^9,1,1,0,1,0
9,6,pi_15^9,1,1,0,1,0
10,2,pi_12^10,1,1,0,1,0
10,6,pi_16^10,1,1,0,1,0
11,2,pi_13^11,1,1,0,1,0
11,6,pi_17^11,1,1,0,1,0
12,2,pi_14^12,1,1,0,1,0
12,6,pi_18^12,1,1,0,1,0
13,2,pi_15^13,1,1,0,1,0
13,6,pi_19^13,1,1,0,1,0
14,2,pi_16^14,1,1,0,1,0
14,6,pi_20^14,1,1,0,1,0
15,2,pi_17^15,1,1,0,1,0
15,6,pi_21^15,1,1,0,1,0
