n,k,group,finding_kinds,classification,has_proof_heading,has_reference_heading,has_qed
2,0,pi_2^2,missing_proof_section,NO_REFERENCE_SECTION_EITHER,False,False,True
2,1,pi_3^2,missing_proof_section,NO_REFERENCE_SECTION_EITHER,False,False,True
3,0,pi_3^3,missing_proof_section,NO_REFERENCE_SECTION_EITHER,False,False,True
3,1,pi_4^3,missing_proof_section,NO_REFERENCE_SECTION_EITHER,False,False,True
4,0,pi_4^4,missing_proof_section,NO_REFERENCE_SECTION_EITHER,False,False,True
5,0,pi_5^5,missing_proof_section,NO_REFERENCE_SECTION_EITHER,False,False,True
6,0,pi_6^6,missing_proof_section,NO_REFERENCE_SECTION_EITHER,False,False,True
7,0,pi_7^7,missing_proof_section,NO_REFERENCE_SECTION_EITHER,False,False,True
7,5,pi_12^7,missing_proof_section,NO_REFERENCE_SECTION_EITHER,False,False,True
8,0,pi_8^8,missing_proof_section,NO_REFERENCE_SECTION_EITHER,False,False,True
8,6,pi_14^8,missing_proof_section,NO_REFERENCE_SECTION_EITHER,False,False,True
8,7,pi_15^8,exact_duplicate_paragraph;exact_duplicate_paragraph,HAS_PROOF_SECTION,True,True,True
9,0,pi_9^9,missing_proof_section,NO_REFERENCE_SECTION_EITHER,False,False,True
10,0,pi_10^10,missing_proof_section,NO_REFERENCE_SECTION_EITHER,False,False,True
11,0,pi_11^11,missing_proof_section,NO_REFERENCE_SECTION_EITHER,False,False,True
12,0,pi_12^12,missing_proof_section,NO_REFERENCE_SECTION_EITHER,False,False,True
13,0,pi_13^13,missing_proof_section,NO_REFERENCE_SECTION_EITHER,False,False,True
14,0,pi_14^14,missing_proof_section,NO_REFERENCE_SECTION_EITHER,False,False,True
15,0,pi_15^15,missing_proof_section,NO_REFERENCE_SECTION_EITHER,False,False,True
