n,k,group,reference_number,reference,boundary_status,boundary_locator,component_key,ineligible_against,selected_rule,selected_statement_type,selected_statement
2,2,pi_4^2,1,(5.2),FIXED_STATEMENT,(5.2),eta2_composition_isomorphism,,Toda 5.2 eta_2 composition isomorphism,Toda52CompositionIsomorphismStatement,$\eta_{2}\circ -: \pi_{i}^{3} \to \pi_{i}^{2}$ は同型写像である.
2,2,pi_4^2,2,Proposition 4.4,FIXED_STATEMENT,Proposition 4.4,nu4_decomposition_isomorphism,,Toda Proposition 4.4 eta_2 n=2 specialization,TodaProp44IsomorphismStatement,"$(\beta, γ) \mapsto E\beta + \eta_{2}γ: \pi_{i - 1}^{1} \oplus \pi_{i}^{3} \to \pi_{i}^{2}$ は同型写像である."
2,3,pi_5^2,1,Proposition 5.3,FIXED_STATEMENT,Proposition 5.3,pi5_3_group_relation,,Toda Proposition 5.3 n=3 pi_5^3 finite-cyclic transport,Relation,$\pi_{5}^{3} = \mathbb{Z}/2\{\eta_{3}\eta_{4}\}$
2,3,pi_5^2,2,(5.2),FIXED_STATEMENT,(5.2),eta2_composition_isomorphism,,Toda 5.2 eta_2 composition isomorphism,Toda52CompositionIsomorphismStatement,$\eta_{2}\circ -: \pi_{i}^{3} \to \pi_{i}^{2}$ は同型写像である.
2,3,pi_5^2,3,Proposition 4.4,FIXED_STATEMENT,Proposition 4.4,nu4_decomposition_isomorphism,,Toda Proposition 4.4 eta_2 n=2 specialization,TodaProp44IsomorphismStatement,"$(\beta, γ) \mapsto E\beta + \eta_{2}γ: \pi_{i - 1}^{1} \oplus \pi_{i}^{3} \to \pi_{i}^{2}$ は同型写像である."
2,4,pi_6^2,1,Proposition 5.6,FIXED_STATEMENT,Proposition 5.6,pi5_2_group_relation,,Toda Proposition 5.6 pi_5^2 eta_2 cube,Relation,$\pi_{5}^{2} = \mathbb{Z}/2\{\eta_{2}\eta_{3}\eta_{4}\}$
2,4,pi_6^2,1,Proposition 5.6,FIXED_STATEMENT,Proposition 5.6,pi6_3_group_relation,,Toda Proposition 5.6 pi_6^3 finite cyclic,Relation,$\pi_{6}^{3} = \mathbb{Z}/4\{\nu'\}$
2,4,pi_6^2,1,Proposition 5.6,FIXED_STATEMENT,Proposition 5.6,pi7_4_group_relation,,Toda Proposition 5.6 pi_7^4 decomposition,Relation,$\pi_{7}^{4} = \mathbb{Z}\{\nu_{4}\} \oplus \mathbb{Z}/4\{E\nu'\}$
2,4,pi_6^2,1,Proposition 5.6,FIXED_STATEMENT,Proposition 5.6,pi8_5_group_relation,,Toda Proposition 5.6 pi_8^5 finite cyclic,Relation,$\pi_{8}^{5} = \mathbb{Z}/8\{\nu_{5}\}$
2,4,pi_6^2,2,(5.2),FIXED_STATEMENT,(5.2),eta2_composition_isomorphism,,Toda 5.2 eta_2 composition isomorphism,Toda52CompositionIsomorphismStatement,$\eta_{2}\circ -: \pi_{i}^{3} \to \pi_{i}^{2}$ は同型写像である.
2,4,pi_6^2,3,Proposition 4.4,FIXED_STATEMENT,Proposition 4.4,nu4_decomposition_isomorphism,,Toda Proposition 4.4 eta_2 n=2 specialization,TodaProp44IsomorphismStatement,"$(\beta, γ) \mapsto E\beta + \eta_{2}γ: \pi_{i - 1}^{1} \oplus \pi_{i}^{3} \to \pi_{i}^{2}$ は同型写像である."
2,5,pi_7^2,1,Proposition 5.8,FIXED_STATEMENT,Proposition 5.8,pi7_3_group_relation,,Toda Proposition 5.8 pi_7^3 finite cyclic,Relation,$\pi_{7}^{3} = \mathbb{Z}/2\{\nu'\eta_{6}\}$
2,5,pi_7^2,2,(5.2),FIXED_STATEMENT,(5.2),eta2_composition_isomorphism,,Toda 5.2 eta_2 composition isomorphism,Toda52CompositionIsomorphismStatement,$\eta_{2}\circ -: \pi_{i}^{3} \to \pi_{i}^{2}$ は同型写像である.
2,5,pi_7^2,3,Equation 5.7,FIXED_STATEMENT,Equation 5.7,nu_prime_eta6_hopf_relation,,Toda Equation 5.7 nu-prime eta_6 Hopf value,Relation,$H\left(\nu'\eta_{6}\right) = \eta_{5}^{2}$
2,5,pi_7^2,4,Proposition 4.4,FIXED_STATEMENT,Proposition 4.4,nu4_decomposition_isomorphism,,Toda Proposition 4.4 eta_2 n=2 specialization,TodaProp44IsomorphismStatement,"$(\beta, γ) \mapsto E\beta + \eta_{2}γ: \pi_{i - 1}^{1} \oplus \pi_{i}^{3} \to \pi_{i}^{2}$ は同型写像である."
2,6,pi_8^2,1,Proposition 5.9,FIXED_STATEMENT,Proposition 5.9,finite_dimensional_aggregate,,Toda Proposition 5.9 finite-dimensional integration,TodaProp59FiniteDimensionalStatement,"$\pi_{7}^{2} = \mathbb{Z}/2\{\eta_{2}\nu'\eta_{6}\}$, $\pi_{8}^{3} = \mathbb{Z}/2\{\nu'\eta_{6}\eta_{7}\}$, $\pi_{9}^{4} = \mathbb{Z}/2\{\nu_{4}\eta_{7}\eta_{8}\} \oplus \mathbb{Z}/2\{E\nu'\eta_{7}\eta_{8}\}$, $\pi_{10}^{5} = \mathbb{Z}/2\{\nu_{5}\eta_{8}\eta_{9}\}$, $\pi_{11}^{6} = \mathbb{Z}\{\Delta\left(\iota_{13}\right)\}$, $\pi_{n + 5}^{n} = 0$, $n \ge 7$ が成り立つ."
2,6,pi_8^2,2,(5.2),FIXED_STATEMENT,(5.2),eta2_composition_isomorphism,,Toda 5.2 eta_2 composition isomorphism,Toda52CompositionIsomorphismStatement,$\eta_{2}\circ -: \pi_{i}^{3} \to \pi_{i}^{2}$ は同型写像である.
2,6,pi_8^2,3,Proposition 4.4,FIXED_STATEMENT,Proposition 4.4,nu4_decomposition_isomorphism,,Toda Proposition 4.4 eta_2 n=2 specialization,TodaProp44IsomorphismStatement,"$(\beta, γ) \mapsto E\beta + \eta_{2}γ: \pi_{i - 1}^{1} \oplus \pi_{i}^{3} \to \pi_{i}^{2}$ は同型写像である."
2,7,pi_9^2,1,Proposition 5.11,FIXED_STATEMENT,Proposition 5.11,pi8_2_group_relation,,Toda Proposition 5.11 pi_8^2 from Proposition 5.9 and Toda (5.2),Relation,$\pi_{8}^{2} = \mathbb{Z}/2\{\eta_{2}\nu'\eta_{6}\eta_{7}\}$
2,7,pi_9^2,1,Proposition 5.11,FIXED_STATEMENT,Proposition 5.11,pi9_3_zero,,Toda Proposition 5.11 pi_9^3 zero,TodaPrimaryGroupZeroStatement,$\pi_{9}^{3} = 0$
2,7,pi_9^2,1,Proposition 5.11,FIXED_STATEMENT,Proposition 5.11,pi10_4_group_relation,,Toda Proposition 5.11 pi_10^4 generated by nu_4 squared,Relation,$\pi_{10}^{4} = \mathbb{Z}/8\{\nu_{4}\nu_{7}\}$
2,7,pi_9^2,1,Proposition 5.11,FIXED_STATEMENT,Proposition 5.11,higher_nu_squared_group_relation,,Toda Proposition 5.11 nu-squared finite-dimensional integration,TodaProp511NuSquaredFiniteDimensionalStatement,"$\pi_{11}^{5} = \mathbb{Z}/2\{\nu_{5}\nu_{8}\}$, $\pi_{12}^{6} = \mathbb{Z}/2\{\nu_{6}\nu_{9}\}$, $\pi_{13}^{7} = \mathbb{Z}/2\{\nu_{7}\nu_{10}\}$, $\pi_{14}^{8} = \mathbb{Z}/2\{\nu_{8}\nu_{11}\}$, $\pi_{n + 6}^{n} = \mathbb{Z}/2\{\nu_{n}\nu_{n + 3}\}$, $n \ge 9$ が成り立つ."
2,7,pi_9^2,2,(5.2),FIXED_STATEMENT,(5.2),eta2_composition_isomorphism,,Toda 5.2 eta_2 composition isomorphism,Toda52CompositionIsomorphismStatement,$\eta_{2}\circ -: \pi_{i}^{3} \to \pi_{i}^{2}$ は同型写像である.
2,7,pi_9^2,3,Proposition 4.4,FIXED_STATEMENT,Proposition 4.4,nu4_decomposition_isomorphism,,Toda Proposition 4.4 eta_2 n=2 specialization,TodaProp44IsomorphismStatement,"$(\beta, γ) \mapsto E\beta + \eta_{2}γ: \pi_{i - 1}^{1} \oplus \pi_{i}^{3} \to \pi_{i}^{2}$ は同型写像である."
3,2,pi_5^3,1,(5.2),FIXED_STATEMENT,(5.2),eta2_composition_isomorphism,,Toda 5.2 eta_2 composition isomorphism,Toda52CompositionIsomorphismStatement,$\eta_{2}\circ -: \pi_{i}^{3} \to \pi_{i}^{2}$ は同型写像である.
3,3,pi_6^3,1,Proposition 5.6,FIXED_STATEMENT,Proposition 5.6,pi5_2_group_relation,,Toda Proposition 5.6 pi_5^2 eta_2 cube,Relation,$\pi_{5}^{2} = \mathbb{Z}/2\{\eta_{2}\eta_{3}\eta_{4}\}$
3,3,pi_6^3,2,(5.3),FIXED_STATEMENT,(5.3),nu_prime_membership,,Toda 5.3 nu-prime Lemma 5.2 membership specialization,HomotopyGroupMembershipStatement,$\nu' \in \pi_{6}^{3}$
3,3,pi_6^3,2,(5.3),FIXED_STATEMENT,(5.3),nu_prime_double_relation,,Toda 5.3 nu-prime Lemma 5.2 double specialization,Relation,$2\nu' = \eta_{3}\eta_{4}\eta_{5}$
3,3,pi_6^3,3,Proposition 5.3,FIXED_STATEMENT,Proposition 5.3,pi5_3_group_relation,,Toda Proposition 5.3 n=3 pi_5^3 finite-cyclic transport,Relation,$\pi_{5}^{3} = \mathbb{Z}/2\{\eta_{3}\eta_{4}\}$
3,3,pi_6^3,4,(5.2),FIXED_STATEMENT,(5.2),eta2_composition_isomorphism,,Toda 5.2 eta_2 composition isomorphism,Toda52CompositionIsomorphismStatement,$\eta_{2}\circ -: \pi_{i}^{3} \to \pi_{i}^{2}$ は同型写像である.
3,4,pi_7^3,1,Equation 5.7,FIXED_STATEMENT,Equation 5.7,nu_prime_eta6_hopf_relation,,Toda Equation 5.7 nu-prime eta_6 Hopf value,Relation,$H\left(\nu'\eta_{6}\right) = \eta_{5}^{2}$
3,4,pi_7^3,2,Proposition 5.3,FIXED_STATEMENT,Proposition 5.3,pi5_3_group_relation,,Toda Proposition 5.3 n=3 pi_5^3 finite-cyclic transport,Relation,$\pi_{5}^{3} = \mathbb{Z}/2\{\eta_{3}\eta_{4}\}$
3,4,pi_7^3,2,Proposition 5.3,FIXED_STATEMENT,Proposition 5.3,pi6_4_group_relation,,Toda Proposition 5.3 n=4 pi_6^4 finite-cyclic transport,Relation,$\pi_{6}^{4} = \mathbb{Z}/2\{\eta_{4}\eta_{5}\}$
3,5,pi_8^3,1,Lemma 5.7,FIXED_STATEMENT,Lemma 5.7,delta_nu5_relation,,Toda Lemma 5.7 Delta nu_5 generator,TodaDeltaImageUpToSignStatement,$\Delta\left(\nu_{5}\right) = \pm \eta_{2}\nu'$
3,5,pi_8^3,2,Proposition 5.6,FIXED_STATEMENT,Proposition 5.6,pi8_5_group_relation,,Toda Proposition 5.6 pi_8^5 finite cyclic,Relation,$\pi_{8}^{5} = \mathbb{Z}/8\{\nu_{5}\}$
3,5,pi_8^3,3,Equation 5.7,FIXED_STATEMENT,Equation 5.7,nu_prime_eta6_hopf_relation,,Toda Equation 5.7 nu-prime eta_6 Hopf value,Relation,$H\left(\nu'\eta_{6}\right) = \eta_{5}^{2}$
3,5,pi_8^3,4,(5.5),FIXED_STATEMENT,(5.5),nu_family_relations,,Toda 5.5 nu-family finite-dimensional integration,Toda55NuFamilyFiniteDimensionalStatement,"$\nu_{n} = E^{n - 4}\nu_{4}$, $n \ge 5$, $2\nu_{n} = E^{n - 3}\nu'$, $4\nu_{n} = \eta_{n}\eta_{n + 1}\eta_{n + 2}$ が成り立つ."
3,6,pi_9^3,1,Proposition 5.8,FIXED_STATEMENT,Proposition 5.8,finite_dimensional_aggregate,,Toda Proposition 5.8 finite-dimensional integration,TodaProp58FiniteDimensionalStatement,"$\pi_{6}^{2} = \mathbb{Z}/4\{\eta_{2}\nu'\}$, $\pi_{7}^{3} = \mathbb{Z}/2\{\nu'\eta_{6}\}$, $\pi_{8}^{4} = \mathbb{Z}/2\{\nu_{4}\eta_{7}\} \oplus \mathbb{Z}/2\{E\nu'\eta_{7}\}$, $\pi_{9}^{5} = \mathbb{Z}/2\{\nu_{5}\eta_{8}\}$, $\pi_{n + 4}^{n} = 0$, $n \ge 6$ が成り立つ."
3,6,pi_9^3,2,Proposition 5.9,FIXED_STATEMENT,Proposition 5.9,finite_dimensional_aggregate,,Toda Proposition 5.9 finite-dimensional integration,TodaProp59FiniteDimensionalStatement,"$\pi_{7}^{2} = \mathbb{Z}/2\{\eta_{2}\nu'\eta_{6}\}$, $\pi_{8}^{3} = \mathbb{Z}/2\{\nu'\eta_{6}\eta_{7}\}$, $\pi_{9}^{4} = \mathbb{Z}/2\{\nu_{4}\eta_{7}\eta_{8}\} \oplus \mathbb{Z}/2\{E\nu'\eta_{7}\eta_{8}\}$, $\pi_{10}^{5} = \mathbb{Z}/2\{\nu_{5}\eta_{8}\eta_{9}\}$, $\pi_{11}^{6} = \mathbb{Z}\{\Delta\left(\iota_{13}\right)\}$, $\pi_{n + 5}^{n} = 0$, $n \ge 7$ が成り立つ."
3,7,pi_10^3,1,Proposition 5.15,FIXED_STATEMENT,Proposition 5.15,pi9_2_zero,,Toda Proposition 5.15 pi_9^2 zero from Toda (5.2),TodaPrimaryGroupZeroStatement,$\pi_{9}^{2} = 0$
3,7,pi_10^3,2,Proposition 5.9,FIXED_STATEMENT,Proposition 5.9,finite_dimensional_aggregate,,Toda Proposition 5.9 finite-dimensional integration,TodaProp59FiniteDimensionalStatement,"$\pi_{7}^{2} = \mathbb{Z}/2\{\eta_{2}\nu'\eta_{6}\}$, $\pi_{8}^{3} = \mathbb{Z}/2\{\nu'\eta_{6}\eta_{7}\}$, $\pi_{9}^{4} = \mathbb{Z}/2\{\nu_{4}\eta_{7}\eta_{8}\} \oplus \mathbb{Z}/2\{E\nu'\eta_{7}\eta_{8}\}$, $\pi_{10}^{5} = \mathbb{Z}/2\{\nu_{5}\eta_{8}\eta_{9}\}$, $\pi_{11}^{6} = \mathbb{Z}\{\Delta\left(\iota_{13}\right)\}$, $\pi_{n + 5}^{n} = 0$, $n \ge 7$ が成り立つ."
4,2,pi_6^4,1,Proposition 5.3,FIXED_STATEMENT,Proposition 5.3,pi5_3_group_relation,,Toda Proposition 5.3 n=3 pi_5^3 finite-cyclic transport,Relation,$\pi_{5}^{3} = \mathbb{Z}/2\{\eta_{3}\eta_{4}\}$
4,3,pi_7^4,1,Proposition 5.6,FIXED_STATEMENT,Proposition 5.6,pi6_3_group_relation,,Toda Proposition 5.6 pi_6^3 finite cyclic,Relation,$\pi_{6}^{3} = \mathbb{Z}/4\{\nu'\}$
4,3,pi_7^4,2,Lemma 5.4,FIXED_STATEMENT,Lemma 5.4,nu4_statement,,Toda Lemma 5.4 integration,TodaLemma54Statement,"$\nu_{4} \in \pi_{7}^{4}$, $H\left(\nu_{4}\right) = \iota_{7}$, $2E\nu_{4} = E^{2}\nu'$ が成り立つ."
4,3,pi_7^4,3,(5.3),FIXED_STATEMENT,(5.3),nu_prime_membership,,Toda 5.3 nu-prime Lemma 5.2 membership specialization,HomotopyGroupMembershipStatement,$\nu' \in \pi_{6}^{3}$
4,4,pi_8^4,1,Proposition 5.8,FIXED_STATEMENT,Proposition 5.8,pi7_3_group_relation,,Toda Proposition 5.8 pi_7^3 finite cyclic,Relation,$\pi_{7}^{3} = \mathbb{Z}/2\{\nu'\eta_{6}\}$
4,4,pi_8^4,2,Lemma 5.4,FIXED_STATEMENT,Lemma 5.4,nu4_statement,,Toda Lemma 5.4 integration,TodaLemma54Statement,"$\nu_{4} \in \pi_{7}^{4}$, $H\left(\nu_{4}\right) = \iota_{7}$, $2E\nu_{4} = E^{2}\nu'$ が成り立つ."
4,4,pi_8^4,3,Equation 5.7,FIXED_STATEMENT,Equation 5.7,nu_prime_eta6_hopf_relation,,Toda Equation 5.7 nu-prime eta_6 Hopf value,Relation,$H\left(\nu'\eta_{6}\right) = \eta_{5}^{2}$
4,5,pi_9^4,1,Proposition 5.9,FIXED_STATEMENT,Proposition 5.9,pi8_3_group_relation,,Toda Proposition 5.9 pi_8^3 finite cyclic,Relation,$\pi_{8}^{3} = \mathbb{Z}/2\{\nu'\eta_{6}\eta_{7}\}$
4,5,pi_9^4,2,Proposition 5.3,FIXED_STATEMENT,Proposition 5.3,pi5_3_group_relation,,Toda Proposition 5.3 n=3 pi_5^3 finite-cyclic transport,Relation,$\pi_{5}^{3} = \mathbb{Z}/2\{\eta_{3}\eta_{4}\}$
4,5,pi_9^4,2,Proposition 5.3,FIXED_STATEMENT,Proposition 5.3,pi6_4_group_relation,,Toda Proposition 5.3 n=4 pi_6^4 finite-cyclic transport,Relation,$\pi_{6}^{4} = \mathbb{Z}/2\{\eta_{4}\eta_{5}\}$
4,5,pi_9^4,3,Lemma 5.4,FIXED_STATEMENT,Lemma 5.4,nu4_statement,,Toda Lemma 5.4 integration,TodaLemma54Statement,"$\nu_{4} \in \pi_{7}^{4}$, $H\left(\nu_{4}\right) = \iota_{7}$, $2E\nu_{4} = E^{2}\nu'$ が成り立つ."
4,6,pi_10^4,1,Proposition 5.11,FIXED_STATEMENT,Proposition 5.11,pi9_3_zero,,Toda Proposition 5.11 pi_9^3 zero,TodaPrimaryGroupZeroStatement,$\pi_{9}^{3} = 0$
4,6,pi_10^4,2,Lemma 5.4,FIXED_STATEMENT,Lemma 5.4,nu4_statement,,Toda Lemma 5.4 integration,TodaLemma54Statement,"$\nu_{4} \in \pi_{7}^{4}$, $H\left(\nu_{4}\right) = \iota_{7}$, $2E\nu_{4} = E^{2}\nu'$ が成り立つ."
4,7,pi_11^4,1,Proposition 5.15,FIXED_STATEMENT,Proposition 5.15,pi10_3_zero,,Toda Proposition 5.15 pi_10^3 zero,TodaPrimaryGroupZeroStatement,$\pi_{10}^{3} = 0$
4,7,pi_11^4,2,Proposition 5.8,FIXED_STATEMENT,Proposition 5.8,finite_dimensional_aggregate,,Toda Proposition 5.8 finite-dimensional integration,TodaProp58FiniteDimensionalStatement,"$\pi_{6}^{2} = \mathbb{Z}/4\{\eta_{2}\nu'\}$, $\pi_{7}^{3} = \mathbb{Z}/2\{\nu'\eta_{6}\}$, $\pi_{8}^{4} = \mathbb{Z}/2\{\nu_{4}\eta_{7}\} \oplus \mathbb{Z}/2\{E\nu'\eta_{7}\}$, $\pi_{9}^{5} = \mathbb{Z}/2\{\nu_{5}\eta_{8}\}$, $\pi_{n + 4}^{n} = 0$, $n \ge 6$ が成り立つ."
4,7,pi_11^4,3,Proposition 4.4,FIXED_STATEMENT,Proposition 4.4,nu4_decomposition_isomorphism,,Toda Proposition 4.4 nu_4 n=4 decomposition specialization,TodaProp44IsomorphismStatement,"$(α, \beta) \mapsto Eα + \nu_{4}\beta: \pi_{i - 1}^{3} \oplus \pi_{i}^{7} \to \pi_{i}^{4}$ は同型写像である."
5,3,pi_8^5,1,Proposition 5.6,FIXED_STATEMENT,Proposition 5.6,pi6_3_group_relation,,Toda Proposition 5.6 pi_6^3 finite cyclic,Relation,$\pi_{6}^{3} = \mathbb{Z}/4\{\nu'\}$
5,3,pi_8^5,2,(5.3),FIXED_STATEMENT,(5.3),nu_prime_membership,,Toda 5.3 nu-prime Lemma 5.2 membership specialization,HomotopyGroupMembershipStatement,$\nu' \in \pi_{6}^{3}$
5,4,pi_9^5,1,Proposition 5.8,FIXED_STATEMENT,Proposition 5.8,pi8_4_group_relation,,Toda Proposition 5.8 pi_8^4 decomposition,Relation,$\pi_{8}^{4} = \mathbb{Z}/2\{\nu_{4}\eta_{7}\} \oplus \mathbb{Z}/2\{E\nu'\eta_{7}\}$
5,4,pi_9^5,1,Proposition 5.8,FIXED_STATEMENT,Proposition 5.8,pi7_3_group_relation,,Toda Proposition 5.8 pi_7^3 finite cyclic,Relation,$\pi_{7}^{3} = \mathbb{Z}/2\{\nu'\eta_{6}\}$
5,4,pi_9^5,2,Proposition 2.5,FIXED_STATEMENT,Proposition 2.5,delta_composition_formula,,Toda Proposition 2.5 Delta eta_9 composition,TodaDeltaImageUpToSignStatement,$\Delta\left(\eta_{9}\right) = \pm 2\nu_{4} - E\nu'\eta_{7}$
5,5,pi_10^5,1,Proposition 5.9,FIXED_STATEMENT,Proposition 5.9,pi9_4_group_relation,,Toda Proposition 5.9 pi_9^4 decomposition,Relation,$\pi_{9}^{4} = \mathbb{Z}/2\{\nu_{4}\eta_{7}\eta_{8}\} \oplus \mathbb{Z}/2\{E\nu'\eta_{7}\eta_{8}\}$
5,5,pi_10^5,1,Proposition 5.9,FIXED_STATEMENT,Proposition 5.9,pi8_3_group_relation,,Toda Proposition 5.9 pi_8^3 finite cyclic,Relation,$\pi_{8}^{3} = \mathbb{Z}/2\{\nu'\eta_{6}\eta_{7}\}$
5,5,pi_10^5,2,Proposition 5.3,FIXED_STATEMENT,Proposition 5.3,pi5_3_group_relation,,Toda Proposition 5.3 n=3 pi_5^3 finite-cyclic transport,Relation,$\pi_{5}^{3} = \mathbb{Z}/2\{\eta_{3}\eta_{4}\}$
5,5,pi_10^5,2,Proposition 5.3,FIXED_STATEMENT,Proposition 5.3,pi6_4_group_relation,,Toda Proposition 5.3 n=4 pi_6^4 finite-cyclic transport,Relation,$\pi_{6}^{4} = \mathbb{Z}/2\{\eta_{4}\eta_{5}\}$
5,6,pi_11^5,1,Proposition 5.11,FIXED_STATEMENT,Proposition 5.11,pi10_4_group_relation,,Toda Proposition 5.11 pi_10^4 generated by nu_4 squared,Relation,$\pi_{10}^{4} = \mathbb{Z}/8\{\nu_{4}\nu_{7}\}$
5,6,pi_11^5,1,Proposition 5.11,FIXED_STATEMENT,Proposition 5.11,pi9_3_zero,,Toda Proposition 5.11 pi_9^3 zero,TodaPrimaryGroupZeroStatement,$\pi_{9}^{3} = 0$
5,6,pi_11^5,2,Equation 5.13,FIXED_STATEMENT,Equation 5.13,delta_nu9_relation,,Toda Equation 5.13 Delta nu_9,TodaDeltaImageUpToSignStatement,$\Delta\left(\nu_{9}\right) = \pm 2\nu_{4}\nu_{7}$
5,6,pi_11^5,3,Equation 5.8,FIXED_STATEMENT,Equation 5.8,delta_iota9_relation,,Toda Equation 5.8 integration,Toda58EquationStatement,"$\Delta\left(\iota_{9}\right) = \pm \left(2\nu_{4} - E\nu'\right) = \pm [\iota_{4}, \iota_{4}]$"
5,7,pi_12^5,1,Lemma 5.13,FIXED_STATEMENT,Lemma 5.13,sigma_triple_prime_statement,,Toda Lemma 5.13 sigma triple-prime definition,TodaLemma513Statement,"$\sigma''' \in \{\nu_{5}, 8\iota_{8}, \nu_{8}\}_{3}$, $H(\sigma''') = 4\nu_{9}$ が成り立つ."
5,7,pi_12^5,2,Equation 5.13,FIXED_STATEMENT,Equation 5.13,delta_nu9_relation,,Toda Equation 5.13 Delta nu_9,TodaDeltaImageUpToSignStatement,$\Delta\left(\nu_{9}\right) = \pm 2\nu_{4}\nu_{7}$
5,7,pi_12^5,3,(5.5),FIXED_STATEMENT,(5.5),nu_family_relations,,Toda 5.5 nu-family finite-dimensional integration,Toda55NuFamilyFiniteDimensionalStatement,"$\nu_{n} = E^{n - 4}\nu_{4}$, $n \ge 5$, $2\nu_{n} = E^{n - 3}\nu'$, $4\nu_{n} = \eta_{n}\eta_{n + 1}\eta_{n + 2}$ が成り立つ."
6,4,pi_10^6,1,Proposition 5.8,FIXED_STATEMENT,Proposition 5.8,pi8_4_group_relation,,Toda Proposition 5.8 pi_8^4 decomposition,Relation,$\pi_{8}^{4} = \mathbb{Z}/2\{\nu_{4}\eta_{7}\} \oplus \mathbb{Z}/2\{E\nu'\eta_{7}\}$
6,5,pi_11^6,1,Proposition 5.9,FIXED_STATEMENT,Proposition 5.9,pi11_6_group_relation,,Toda Proposition 5.9 pi_11^6 Hopf injective,TodaHopfInvariantInjectiveStatement,$H: \pi_{11}^{6} \to \pi_{11}^{11}$ は単射である.
6,5,pi_11^6,2,Proposition 5.8,FIXED_STATEMENT,Proposition 5.8,pi9_5_group_relation,,Toda Proposition 5.8 pi_9^5 finite cyclic,Relation,$\pi_{9}^{5} = \mathbb{Z}/2\{\nu_{5}\eta_{8}\}$
6,6,pi_12^6,1,Proposition 5.11,FIXED_STATEMENT,Proposition 5.11,pi10_4_group_relation,,Toda Proposition 5.11 pi_10^4 generated by nu_4 squared,Relation,$\pi_{10}^{4} = \mathbb{Z}/8\{\nu_{4}\nu_{7}\}$
6,6,pi_12^6,2,Equation 5.13,FIXED_STATEMENT,Equation 5.13,delta_nu9_relation,,Toda Equation 5.13 Delta nu_9,TodaDeltaImageUpToSignStatement,$\Delta\left(\nu_{9}\right) = \pm 2\nu_{4}\nu_{7}$
6,7,pi_13^6,1,Proposition 5.15,FIXED_STATEMENT,Proposition 5.15,pi12_5_group_relation,,Toda Proposition 5.15 pi_12^5 finite cyclic,Relation,$\pi_{12}^{5} = \mathbb{Z}/2\{\sigma'''\}$
6,7,pi_13^6,2,Lemma 5.14,FIXED_STATEMENT,Lemma 5.14,sigma_double_prime_statement,,Toda Lemma 5.14 sigma double-prime branch,TodaLemma514SigmaDoublePrimeStatement,"$E^{3}\sigma'' = 4\,xEα*, \qquad 2\sigma'' = E\sigma''', \qquad H\left(\sigma''\right) = \eta_{11}\eta_{12}$"
6,7,pi_13^6,3,Equation 5.13,FIXED_STATEMENT,Equation 5.13,delta_eta11_squared_zero,,Toda Equation 5.13 Delta eta_11 squared zero,Relation,$\Delta\left(\eta_{11}\eta_{12}\right) = 0$
6,7,pi_13^6,4,Lemma 5.13,FIXED_STATEMENT,Lemma 5.13,sigma_triple_prime_statement,,Toda Lemma 5.13 sigma triple-prime definition,TodaLemma513Statement,"$\sigma''' \in \{\nu_{5}, 8\iota_{8}, \nu_{8}\}_{3}$, $H(\sigma''') = 4\nu_{9}$ が成り立つ."
7,3,pi_10^7,1,Proposition 5.6,FIXED_STATEMENT,Proposition 5.6,pi5_2_group_relation,,Toda Proposition 5.6 pi_5^2 eta_2 cube,Relation,$\pi_{5}^{2} = \mathbb{Z}/2\{\eta_{2}\eta_{3}\eta_{4}\}$
7,3,pi_10^7,1,Proposition 5.6,FIXED_STATEMENT,Proposition 5.6,pi6_3_group_relation,,Toda Proposition 5.6 pi_6^3 finite cyclic,Relation,$\pi_{6}^{3} = \mathbb{Z}/4\{\nu'\}$
7,3,pi_10^7,1,Proposition 5.6,FIXED_STATEMENT,Proposition 5.6,pi7_4_group_relation,,Toda Proposition 5.6 pi_7^4 decomposition,Relation,$\pi_{7}^{4} = \mathbb{Z}\{\nu_{4}\} \oplus \mathbb{Z}/4\{E\nu'\}$
7,3,pi_10^7,1,Proposition 5.6,FIXED_STATEMENT,Proposition 5.6,pi8_5_group_relation,,Toda Proposition 5.6 pi_8^5 finite cyclic,Relation,$\pi_{8}^{5} = \mathbb{Z}/8\{\nu_{5}\}$
7,4,pi_11^7,1,Proposition 5.8,FIXED_STATEMENT,Proposition 5.8,higher_four_stem_zero,,Toda Proposition 5.8 higher four-stem zero transport,TodaPrimaryGroupZeroStatement,$\pi_{n + 4}^{n} = 0$
7,4,pi_11^7,2,(4.5),FIXED_STATEMENT,(4.5),stable_range_suspension_isomorphism,,Toda 4.5 stable-range iterated suspension isomorphism,Toda45IsomorphismStatement,$E^{n - 6}: \pi_{6 + 4}^{6} \to \pi_{n + 4}^{n}$ は同型写像である.
7,5,pi_12^7,1,Proposition 5.9,FIXED_STATEMENT,Proposition 5.9,pi11_6_group_relation,,Toda Proposition 5.9 pi_13^13 Delta surjective,TodaDeltaSurjectiveStatement,$\Delta: \pi_{13}^{13} \to \pi_{11}^{6}$ は全射である.
7,7,pi_14^7,1,Proposition 5.15,FIXED_STATEMENT,Proposition 5.15,pi13_6_group_relation,,Toda Proposition 5.15 pi_13^6 finite cyclic,Relation,$\pi_{13}^{6} = \mathbb{Z}/4\{\sigma''\}$
7,7,pi_14^7,1,Proposition 5.15,FIXED_STATEMENT,Proposition 5.15,pi12_5_group_relation,,Toda Proposition 5.15 pi_12^5 finite cyclic,Relation,$\pi_{12}^{5} = \mathbb{Z}/2\{\sigma'''\}$
7,7,pi_14^7,2,Lemma 5.14,FIXED_STATEMENT,Lemma 5.14,sigma_prime_statement,,Toda Lemma 5.14 sigma-prime branch,TodaLemma514SigmaPrimeStatement,"$2\sigma' = E\sigma''$, $H\left(\sigma'\right) = \eta_{13}$ が成り立つ."
7,7,pi_14^7,2,Lemma 5.14,FIXED_STATEMENT,Lemma 5.14,sigma_double_prime_statement,,Toda Lemma 5.14 sigma double-prime branch,TodaLemma514SigmaDoublePrimeStatement,"$E^{3}\sigma'' = 4\,xEα*, \qquad 2\sigma'' = E\sigma''', \qquad H\left(\sigma''\right) = \eta_{11}\eta_{12}$"
7,7,pi_14^7,3,Equation 5.13,FIXED_STATEMENT,Equation 5.13,delta_eta13_zero,,Toda Equation 5.13 Delta eta_13 zero,Relation,$\Delta\left(\eta_{13}\right) = 0$
8,4,pi_12^8,1,Proposition 5.8,FIXED_STATEMENT,Proposition 5.8,higher_four_stem_zero,,Toda Proposition 5.8 higher four-stem zero transport,TodaPrimaryGroupZeroStatement,$\pi_{n + 4}^{n} = 0$
8,4,pi_12^8,2,(4.5),FIXED_STATEMENT,(4.5),stable_range_suspension_isomorphism,,Toda 4.5 stable-range iterated suspension isomorphism,Toda45IsomorphismStatement,$E^{n - 6}: \pi_{6 + 4}^{6} \to \pi_{n + 4}^{n}$ は同型写像である.
8,5,pi_13^8,1,Proposition 5.9,FIXED_STATEMENT,Proposition 5.9,higher_five_stem_zero,,Toda Proposition 5.9 higher five-stem zero transport,TodaPrimaryGroupZeroStatement,$\pi_{n + 5}^{n} = 0$
8,5,pi_13^8,2,(4.5),FIXED_STATEMENT,(4.5),stable_range_suspension_isomorphism,,Toda 4.5 stable-range iterated suspension isomorphism,Toda45IsomorphismStatement,$E^{n - 7}: \pi_{7 + 5}^{7} \to \pi_{n + 5}^{n}$ は同型写像である.
8,7,pi_15^8,1,Proposition 5.15,FIXED_STATEMENT,Proposition 5.15,pi14_7_group_relation,,Toda Proposition 5.15 pi_14^7 finite cyclic,Relation,$\pi_{14}^{7} = \mathbb{Z}/8\{\sigma'\}$
9,3,pi_12^9,1,Proposition 5.6,FIXED_STATEMENT,Proposition 5.6,pi5_2_group_relation,,Toda Proposition 5.6 pi_5^2 eta_2 cube,Relation,$\pi_{5}^{2} = \mathbb{Z}/2\{\eta_{2}\eta_{3}\eta_{4}\}$
9,3,pi_12^9,1,Proposition 5.6,FIXED_STATEMENT,Proposition 5.6,pi6_3_group_relation,,Toda Proposition 5.6 pi_6^3 finite cyclic,Relation,$\pi_{6}^{3} = \mathbb{Z}/4\{\nu'\}$
9,3,pi_12^9,1,Proposition 5.6,FIXED_STATEMENT,Proposition 5.6,pi7_4_group_relation,,Toda Proposition 5.6 pi_7^4 decomposition,Relation,$\pi_{7}^{4} = \mathbb{Z}\{\nu_{4}\} \oplus \mathbb{Z}/4\{E\nu'\}$
9,3,pi_12^9,1,Proposition 5.6,FIXED_STATEMENT,Proposition 5.6,pi8_5_group_relation,,Toda Proposition 5.6 pi_8^5 finite cyclic,Relation,$\pi_{8}^{5} = \mathbb{Z}/8\{\nu_{5}\}$
9,4,pi_13^9,1,Proposition 5.8,FIXED_STATEMENT,Proposition 5.8,higher_four_stem_zero,,Toda Proposition 5.8 higher four-stem zero transport,TodaPrimaryGroupZeroStatement,$\pi_{n + 4}^{n} = 0$
9,4,pi_13^9,2,(4.5),FIXED_STATEMENT,(4.5),stable_range_suspension_isomorphism,,Toda 4.5 stable-range iterated suspension isomorphism,Toda45IsomorphismStatement,$E^{n - 6}: \pi_{6 + 4}^{6} \to \pi_{n + 4}^{n}$ は同型写像である.
9,5,pi_14^9,1,Proposition 5.9,FIXED_STATEMENT,Proposition 5.9,higher_five_stem_zero,,Toda Proposition 5.9 higher five-stem zero transport,TodaPrimaryGroupZeroStatement,$\pi_{n + 5}^{n} = 0$
9,5,pi_14^9,2,(4.5),FIXED_STATEMENT,(4.5),stable_range_suspension_isomorphism,,Toda 4.5 stable-range iterated suspension isomorphism,Toda45IsomorphismStatement,$E^{n - 7}: \pi_{7 + 5}^{7} \to \pi_{n + 5}^{n}$ は同型写像である.
9,6,pi_15^9,1,Proposition 5.11,FIXED_STATEMENT,Proposition 5.11,higher_nu_squared_group_relation,,Toda Proposition 5.11 pi_14^8 nu_8 squared,Relation,$\pi_{14}^{8} = \mathbb{Z}/2\{\nu_{8}\nu_{11}\}$
9,6,pi_15^9,2,(4.5),FIXED_STATEMENT,(4.5),stable_range_suspension_isomorphism,,Toda 4.5 stable-range iterated suspension isomorphism,Toda45IsomorphismStatement,$E^{n - 8}: \pi_{8 + 6}^{8} \to \pi_{n + 6}^{n}$ は同型写像である.
9,7,pi_16^9,1,Proposition 5.15,FIXED_STATEMENT,Proposition 5.15,pi12_5_group_relation,,Toda Proposition 5.15 pi_12^5 finite cyclic,Relation,$\pi_{12}^{5} = \mathbb{Z}/2\{\sigma'''\}$
9,7,pi_16^9,1,Proposition 5.15,FIXED_STATEMENT,Proposition 5.15,pi14_7_group_relation,,Toda Proposition 5.15 pi_14^7 finite cyclic,Relation,$\pi_{14}^{7} = \mathbb{Z}/8\{\sigma'\}$
9,7,pi_16^9,2,Lemma 5.14,FIXED_STATEMENT,Lemma 5.14,sigma8_statement,,Toda Lemma 5.14 sigma_8 branch,TodaLemma514Sigma8Statement,"$\sigma_{8} = xα* + -1\,y\Delta\left(\iota_{17}\right)$, $H\left(\sigma_{8}\right) = \iota_{15}$, $E\sigma_{8} = xEα*$, $2E\sigma_{8} = E^{2}\sigma'$ が成り立つ."
9,7,pi_16^9,2,Lemma 5.14,FIXED_STATEMENT,Lemma 5.14,sigma_prime_statement,,Toda Lemma 5.14 sigma-prime branch,TodaLemma514SigmaPrimeStatement,"$2\sigma' = E\sigma''$, $H\left(\sigma'\right) = \eta_{13}$ が成り立つ."
9,7,pi_16^9,3,Lemma 5.13,FIXED_STATEMENT,Lemma 5.13,sigma_triple_prime_statement,,Toda Lemma 5.13 sigma triple-prime definition,TodaLemma513Statement,"$\sigma''' \in \{\nu_{5}, 8\iota_{8}, \nu_{8}\}_{3}$, $H(\sigma''') = 4\nu_{9}$ が成り立つ."
10,4,pi_14^10,1,Proposition 5.8,FIXED_STATEMENT,Proposition 5.8,higher_four_stem_zero,,Toda Proposition 5.8 higher four-stem zero transport,TodaPrimaryGroupZeroStatement,$\pi_{n + 4}^{n} = 0$
10,4,pi_14^10,2,(4.5),FIXED_STATEMENT,(4.5),stable_range_suspension_isomorphism,,Toda 4.5 stable-range iterated suspension isomorphism,Toda45IsomorphismStatement,$E^{n - 6}: \pi_{6 + 4}^{6} \to \pi_{n + 4}^{n}$ は同型写像である.
10,5,pi_15^10,1,Proposition 5.9,FIXED_STATEMENT,Proposition 5.9,higher_five_stem_zero,,Toda Proposition 5.9 higher five-stem zero transport,TodaPrimaryGroupZeroStatement,$\pi_{n + 5}^{n} = 0$
10,5,pi_15^10,2,(4.5),FIXED_STATEMENT,(4.5),stable_range_suspension_isomorphism,,Toda 4.5 stable-range iterated suspension isomorphism,Toda45IsomorphismStatement,$E^{n - 7}: \pi_{7 + 5}^{7} \to \pi_{n + 5}^{n}$ は同型写像である.
10,6,pi_16^10,1,Proposition 5.11,FIXED_STATEMENT,Proposition 5.11,higher_nu_squared_group_relation,,Toda Proposition 5.11 pi_14^8 nu_8 squared,Relation,$\pi_{14}^{8} = \mathbb{Z}/2\{\nu_{8}\nu_{11}\}$
10,6,pi_16^10,2,(4.5),FIXED_STATEMENT,(4.5),stable_range_suspension_isomorphism,,Toda 4.5 stable-range iterated suspension isomorphism,Toda45IsomorphismStatement,$E^{n - 8}: \pi_{8 + 6}^{8} \to \pi_{n + 6}^{n}$ は同型写像である.
10,7,pi_17^10,1,(4.5),FIXED_STATEMENT,(4.5),stable_range_suspension_isomorphism,,Toda 4.5 stable-range iterated suspension isomorphism,Toda45IsomorphismStatement,$E^{n - 9}: \pi_{9 + 7}^{9} \to \pi_{n + 7}^{n}$ は同型写像である.
11,2,pi_13^11,1,Proposition 5.3,FIXED_STATEMENT,Proposition 5.3,pi5_3_group_relation,,Toda Proposition 5.3 n=3 pi_5^3 finite-cyclic transport,Relation,$\pi_{5}^{3} = \mathbb{Z}/2\{\eta_{3}\eta_{4}\}$
11,2,pi_13^11,1,Proposition 5.3,FIXED_STATEMENT,Proposition 5.3,pi6_4_group_relation,,Toda Proposition 5.3 n=4 pi_6^4 finite-cyclic transport,Relation,$\pi_{6}^{4} = \mathbb{Z}/2\{\eta_{4}\eta_{5}\}$
11,4,pi_15^11,1,Proposition 5.8,FIXED_STATEMENT,Proposition 5.8,higher_four_stem_zero,,Toda Proposition 5.8 higher four-stem zero transport,TodaPrimaryGroupZeroStatement,$\pi_{n + 4}^{n} = 0$
11,4,pi_15^11,2,(4.5),FIXED_STATEMENT,(4.5),stable_range_suspension_isomorphism,,Toda 4.5 stable-range iterated suspension isomorphism,Toda45IsomorphismStatement,$E^{n - 6}: \pi_{6 + 4}^{6} \to \pi_{n + 4}^{n}$ は同型写像である.
11,5,pi_16^11,1,Proposition 5.9,FIXED_STATEMENT,Proposition 5.9,higher_five_stem_zero,,Toda Proposition 5.9 higher five-stem zero transport,TodaPrimaryGroupZeroStatement,$\pi_{n + 5}^{n} = 0$
11,5,pi_16^11,2,(4.5),FIXED_STATEMENT,(4.5),stable_range_suspension_isomorphism,,Toda 4.5 stable-range iterated suspension isomorphism,Toda45IsomorphismStatement,$E^{n - 7}: \pi_{7 + 5}^{7} \to \pi_{n + 5}^{n}$ は同型写像である.
11,6,pi_17^11,1,Proposition 5.11,FIXED_STATEMENT,Proposition 5.11,higher_nu_squared_group_relation,,Toda Proposition 5.11 pi_14^8 nu_8 squared,Relation,$\pi_{14}^{8} = \mathbb{Z}/2\{\nu_{8}\nu_{11}\}$
11,6,pi_17^11,2,(4.5),FIXED_STATEMENT,(4.5),stable_range_suspension_isomorphism,,Toda 4.5 stable-range iterated suspension isomorphism,Toda45IsomorphismStatement,$E^{n - 8}: \pi_{8 + 6}^{8} \to \pi_{n + 6}^{n}$ は同型写像である.
11,7,pi_18^11,1,(4.5),FIXED_STATEMENT,(4.5),stable_range_suspension_isomorphism,,Toda 4.5 stable-range iterated suspension isomorphism,Toda45IsomorphismStatement,$E^{n - 9}: \pi_{9 + 7}^{9} \to \pi_{n + 7}^{n}$ は同型写像である.
12,4,pi_16^12,1,Proposition 5.8,FIXED_STATEMENT,Proposition 5.8,higher_four_stem_zero,,Toda Proposition 5.8 higher four-stem zero transport,TodaPrimaryGroupZeroStatement,$\pi_{n + 4}^{n} = 0$
12,4,pi_16^12,2,(4.5),FIXED_STATEMENT,(4.5),stable_range_suspension_isomorphism,,Toda 4.5 stable-range iterated suspension isomorphism,Toda45IsomorphismStatement,$E^{n - 6}: \pi_{6 + 4}^{6} \to \pi_{n + 4}^{n}$ は同型写像である.
12,5,pi_17^12,1,Proposition 5.9,FIXED_STATEMENT,Proposition 5.9,higher_five_stem_zero,,Toda Proposition 5.9 higher five-stem zero transport,TodaPrimaryGroupZeroStatement,$\pi_{n + 5}^{n} = 0$
12,5,pi_17^12,2,(4.5),FIXED_STATEMENT,(4.5),stable_range_suspension_isomorphism,,Toda 4.5 stable-range iterated suspension isomorphism,Toda45IsomorphismStatement,$E^{n - 7}: \pi_{7 + 5}^{7} \to \pi_{n + 5}^{n}$ は同型写像である.
12,6,pi_18^12,1,Proposition 5.11,FIXED_STATEMENT,Proposition 5.11,higher_nu_squared_group_relation,,Toda Proposition 5.11 pi_14^8 nu_8 squared,Relation,$\pi_{14}^{8} = \mathbb{Z}/2\{\nu_{8}\nu_{11}\}$
12,6,pi_18^12,2,(4.5),FIXED_STATEMENT,(4.5),stable_range_suspension_isomorphism,,Toda 4.5 stable-range iterated suspension isomorphism,Toda45IsomorphismStatement,$E^{n - 8}: \pi_{8 + 6}^{8} \to \pi_{n + 6}^{n}$ は同型写像である.
12,7,pi_19^12,1,(4.5),FIXED_STATEMENT,(4.5),stable_range_suspension_isomorphism,,Toda 4.5 stable-range iterated suspension isomorphism,Toda45IsomorphismStatement,$E^{n - 9}: \pi_{9 + 7}^{9} \to \pi_{n + 7}^{n}$ は同型写像である.
13,4,pi_17^13,1,Proposition 5.8,FIXED_STATEMENT,Proposition 5.8,higher_four_stem_zero,,Toda Proposition 5.8 higher four-stem zero transport,TodaPrimaryGroupZeroStatement,$\pi_{n + 4}^{n} = 0$
13,4,pi_17^13,2,(4.5),FIXED_STATEMENT,(4.5),stable_range_suspension_isomorphism,,Toda 4.5 stable-range iterated suspension isomorphism,Toda45IsomorphismStatement,$E^{n - 6}: \pi_{6 + 4}^{6} \to \pi_{n + 4}^{n}$ は同型写像である.
13,5,pi_18^13,1,Proposition 5.9,FIXED_STATEMENT,Proposition 5.9,higher_five_stem_zero,,Toda Proposition 5.9 higher five-stem zero transport,TodaPrimaryGroupZeroStatement,$\pi_{n + 5}^{n} = 0$
13,5,pi_18^13,2,(4.5),FIXED_STATEMENT,(4.5),stable_range_suspension_isomorphism,,Toda 4.5 stable-range iterated suspension isomorphism,Toda45IsomorphismStatement,$E^{n - 7}: \pi_{7 + 5}^{7} \to \pi_{n + 5}^{n}$ は同型写像である.
13,6,pi_19^13,1,Proposition 5.11,FIXED_STATEMENT,Proposition 5.11,higher_nu_squared_group_relation,,Toda Proposition 5.11 pi_14^8 nu_8 squared,Relation,$\pi_{14}^{8} = \mathbb{Z}/2\{\nu_{8}\nu_{11}\}$
13,6,pi_19^13,2,(4.5),FIXED_STATEMENT,(4.5),stable_range_suspension_isomorphism,,Toda 4.5 stable-range iterated suspension isomorphism,Toda45IsomorphismStatement,$E^{n - 8}: \pi_{8 + 6}^{8} \to \pi_{n + 6}^{n}$ は同型写像である.
13,7,pi_20^13,1,(4.5),FIXED_STATEMENT,(4.5),stable_range_suspension_isomorphism,,Toda 4.5 stable-range iterated suspension isomorphism,Toda45IsomorphismStatement,$E^{n - 9}: \pi_{9 + 7}^{9} \to \pi_{n + 7}^{n}$ は同型写像である.
14,4,pi_18^14,1,Proposition 5.8,FIXED_STATEMENT,Proposition 5.8,higher_four_stem_zero,,Toda Proposition 5.8 higher four-stem zero transport,TodaPrimaryGroupZeroStatement,$\pi_{n + 4}^{n} = 0$
14,4,pi_18^14,2,(4.5),FIXED_STATEMENT,(4.5),stable_range_suspension_isomorphism,,Toda 4.5 stable-range iterated suspension isomorphism,Toda45IsomorphismStatement,$E^{n - 6}: \pi_{6 + 4}^{6} \to \pi_{n + 4}^{n}$ は同型写像である.
14,5,pi_19^14,1,Proposition 5.9,FIXED_STATEMENT,Proposition 5.9,higher_five_stem_zero,,Toda Proposition 5.9 higher five-stem zero transport,TodaPrimaryGroupZeroStatement,$\pi_{n + 5}^{n} = 0$
14,5,pi_19^14,2,(4.5),FIXED_STATEMENT,(4.5),stable_range_suspension_isomorphism,,Toda 4.5 stable-range iterated suspension isomorphism,Toda45IsomorphismStatement,$E^{n - 7}: \pi_{7 + 5}^{7} \to \pi_{n + 5}^{n}$ は同型写像である.
14,6,pi_20^14,1,Proposition 5.11,FIXED_STATEMENT,Proposition 5.11,higher_nu_squared_group_relation,,Toda Proposition 5.11 pi_14^8 nu_8 squared,Relation,$\pi_{14}^{8} = \mathbb{Z}/2\{\nu_{8}\nu_{11}\}$
14,6,pi_20^14,2,(4.5),FIXED_STATEMENT,(4.5),stable_range_suspension_isomorphism,,Toda 4.5 stable-range iterated suspension isomorphism,Toda45IsomorphismStatement,$E^{n - 8}: \pi_{8 + 6}^{8} \to \pi_{n + 6}^{n}$ は同型写像である.
14,7,pi_21^14,1,(4.5),FIXED_STATEMENT,(4.5),stable_range_suspension_isomorphism,,Toda 4.5 stable-range iterated suspension isomorphism,Toda45IsomorphismStatement,$E^{n - 9}: \pi_{9 + 7}^{9} \to \pi_{n + 7}^{n}$ は同型写像である.
15,4,pi_19^15,1,Proposition 5.8,FIXED_STATEMENT,Proposition 5.8,higher_four_stem_zero,,Toda Proposition 5.8 higher four-stem zero transport,TodaPrimaryGroupZeroStatement,$\pi_{n + 4}^{n} = 0$
15,4,pi_19^15,2,(4.5),FIXED_STATEMENT,(4.5),stable_range_suspension_isomorphism,,Toda 4.5 stable-range iterated suspension isomorphism,Toda45IsomorphismStatement,$E^{n - 6}: \pi_{6 + 4}^{6} \to \pi_{n + 4}^{n}$ は同型写像である.
15,5,pi_20^15,1,Proposition 5.9,FIXED_STATEMENT,Proposition 5.9,higher_five_stem_zero,,Toda Proposition 5.9 higher five-stem zero transport,TodaPrimaryGroupZeroStatement,$\pi_{n + 5}^{n} = 0$
15,5,pi_20^15,2,(4.5),FIXED_STATEMENT,(4.5),stable_range_suspension_isomorphism,,Toda 4.5 stable-range iterated suspension isomorphism,Toda45IsomorphismStatement,$E^{n - 7}: \pi_{7 + 5}^{7} \to \pi_{n + 5}^{n}$ は同型写像である.
15,6,pi_21^15,1,Proposition 5.11,FIXED_STATEMENT,Proposition 5.11,higher_nu_squared_group_relation,,Toda Proposition 5.11 pi_14^8 nu_8 squared,Relation,$\pi_{14}^{8} = \mathbb{Z}/2\{\nu_{8}\nu_{11}\}$
15,6,pi_21^15,2,(4.5),FIXED_STATEMENT,(4.5),stable_range_suspension_isomorphism,,Toda 4.5 stable-range iterated suspension isomorphism,Toda45IsomorphismStatement,$E^{n - 8}: \pi_{8 + 6}^{8} \to \pi_{n + 6}^{n}$ は同型写像である.
15,7,pi_22^15,1,(4.5),FIXED_STATEMENT,(4.5),stable_range_suspension_isomorphism,,Toda 4.5 stable-range iterated suspension isomorphism,Toda45IsomorphismStatement,$E^{n - 9}: \pi_{9 + 7}^{9} \to \pi_{n + 7}^{n}$ は同型写像である.
