requested_test_id,nodeid,phase,outcome,duration_seconds,longrepr
tests/test_phase100_minimal_generator_resolver.py::test_phase100_3_resolves_plain_family_aliases,tests/test_phase100_minimal_generator_resolver.py::test_phase100_3_resolves_plain_family_aliases[/u03b7-expected0],setup,passed,0.000968199921771884,
tests/test_phase100_minimal_generator_resolver.py::test_phase100_3_resolves_plain_family_aliases,tests/test_phase100_minimal_generator_resolver.py::test_phase100_3_resolves_plain_family_aliases[/u03b7-expected0],call,passed,0.00020399992354214191,
tests/test_phase100_minimal_generator_resolver.py::test_phase100_3_resolves_plain_family_aliases,tests/test_phase100_minimal_generator_resolver.py::test_phase100_3_resolves_plain_family_aliases[/u03b7-expected0],teardown,passed,0.00032180012203752995,
tests/test_phase100_minimal_generator_resolver.py::test_phase100_3_resolves_plain_family_aliases,tests/test_phase100_minimal_generator_resolver.py::test_phase100_3_resolves_plain_family_aliases[eta-expected1],setup,passed,0.0003551999107003212,
tests/test_phase100_minimal_generator_resolver.py::test_phase100_3_resolves_plain_family_aliases,tests/test_phase100_minimal_generator_resolver.py::test_phase100_3_resolves_plain_family_aliases[eta-expected1],call,passed,0.00017719995230436325,
tests/test_phase100_minimal_generator_resolver.py::test_phase100_3_resolves_plain_family_aliases,tests/test_phase100_minimal_generator_resolver.py::test_phase100_3_resolves_plain_family_aliases[eta-expected1],teardown,passed,0.00022829999215900898,
tests/test_phase100_minimal_generator_resolver.py::test_phase100_3_resolves_plain_family_aliases,tests/test_phase100_minimal_generator_resolver.py::test_phase100_3_resolves_plain_family_aliases[/u03bd-expected2],setup,passed,0.0003956998698413372,
tests/test_phase100_minimal_generator_resolver.py::test_phase100_3_resolves_plain_family_aliases,tests/test_phase100_minimal_generator_resolver.py::test_phase100_3_resolves_plain_family_aliases[/u03bd-expected2],call,passed,0.00026510003954172134,
tests/test_phase100_minimal_generator_resolver.py::test_phase100_3_resolves_plain_family_aliases,tests/test_phase100_minimal_generator_resolver.py::test_phase100_3_resolves_plain_family_aliases[/u03bd-expected2],teardown,passed,0.00029220012947916985,
tests/test_phase100_minimal_generator_resolver.py::test_phase100_3_resolves_plain_family_aliases,tests/test_phase100_minimal_generator_resolver.py::test_phase100_3_resolves_plain_family_aliases[nu-expected3],setup,passed,0.0003573000431060791,
tests/test_phase100_minimal_generator_resolver.py::test_phase100_3_resolves_plain_family_aliases,tests/test_phase100_minimal_generator_resolver.py::test_phase100_3_resolves_plain_family_aliases[nu-expected3],call,passed,0.00017509981989860535,
tests/test_phase100_minimal_generator_resolver.py::test_phase100_3_resolves_plain_family_aliases,tests/test_phase100_minimal_generator_resolver.py::test_phase100_3_resolves_plain_family_aliases[nu-expected3],teardown,passed,0.00019400008022785187,
tests/test_phase100_minimal_generator_resolver.py::test_phase100_3_resolves_plain_family_aliases,tests/test_phase100_minimal_generator_resolver.py::test_phase100_3_resolves_plain_family_aliases[/u03c3-expected4],setup,passed,0.00035630003549158573,
tests/test_phase100_minimal_generator_resolver.py::test_phase100_3_resolves_plain_family_aliases,tests/test_phase100_minimal_generator_resolver.py::test_phase100_3_resolves_plain_family_aliases[/u03c3-expected4],call,passed,0.00021849991753697395,
tests/test_phase100_minimal_generator_resolver.py::test_phase100_3_resolves_plain_family_aliases,tests/test_phase100_minimal_generator_resolver.py::test_phase100_3_resolves_plain_family_aliases[/u03c3-expected4],teardown,passed,0.00024780002422630787,
tests/test_phase100_minimal_generator_resolver.py::test_phase100_3_resolves_plain_family_aliases,tests/test_phase100_minimal_generator_resolver.py::test_phase100_3_resolves_plain_family_aliases[sigma-expected5],setup,passed,0.0004088999703526497,
tests/test_phase100_minimal_generator_resolver.py::test_phase100_3_resolves_plain_family_aliases,tests/test_phase100_minimal_generator_resolver.py::test_phase100_3_resolves_plain_family_aliases[sigma-expected5],call,passed,0.0001875001471489668,
tests/test_phase100_minimal_generator_resolver.py::test_phase100_3_resolves_plain_family_aliases,tests/test_phase100_minimal_generator_resolver.py::test_phase100_3_resolves_plain_family_aliases[sigma-expected5],teardown,passed,0.00021350011229515076,
tests/test_phase100_minimal_generator_resolver.py::test_phase100_3_resolves_plain_family_aliases,tests/test_phase100_minimal_generator_resolver.py::test_phase100_3_resolves_plain_family_aliases[/u03b9-expected6],setup,passed,0.00034300005063414574,
tests/test_phase100_minimal_generator_resolver.py::test_phase100_3_resolves_plain_family_aliases,tests/test_phase100_minimal_generator_resolver.py::test_phase100_3_resolves_plain_family_aliases[/u03b9-expected6],call,passed,0.00017339992336928844,
tests/test_phase100_minimal_generator_resolver.py::test_phase100_3_resolves_plain_family_aliases,tests/test_phase100_minimal_generator_resolver.py::test_phase100_3_resolves_plain_family_aliases[/u03b9-expected6],teardown,passed,0.00021309987641870975,
tests/test_phase100_minimal_generator_resolver.py::test_phase100_3_resolves_plain_family_aliases,tests/test_phase100_minimal_generator_resolver.py::test_phase100_3_resolves_plain_family_aliases[iota-expected7],setup,passed,0.0004891999997198582,
tests/test_phase100_minimal_generator_resolver.py::test_phase100_3_resolves_plain_family_aliases,tests/test_phase100_minimal_generator_resolver.py::test_phase100_3_resolves_plain_family_aliases[iota-expected7],call,passed,0.0003917999565601349,
tests/test_phase100_minimal_generator_resolver.py::test_phase100_3_resolves_plain_family_aliases,tests/test_phase100_minimal_generator_resolver.py::test_phase100_3_resolves_plain_family_aliases[iota-expected7],teardown,passed,0.0005053000058978796,
tests/test_phase100_minimal_generator_resolver.py::test_phase100_3_resolves_positive_integer_indices,tests/test_phase100_minimal_generator_resolver.py::test_phase100_3_resolves_positive_integer_indices[/u03b7_2-expected0],setup,passed,0.0006025999318808317,
tests/test_phase100_minimal_generator_resolver.py::test_phase100_3_resolves_positive_integer_indices,tests/test_phase100_minimal_generator_resolver.py::test_phase100_3_resolves_positive_integer_indices[/u03b7_2-expected0],call,passed,0.0043080998584628105,
tests/test_phase100_minimal_generator_resolver.py::test_phase100_3_resolves_positive_integer_indices,tests/test_phase100_minimal_generator_resolver.py::test_phase100_3_resolves_positive_integer_indices[/u03b7_2-expected0],teardown,passed,0.0004912000149488449,
tests/test_phase100_minimal_generator_resolver.py::test_phase100_3_resolves_positive_integer_indices,tests/test_phase100_minimal_generator_resolver.py::test_phase100_3_resolves_positive_integer_indices[eta_2-expected1],setup,passed,0.0006180000491440296,
tests/test_phase100_minimal_generator_resolver.py::test_phase100_3_resolves_positive_integer_indices,tests/test_phase100_minimal_generator_resolver.py::test_phase100_3_resolves_positive_integer_indices[eta_2-expected1],call,passed,0.00020020012743771076,
tests/test_phase100_minimal_generator_resolver.py::test_phase100_3_resolves_positive_integer_indices,tests/test_phase100_minimal_generator_resolver.py::test_phase100_3_resolves_positive_integer_indices[eta_2-expected1],teardown,passed,0.0002703999634832144,
tests/test_phase100_minimal_generator_resolver.py::test_phase100_3_resolves_positive_integer_indices,tests/test_phase100_minimal_generator_resolver.py::test_phase100_3_resolves_positive_integer_indices[/u03bd_5-expected2],setup,passed,0.0006385999731719494,
tests/test_phase100_minimal_generator_resolver.py::test_phase100_3_resolves_positive_integer_indices,tests/test_phase100_minimal_generator_resolver.py::test_phase100_3_resolves_positive_integer_indices[/u03bd_5-expected2],call,passed,0.0003021999727934599,
tests/test_phase100_minimal_generator_resolver.py::test_phase100_3_resolves_positive_integer_indices,tests/test_phase100_minimal_generator_resolver.py::test_phase100_3_resolves_positive_integer_indices[/u03bd_5-expected2],teardown,passed,0.00023400015197694302,
tests/test_phase100_minimal_generator_resolver.py::test_phase100_3_resolves_positive_integer_indices,tests/test_phase100_minimal_generator_resolver.py::test_phase100_3_resolves_positive_integer_indices[nu_5-expected3],setup,passed,0.0003589000552892685,
tests/test_phase100_minimal_generator_resolver.py::test_phase100_3_resolves_positive_integer_indices,tests/test_phase100_minimal_generator_resolver.py::test_phase100_3_resolves_positive_integer_indices[nu_5-expected3],call,passed,0.00018230010755360126,
tests/test_phase100_minimal_generator_resolver.py::test_phase100_3_resolves_positive_integer_indices,tests/test_phase100_minimal_generator_resolver.py::test_phase100_3_resolves_positive_integer_indices[nu_5-expected3],teardown,passed,0.0004211999475955963,
tests/test_phase100_minimal_generator_resolver.py::test_phase100_3_resolves_positive_integer_indices,tests/test_phase100_minimal_generator_resolver.py::test_phase100_3_resolves_positive_integer_indices[/u03c3_8-expected4],setup,passed,0.0008363998495042324,
tests/test_phase100_minimal_generator_resolver.py::test_phase100_3_resolves_positive_integer_indices,tests/test_phase100_minimal_generator_resolver.py::test_phase100_3_resolves_positive_integer_indices[/u03c3_8-expected4],call,passed,0.00042159995064139366,
tests/test_phase100_minimal_generator_resolver.py::test_phase100_3_resolves_positive_integer_indices,tests/test_phase100_minimal_generator_resolver.py::test_phase100_3_resolves_positive_integer_indices[/u03c3_8-expected4],teardown,passed,0.00034859986044466496,
tests/test_phase100_minimal_generator_resolver.py::test_phase100_3_resolves_positive_integer_indices,tests/test_phase100_minimal_generator_resolver.py::test_phase100_3_resolves_positive_integer_indices[sigma_8-expected5],setup,passed,0.0004740001168102026,
tests/test_phase100_minimal_generator_resolver.py::test_phase100_3_resolves_positive_integer_indices,tests/test_phase100_minimal_generator_resolver.py::test_phase100_3_resolves_positive_integer_indices[sigma_8-expected5],call,passed,0.00020319991745054722,
tests/test_phase100_minimal_generator_resolver.py::test_phase100_3_resolves_positive_integer_indices,tests/test_phase100_minimal_generator_resolver.py::test_phase100_3_resolves_positive_integer_indices[sigma_8-expected5],teardown,passed,0.00032049999572336674,
tests/test_phase100_minimal_generator_resolver.py::test_phase100_3_resolves_positive_integer_indices,tests/test_phase100_minimal_generator_resolver.py::test_phase100_3_resolves_positive_integer_indices[/u03b9_4-expected6],setup,passed,0.0012024000752717257,
tests/test_phase100_minimal_generator_resolver.py::test_phase100_3_resolves_positive_integer_indices,tests/test_phase100_minimal_generator_resolver.py::test_phase100_3_resolves_positive_integer_indices[/u03b9_4-expected6],call,passed,0.00035639991983771324,
tests/test_phase100_minimal_generator_resolver.py::test_phase100_3_resolves_positive_integer_indices,tests/test_phase100_minimal_generator_resolver.py::test_phase100_3_resolves_positive_integer_indices[/u03b9_4-expected6],teardown,passed,0.00043560005724430084,
tests/test_phase100_minimal_generator_resolver.py::test_phase100_3_resolves_positive_integer_indices,tests/test_phase100_minimal_generator_resolver.py::test_phase100_3_resolves_positive_integer_indices[iota_4-expected7],setup,passed,0.0005603998433798552,
tests/test_phase100_minimal_generator_resolver.py::test_phase100_3_resolves_positive_integer_indices,tests/test_phase100_minimal_generator_resolver.py::test_phase100_3_resolves_positive_integer_indices[iota_4-expected7],call,passed,0.0003111001569777727,
tests/test_phase100_minimal_generator_resolver.py::test_phase100_3_resolves_positive_integer_indices,tests/test_phase100_minimal_generator_resolver.py::test_phase100_3_resolves_positive_integer_indices[iota_4-expected7],teardown,passed,0.00029770005494356155,
tests/test_phase100_minimal_generator_resolver.py::test_phase100_3_rejects_invalid_index_syntax,tests/test_phase100_minimal_generator_resolver.py::test_phase100_3_rejects_invalid_index_syntax[eta_],setup,passed,0.0004183999262750149,
tests/test_phase100_minimal_generator_resolver.py::test_phase100_3_rejects_invalid_index_syntax,tests/test_phase100_minimal_generator_resolver.py::test_phase100_3_rejects_invalid_index_syntax[eta_],call,passed,0.0003472999669611454,
tests/test_phase100_minimal_generator_resolver.py::test_phase100_3_rejects_invalid_index_syntax,tests/test_phase100_minimal_generator_resolver.py::test_phase100_3_rejects_invalid_index_syntax[eta_],teardown,passed,0.00022579985670745373,
tests/test_phase100_minimal_generator_resolver.py::test_phase100_3_rejects_invalid_index_syntax,tests/test_phase100_minimal_generator_resolver.py::test_phase100_3_rejects_invalid_index_syntax[eta_x],setup,passed,0.0004212998319417238,
tests/test_phase100_minimal_generator_resolver.py::test_phase100_3_rejects_invalid_index_syntax,tests/test_phase100_minimal_generator_resolver.py::test_phase100_3_rejects_invalid_index_syntax[eta_x],call,passed,0.0002071999479085207,
tests/test_phase100_minimal_generator_resolver.py::test_phase100_3_rejects_invalid_index_syntax,tests/test_phase100_minimal_generator_resolver.py::test_phase100_3_rejects_invalid_index_syntax[eta_x],teardown,passed,0.0002896001096814871,
tests/test_phase100_minimal_generator_resolver.py::test_phase100_3_rejects_invalid_index_syntax,tests/test_phase100_minimal_generator_resolver.py::test_phase100_3_rejects_invalid_index_syntax[eta_-1],setup,passed,0.0004632999189198017,
tests/test_phase100_minimal_generator_resolver.py::test_phase100_3_rejects_invalid_index_syntax,tests/test_phase100_minimal_generator_resolver.py::test_phase100_3_rejects_invalid_index_syntax[eta_-1],call,passed,0.0002840999513864517,
tests/test_phase100_minimal_generator_resolver.py::test_phase100_3_rejects_invalid_index_syntax,tests/test_phase100_minimal_generator_resolver.py::test_phase100_3_rejects_invalid_index_syntax[eta_-1],teardown,passed,0.00027590012177824974,
tests/test_phase100_minimal_generator_resolver.py::test_phase100_3_rejects_invalid_index_syntax,tests/test_phase100_minimal_generator_resolver.py::test_phase100_3_rejects_invalid_index_syntax[nu__5],setup,passed,0.000838099978864193,
tests/test_phase100_minimal_generator_resolver.py::test_phase100_3_rejects_invalid_index_syntax,tests/test_phase100_minimal_generator_resolver.py::test_phase100_3_rejects_invalid_index_syntax[nu__5],call,passed,0.00038080010563135147,
tests/test_phase100_minimal_generator_resolver.py::test_phase100_3_rejects_invalid_index_syntax,tests/test_phase100_minimal_generator_resolver.py::test_phase100_3_rejects_invalid_index_syntax[nu__5],teardown,passed,0.0007339001167565584,
tests/test_phase100_minimal_generator_resolver.py::test_phase100_3_rejects_invalid_index_syntax,tests/test_phase100_minimal_generator_resolver.py::test_phase100_3_rejects_invalid_index_syntax[eta_2_3],setup,passed,0.0005279998295009136,
tests/test_phase100_minimal_generator_resolver.py::test_phase100_3_rejects_invalid_index_syntax,tests/test_phase100_minimal_generator_resolver.py::test_phase100_3_rejects_invalid_index_syntax[eta_2_3],call,passed,0.00030479999259114265,
tests/test_phase100_minimal_generator_resolver.py::test_phase100_3_rejects_invalid_index_syntax,tests/test_phase100_minimal_generator_resolver.py::test_phase100_3_rejects_invalid_index_syntax[eta_2_3],teardown,passed,0.000309899915009737,
tests/test_phase100_minimal_generator_resolver.py::test_phase100_3_rejects_invalid_index_syntax,tests/test_phase100_minimal_generator_resolver.py::test_phase100_3_rejects_invalid_index_syntax[eta_ 2],setup,passed,0.0004592000041157007,
tests/test_phase100_minimal_generator_resolver.py::test_phase100_3_rejects_invalid_index_syntax,tests/test_phase100_minimal_generator_resolver.py::test_phase100_3_rejects_invalid_index_syntax[eta_ 2],call,passed,0.0007637999951839447,
tests/test_phase100_minimal_generator_resolver.py::test_phase100_3_rejects_invalid_index_syntax,tests/test_phase100_minimal_generator_resolver.py::test_phase100_3_rejects_invalid_index_syntax[eta_ 2],teardown,passed,0.0006545002106577158,
tests/test_phase100_minimal_generator_resolver.py::test_phase100_3_rejects_unsupported_free_form_input,tests/test_phase100_minimal_generator_resolver.py::test_phase100_3_rejects_unsupported_free_form_input[foobar],setup,passed,0.0003611000720411539,
tests/test_phase100_minimal_generator_resolver.py::test_phase100_3_rejects_unsupported_free_form_input,tests/test_phase100_minimal_generator_resolver.py::test_phase100_3_rejects_unsupported_free_form_input[foobar],call,passed,0.00020790006965398788,
tests/test_phase100_minimal_generator_resolver.py::test_phase100_3_rejects_unsupported_free_form_input,tests/test_phase100_minimal_generator_resolver.py::test_phase100_3_rejects_unsupported_free_form_input[foobar],teardown,passed,0.00032059988006949425,
tests/test_phase100_minimal_generator_resolver.py::test_phase100_3_rejects_unsupported_free_form_input,tests/test_phase100_minimal_generator_resolver.py::test_phase100_3_rejects_unsupported_free_form_input[prime],setup,passed,0.0003074998967349529,
tests/test_phase100_minimal_generator_resolver.py::test_phase100_3_rejects_unsupported_free_form_input,tests/test_phase100_minimal_generator_resolver.py::test_phase100_3_rejects_unsupported_free_form_input[prime],call,passed,0.00019990000873804092,
tests/test_phase100_minimal_generator_resolver.py::test_phase100_3_rejects_unsupported_free_form_input,tests/test_phase100_minimal_generator_resolver.py::test_phase100_3_rejects_unsupported_free_form_input[prime],teardown,passed,0.00019659986719489098,
tests/test_phase100_minimal_generator_resolver.py::test_phase100_3_rejects_unsupported_free_form_input,tests/test_phase100_minimal_generator_resolver.py::test_phase100_3_rejects_unsupported_free_form_input[nu prime],setup,passed,0.00027459999546408653,
tests/test_phase100_minimal_generator_resolver.py::test_phase100_3_rejects_unsupported_free_form_input,tests/test_phase100_minimal_generator_resolver.py::test_phase100_3_rejects_unsupported_free_form_input[nu prime],call,passed,0.00018950016237795353,
tests/test_phase100_minimal_generator_resolver.py::test_phase100_3_rejects_unsupported_free_form_input,tests/test_phase100_minimal_generator_resolver.py::test_phase100_3_rejects_unsupported_free_form_input[nu prime],teardown,passed,0.00019740010611712933,
tests/test_phase100_minimal_generator_resolver.py::test_phase100_3_rejects_unsupported_free_form_input,tests/test_phase100_minimal_generator_resolver.py::test_phase100_3_rejects_unsupported_free_form_input[/u03b7/u2082],setup,passed,0.0004002000205218792,
tests/test_phase100_minimal_generator_resolver.py::test_phase100_3_rejects_unsupported_free_form_input,tests/test_phase100_minimal_generator_resolver.py::test_phase100_3_rejects_unsupported_free_form_input[/u03b7/u2082],call,passed,0.0006852999795228243,
tests/test_phase100_minimal_generator_resolver.py::test_phase100_3_rejects_unsupported_free_form_input,tests/test_phase100_minimal_generator_resolver.py::test_phase100_3_rejects_unsupported_free_form_input[/u03b7/u2082],teardown,passed,0.0002764998935163021,
tests/test_phase100_minimal_generator_resolver.py::test_phase100_3_rejects_unsupported_free_form_input,tests/test_phase100_minimal_generator_resolver.py::test_phase100_3_rejects_unsupported_free_form_input[nu5],setup,passed,0.0007152999751269817,
tests/test_phase100_minimal_generator_resolver.py::test_phase100_3_rejects_unsupported_free_form_input,tests/test_phase100_minimal_generator_resolver.py::test_phase100_3_rejects_unsupported_free_form_input[nu5],call,passed,0.00035589979961514473,
tests/test_phase100_minimal_generator_resolver.py::test_phase100_3_rejects_unsupported_free_form_input,tests/test_phase100_minimal_generator_resolver.py::test_phase100_3_rejects_unsupported_free_form_input[nu5],teardown,passed,0.0003291000612080097,
tests/test_phase100_minimal_generator_resolver.py::test_phase100_3_rejects_unsupported_free_form_input,"tests/test_phase100_minimal_generator_resolver.py::test_phase100_3_rejects_unsupported_free_form_input[{nu,eta,sigma}]",setup,passed,0.0004330999217927456,
tests/test_phase100_minimal_generator_resolver.py::test_phase100_3_rejects_unsupported_free_form_input,"tests/test_phase100_minimal_generator_resolver.py::test_phase100_3_rejects_unsupported_free_form_input[{nu,eta,sigma}]",call,passed,0.00022659986279904842,
tests/test_phase100_minimal_generator_resolver.py::test_phase100_3_rejects_unsupported_free_form_input,"tests/test_phase100_minimal_generator_resolver.py::test_phase100_3_rejects_unsupported_free_form_input[{nu,eta,sigma}]",teardown,passed,0.00021500000730156898,
tests/test_phase101_production_element_exploration_facade.py::test_phase101_2_reuses_existing_invalid_input_validation,tests/test_phase101_production_element_exploration_facade.py::test_phase101_2_reuses_existing_invalid_input_validation[],setup,passed,0.00030109984800219536,
tests/test_phase101_production_element_exploration_facade.py::test_phase101_2_reuses_existing_invalid_input_validation,tests/test_phase101_production_element_exploration_facade.py::test_phase101_2_reuses_existing_invalid_input_validation[],call,passed,0.00019370019435882568,
tests/test_phase101_production_element_exploration_facade.py::test_phase101_2_reuses_existing_invalid_input_validation,tests/test_phase101_production_element_exploration_facade.py::test_phase101_2_reuses_existing_invalid_input_validation[],teardown,passed,0.00025630020536482334,
tests/test_phase101_production_element_exploration_facade.py::test_phase101_2_reuses_existing_invalid_input_validation,tests/test_phase101_production_element_exploration_facade.py::test_phase101_2_reuses_existing_invalid_input_validation[not_a_generator],setup,passed,0.00043059978634119034,
tests/test_phase101_production_element_exploration_facade.py::test_phase101_2_reuses_existing_invalid_input_validation,tests/test_phase101_production_element_exploration_facade.py::test_phase101_2_reuses_existing_invalid_input_validation[not_a_generator],call,passed,0.00030179996974766254,
tests/test_phase101_production_element_exploration_facade.py::test_phase101_2_reuses_existing_invalid_input_validation,tests/test_phase101_production_element_exploration_facade.py::test_phase101_2_reuses_existing_invalid_input_validation[not_a_generator],teardown,passed,0.0002615998964756727,
tests/test_phase101_production_element_exploration_facade.py::test_phase101_2_reuses_existing_invalid_input_validation,tests/test_phase101_production_element_exploration_facade.py::test_phase101_2_reuses_existing_invalid_input_validation[eta_0],setup,passed,0.00031889998354017735,
tests/test_phase101_production_element_exploration_facade.py::test_phase101_2_reuses_existing_invalid_input_validation,tests/test_phase101_production_element_exploration_facade.py::test_phase101_2_reuses_existing_invalid_input_validation[eta_0],call,passed,0.00020780018530786037,
tests/test_phase101_production_element_exploration_facade.py::test_phase101_2_reuses_existing_invalid_input_validation,tests/test_phase101_production_element_exploration_facade.py::test_phase101_2_reuses_existing_invalid_input_validation[eta_0],teardown,passed,0.0009103999473154545,
tests/test_phase101_production_exploration_validation.py::test_phase101_4_invalid_string_input_reuses_resolver_validation,tests/test_phase101_production_exploration_validation.py::test_phase101_4_invalid_string_input_reuses_resolver_validation[],setup,passed,0.0014049001038074493,
tests/test_phase101_production_exploration_validation.py::test_phase101_4_invalid_string_input_reuses_resolver_validation,tests/test_phase101_production_exploration_validation.py::test_phase101_4_invalid_string_input_reuses_resolver_validation[],call,passed,0.0004555000923573971,
tests/test_phase101_production_exploration_validation.py::test_phase101_4_invalid_string_input_reuses_resolver_validation,tests/test_phase101_production_exploration_validation.py::test_phase101_4_invalid_string_input_reuses_resolver_validation[],teardown,passed,0.00042779999785125256,
tests/test_phase101_production_exploration_validation.py::test_phase101_4_invalid_string_input_reuses_resolver_validation,tests/test_phase101_production_exploration_validation.py::test_phase101_4_invalid_string_input_reuses_resolver_validation[   ],setup,passed,0.0004304000176489353,
tests/test_phase101_production_exploration_validation.py::test_phase101_4_invalid_string_input_reuses_resolver_validation,tests/test_phase101_production_exploration_validation.py::test_phase101_4_invalid_string_input_reuses_resolver_validation[   ],call,passed,0.00027359998784959316,
tests/test_phase101_production_exploration_validation.py::test_phase101_4_invalid_string_input_reuses_resolver_validation,tests/test_phase101_production_exploration_validation.py::test_phase101_4_invalid_string_input_reuses_resolver_validation[   ],teardown,passed,0.00020539993420243263,
tests/test_phase101_production_exploration_validation.py::test_phase101_4_invalid_string_input_reuses_resolver_validation,tests/test_phase101_production_exploration_validation.py::test_phase101_4_invalid_string_input_reuses_resolver_validation[not_a_generator],setup,passed,0.0002687000669538975,
tests/test_phase101_production_exploration_validation.py::test_phase101_4_invalid_string_input_reuses_resolver_validation,tests/test_phase101_production_exploration_validation.py::test_phase101_4_invalid_string_input_reuses_resolver_validation[not_a_generator],call,passed,0.0001922000665217638,
tests/test_phase101_production_exploration_validation.py::test_phase101_4_invalid_string_input_reuses_resolver_validation,tests/test_phase101_production_exploration_validation.py::test_phase101_4_invalid_string_input_reuses_resolver_validation[not_a_generator],teardown,passed,0.00020859995856881142,
tests/test_phase101_production_exploration_validation.py::test_phase101_4_invalid_string_input_reuses_resolver_validation,tests/test_phase101_production_exploration_validation.py::test_phase101_4_invalid_string_input_reuses_resolver_validation[nu prime],setup,passed,0.000268799951300025,
tests/test_phase101_production_exploration_validation.py::test_phase101_4_invalid_string_input_reuses_resolver_validation,tests/test_phase101_production_exploration_validation.py::test_phase101_4_invalid_string_input_reuses_resolver_validation[nu prime],call,passed,0.00020910007879137993,
tests/test_phase101_production_exploration_validation.py::test_phase101_4_invalid_string_input_reuses_resolver_validation,tests/test_phase101_production_exploration_validation.py::test_phase101_4_invalid_string_input_reuses_resolver_validation[nu prime],teardown,passed,0.0002470000181347132,
tests/test_phase101_production_exploration_validation.py::test_phase101_4_invalid_string_input_reuses_resolver_validation,tests/test_phase101_production_exploration_validation.py::test_phase101_4_invalid_string_input_reuses_resolver_validation[eta_0],setup,passed,0.0002896999940276146,
tests/test_phase101_production_exploration_validation.py::test_phase101_4_invalid_string_input_reuses_resolver_validation,tests/test_phase101_production_exploration_validation.py::test_phase101_4_invalid_string_input_reuses_resolver_validation[eta_0],call,passed,0.00019869999960064888,
tests/test_phase101_production_exploration_validation.py::test_phase101_4_invalid_string_input_reuses_resolver_validation,tests/test_phase101_production_exploration_validation.py::test_phase101_4_invalid_string_input_reuses_resolver_validation[eta_0],teardown,passed,0.0002063000574707985,
tests/test_phase102_cli_proof_scope.py::test_phase102_7_explore_proof_invalid_generator_is_argparse_error,tests/test_phase102_cli_proof_scope.py::test_phase102_7_explore_proof_invalid_generator_is_argparse_error[not_a_generator-unsupported generator family],setup,passed,0.0009314001072198153,
tests/test_phase102_cli_proof_scope.py::test_phase102_7_explore_proof_invalid_generator_is_argparse_error,tests/test_phase102_cli_proof_scope.py::test_phase102_7_explore_proof_invalid_generator_is_argparse_error[not_a_generator-unsupported generator family],call,passed,0.0026149998884648085,
tests/test_phase102_cli_proof_scope.py::test_phase102_7_explore_proof_invalid_generator_is_argparse_error,tests/test_phase102_cli_proof_scope.py::test_phase102_7_explore_proof_invalid_generator_is_argparse_error[not_a_generator-unsupported generator family],teardown,passed,0.0003907999489456415,
tests/test_phase102_cli_proof_scope.py::test_phase102_7_explore_proof_invalid_generator_is_argparse_error,tests/test_phase102_cli_proof_scope.py::test_phase102_7_explore_proof_invalid_generator_is_argparse_error[nu prime-unsupported generator input],setup,passed,0.0005916999652981758,
tests/test_phase102_cli_proof_scope.py::test_phase102_7_explore_proof_invalid_generator_is_argparse_error,tests/test_phase102_cli_proof_scope.py::test_phase102_7_explore_proof_invalid_generator_is_argparse_error[nu prime-unsupported generator input],call,passed,0.0034618000499904156,
tests/test_phase102_cli_proof_scope.py::test_phase102_7_explore_proof_invalid_generator_is_argparse_error,tests/test_phase102_cli_proof_scope.py::test_phase102_7_explore_proof_invalid_generator_is_argparse_error[nu prime-unsupported generator input],teardown,passed,0.0004140001256018877,
tests/test_phase102_cli_proof_scope.py::test_phase102_7_explore_proof_invalid_generator_is_argparse_error,tests/test_phase102_cli_proof_scope.py::test_phase102_7_explore_proof_invalid_generator_is_argparse_error[eta_0-generator index must be positive],setup,passed,0.0009943998884409666,
tests/test_phase102_cli_proof_scope.py::test_phase102_7_explore_proof_invalid_generator_is_argparse_error,tests/test_phase102_cli_proof_scope.py::test_phase102_7_explore_proof_invalid_generator_is_argparse_error[eta_0-generator index must be positive],call,passed,0.0027807001024484634,
tests/test_phase102_cli_proof_scope.py::test_phase102_7_explore_proof_invalid_generator_is_argparse_error,tests/test_phase102_cli_proof_scope.py::test_phase102_7_explore_proof_invalid_generator_is_argparse_error[eta_0-generator index must be positive],teardown,passed,0.0004588000010699034,
tests/test_phase103_cli_applicability.py::test_phase103_6_explore_applicable_invalid_generator_is_argparse_error,tests/test_phase103_cli_applicability.py::test_phase103_6_explore_applicable_invalid_generator_is_argparse_error[not_a_generator-unsupported generator family],setup,passed,0.000703900121152401,
tests/test_phase103_cli_applicability.py::test_phase103_6_explore_applicable_invalid_generator_is_argparse_error,tests/test_phase103_cli_applicability.py::test_phase103_6_explore_applicable_invalid_generator_is_argparse_error[not_a_generator-unsupported generator family],call,passed,0.5478173000738025,
tests/test_phase103_cli_applicability.py::test_phase103_6_explore_applicable_invalid_generator_is_argparse_error,tests/test_phase103_cli_applicability.py::test_phase103_6_explore_applicable_invalid_generator_is_argparse_error[not_a_generator-unsupported generator family],teardown,passed,0.0004118001088500023,
tests/test_phase103_cli_applicability.py::test_phase103_6_explore_applicable_invalid_generator_is_argparse_error,tests/test_phase103_cli_applicability.py::test_phase103_6_explore_applicable_invalid_generator_is_argparse_error[nu prime-unsupported generator input],setup,passed,0.0007680999115109444,
tests/test_phase103_cli_applicability.py::test_phase103_6_explore_applicable_invalid_generator_is_argparse_error,tests/test_phase103_cli_applicability.py::test_phase103_6_explore_applicable_invalid_generator_is_argparse_error[nu prime-unsupported generator input],call,passed,0.08360700006596744,
tests/test_phase103_cli_applicability.py::test_phase103_6_explore_applicable_invalid_generator_is_argparse_error,tests/test_phase103_cli_applicability.py::test_phase103_6_explore_applicable_invalid_generator_is_argparse_error[nu prime-unsupported generator input],teardown,passed,0.00029610004276037216,
tests/test_phase103_cli_applicability.py::test_phase103_6_explore_applicable_invalid_generator_is_argparse_error,tests/test_phase103_cli_applicability.py::test_phase103_6_explore_applicable_invalid_generator_is_argparse_error[eta_0-generator index must be positive],setup,passed,0.0005057998932898045,
tests/test_phase103_cli_applicability.py::test_phase103_6_explore_applicable_invalid_generator_is_argparse_error,tests/test_phase103_cli_applicability.py::test_phase103_6_explore_applicable_invalid_generator_is_argparse_error[eta_0-generator index must be positive],call,passed,0.07428979990072548,
tests/test_phase103_cli_applicability.py::test_phase103_6_explore_applicable_invalid_generator_is_argparse_error,tests/test_phase103_cli_applicability.py::test_phase103_6_explore_applicable_invalid_generator_is_argparse_error[eta_0-generator index must be positive],teardown,passed,0.0003002001903951168,
tests/test_phase111_10_proof_replay_depth_cli.py::test_phase111_10_negative_depth_is_parser_error,tests/test_phase111_10_proof_replay_depth_cli.py::test_phase111_10_negative_depth_is_parser_error[argv0],setup,passed,0.0004376999568194151,
tests/test_phase111_10_proof_replay_depth_cli.py::test_phase111_10_negative_depth_is_parser_error,tests/test_phase111_10_proof_replay_depth_cli.py::test_phase111_10_negative_depth_is_parser_error[argv0],call,passed,0.0015678000636398792,
tests/test_phase111_10_proof_replay_depth_cli.py::test_phase111_10_negative_depth_is_parser_error,tests/test_phase111_10_proof_replay_depth_cli.py::test_phase111_10_negative_depth_is_parser_error[argv0],teardown,passed,0.0003969999961555004,
tests/test_phase111_10_proof_replay_depth_cli.py::test_phase111_10_negative_depth_is_parser_error,tests/test_phase111_10_proof_replay_depth_cli.py::test_phase111_10_negative_depth_is_parser_error[argv1],setup,passed,0.0006995000876486301,
tests/test_phase111_10_proof_replay_depth_cli.py::test_phase111_10_negative_depth_is_parser_error,tests/test_phase111_10_proof_replay_depth_cli.py::test_phase111_10_negative_depth_is_parser_error[argv1],call,passed,0.00165200000628829,
tests/test_phase111_10_proof_replay_depth_cli.py::test_phase111_10_negative_depth_is_parser_error,tests/test_phase111_10_proof_replay_depth_cli.py::test_phase111_10_negative_depth_is_parser_error[argv1],teardown,passed,0.00036539998836815357,
tests/test_phase85_bounded_search_diagnostic_representation.py::test_phase85_2_status_values_are_unique,tests/test_phase85_bounded_search_diagnostic_representation.py::test_phase85_2_status_values_are_unique[BoundedProducerSearchStatus.SUCCESS],setup,passed,0.0004746001213788986,
tests/test_phase85_bounded_search_diagnostic_representation.py::test_phase85_2_status_values_are_unique,tests/test_phase85_bounded_search_diagnostic_representation.py::test_phase85_2_status_values_are_unique[BoundedProducerSearchStatus.SUCCESS],call,passed,0.0003557000309228897,
tests/test_phase85_bounded_search_diagnostic_representation.py::test_phase85_2_status_values_are_unique,tests/test_phase85_bounded_search_diagnostic_representation.py::test_phase85_2_status_values_are_unique[BoundedProducerSearchStatus.SUCCESS],teardown,passed,0.0002297000028192997,
tests/test_phase85_bounded_search_diagnostic_representation.py::test_phase85_2_status_values_are_unique,tests/test_phase85_bounded_search_diagnostic_representation.py::test_phase85_2_status_values_are_unique[BoundedProducerSearchStatus.GOAL_ALREADY_AVAILABLE],setup,passed,0.00029969983734190464,
tests/test_phase85_bounded_search_diagnostic_representation.py::test_phase85_2_status_values_are_unique,tests/test_phase85_bounded_search_diagnostic_representation.py::test_phase85_2_status_values_are_unique[BoundedProducerSearchStatus.GOAL_ALREADY_AVAILABLE],call,passed,0.00019109994173049927,
tests/test_phase85_bounded_search_diagnostic_representation.py::test_phase85_2_status_values_are_unique,tests/test_phase85_bounded_search_diagnostic_representation.py::test_phase85_2_status_values_are_unique[BoundedProducerSearchStatus.GOAL_ALREADY_AVAILABLE],teardown,passed,0.00026120012626051903,
tests/test_phase85_bounded_search_diagnostic_representation.py::test_phase85_2_status_values_are_unique,tests/test_phase85_bounded_search_diagnostic_representation.py::test_phase85_2_status_values_are_unique[BoundedProducerSearchStatus.NO_FINAL_RULE],setup,passed,0.0004214998334646225,
tests/test_phase85_bounded_search_diagnostic_representation.py::test_phase85_2_status_values_are_unique,tests/test_phase85_bounded_search_diagnostic_representation.py::test_phase85_2_status_values_are_unique[BoundedProducerSearchStatus.NO_FINAL_RULE],call,passed,0.0003229000139981508,
tests/test_phase85_bounded_search_diagnostic_representation.py::test_phase85_2_status_values_are_unique,tests/test_phase85_bounded_search_diagnostic_representation.py::test_phase85_2_status_values_are_unique[BoundedProducerSearchStatus.NO_FINAL_RULE],teardown,passed,0.0007169002201408148,
tests/test_phase85_bounded_search_diagnostic_representation.py::test_phase85_2_status_values_are_unique,tests/test_phase85_bounded_search_diagnostic_representation.py::test_phase85_2_status_values_are_unique[BoundedProducerSearchStatus.AMBIGUOUS_FINAL_RULE],setup,passed,0.0006002001464366913,
tests/test_phase85_bounded_search_diagnostic_representation.py::test_phase85_2_status_values_are_unique,tests/test_phase85_bounded_search_diagnostic_representation.py::test_phase85_2_status_values_are_unique[BoundedProducerSearchStatus.AMBIGUOUS_FINAL_RULE],call,passed,0.00021299999207258224,
tests/test_phase85_bounded_search_diagnostic_representation.py::test_phase85_2_status_values_are_unique,tests/test_phase85_bounded_search_diagnostic_representation.py::test_phase85_2_status_values_are_unique[BoundedProducerSearchStatus.AMBIGUOUS_FINAL_RULE],teardown,passed,0.0002951999194920063,
tests/test_phase85_bounded_search_diagnostic_representation.py::test_phase85_2_status_values_are_unique,tests/test_phase85_bounded_search_diagnostic_representation.py::test_phase85_2_status_values_are_unique[BoundedProducerSearchStatus.NO_PRODUCER],setup,passed,0.0004135998897254467,
tests/test_phase85_bounded_search_diagnostic_representation.py::test_phase85_2_status_values_are_unique,tests/test_phase85_bounded_search_diagnostic_representation.py::test_phase85_2_status_values_are_unique[BoundedProducerSearchStatus.NO_PRODUCER],call,passed,0.0002708001993596554,
tests/test_phase85_bounded_search_diagnostic_representation.py::test_phase85_2_status_values_are_unique,tests/test_phase85_bounded_search_diagnostic_representation.py::test_phase85_2_status_values_are_unique[BoundedProducerSearchStatus.NO_PRODUCER],teardown,passed,0.00029140012338757515,
tests/test_phase85_bounded_search_diagnostic_representation.py::test_phase85_2_status_values_are_unique,tests/test_phase85_bounded_search_diagnostic_representation.py::test_phase85_2_status_values_are_unique[BoundedProducerSearchStatus.UNSAFE_PRODUCER],setup,passed,0.00048390007577836514,
tests/test_phase85_bounded_search_diagnostic_representation.py::test_phase85_2_status_values_are_unique,tests/test_phase85_bounded_search_diagnostic_representation.py::test_phase85_2_status_values_are_unique[BoundedProducerSearchStatus.UNSAFE_PRODUCER],call,passed,0.0003011999651789665,
tests/test_phase85_bounded_search_diagnostic_representation.py::test_phase85_2_status_values_are_unique,tests/test_phase85_bounded_search_diagnostic_representation.py::test_phase85_2_status_values_are_unique[BoundedProducerSearchStatus.UNSAFE_PRODUCER],teardown,passed,0.0003171998541802168,
tests/test_phase85_bounded_search_diagnostic_representation.py::test_phase85_2_status_values_are_unique,tests/test_phase85_bounded_search_diagnostic_representation.py::test_phase85_2_status_values_are_unique[BoundedProducerSearchStatus.AMBIGUOUS_PRODUCER],setup,passed,0.0004542001988738775,
tests/test_phase85_bounded_search_diagnostic_representation.py::test_phase85_2_status_values_are_unique,tests/test_phase85_bounded_search_diagnostic_representation.py::test_phase85_2_status_values_are_unique[BoundedProducerSearchStatus.AMBIGUOUS_PRODUCER],call,passed,0.0002905998844653368,
tests/test_phase85_bounded_search_diagnostic_representation.py::test_phase85_2_status_values_are_unique,tests/test_phase85_bounded_search_diagnostic_representation.py::test_phase85_2_status_values_are_unique[BoundedProducerSearchStatus.AMBIGUOUS_PRODUCER],teardown,passed,0.00021700002253055573,
tests/test_phase85_bounded_search_diagnostic_representation.py::test_phase85_2_status_values_are_unique,tests/test_phase85_bounded_search_diagnostic_representation.py::test_phase85_2_status_values_are_unique[BoundedProducerSearchStatus.PRODUCER_RETRY_EXHAUSTED],setup,passed,0.0002872999757528305,
tests/test_phase85_bounded_search_diagnostic_representation.py::test_phase85_2_status_values_are_unique,tests/test_phase85_bounded_search_diagnostic_representation.py::test_phase85_2_status_values_are_unique[BoundedProducerSearchStatus.PRODUCER_RETRY_EXHAUSTED],call,passed,0.00018990016542375088,
tests/test_phase85_bounded_search_diagnostic_representation.py::test_phase85_2_status_values_are_unique,tests/test_phase85_bounded_search_diagnostic_representation.py::test_phase85_2_status_values_are_unique[BoundedProducerSearchStatus.PRODUCER_RETRY_EXHAUSTED],teardown,passed,0.0002793001476675272,
tests/test_phase85_bounded_search_diagnostic_representation.py::test_phase85_2_status_values_are_unique,tests/test_phase85_bounded_search_diagnostic_representation.py::test_phase85_2_status_values_are_unique[BoundedProducerSearchStatus.CYCLE_DETECTED],setup,passed,0.0004439998883754015,
tests/test_phase85_bounded_search_diagnostic_representation.py::test_phase85_2_status_values_are_unique,tests/test_phase85_bounded_search_diagnostic_representation.py::test_phase85_2_status_values_are_unique[BoundedProducerSearchStatus.CYCLE_DETECTED],call,passed,0.00027600000612437725,
tests/test_phase85_bounded_search_diagnostic_representation.py::test_phase85_2_status_values_are_unique,tests/test_phase85_bounded_search_diagnostic_representation.py::test_phase85_2_status_values_are_unique[BoundedProducerSearchStatus.CYCLE_DETECTED],teardown,passed,0.00022309995256364346,
tests/test_phase85_bounded_search_diagnostic_representation.py::test_phase85_2_status_values_are_unique,tests/test_phase85_bounded_search_diagnostic_representation.py::test_phase85_2_status_values_are_unique[BoundedProducerSearchStatus.DEPTH_LIMIT],setup,passed,0.00029259989969432354,
tests/test_phase85_bounded_search_diagnostic_representation.py::test_phase85_2_status_values_are_unique,tests/test_phase85_bounded_search_diagnostic_representation.py::test_phase85_2_status_values_are_unique[BoundedProducerSearchStatus.DEPTH_LIMIT],call,passed,0.00027709989808499813,
tests/test_phase85_bounded_search_diagnostic_representation.py::test_phase85_2_status_values_are_unique,tests/test_phase85_bounded_search_diagnostic_representation.py::test_phase85_2_status_values_are_unique[BoundedProducerSearchStatus.DEPTH_LIMIT],teardown,passed,0.0003206001129001379,
tests/test_phase85_bounded_search_diagnostic_representation.py::test_phase85_2_status_values_are_unique,tests/test_phase85_bounded_search_diagnostic_representation.py::test_phase85_2_status_values_are_unique[BoundedProducerSearchStatus.PRODUCER_NOT_APPLICABLE],setup,passed,0.000534099992364645,
tests/test_phase85_bounded_search_diagnostic_representation.py::test_phase85_2_status_values_are_unique,tests/test_phase85_bounded_search_diagnostic_representation.py::test_phase85_2_status_values_are_unique[BoundedProducerSearchStatus.PRODUCER_NOT_APPLICABLE],call,passed,0.00033689988777041435,
tests/test_phase85_bounded_search_diagnostic_representation.py::test_phase85_2_status_values_are_unique,tests/test_phase85_bounded_search_diagnostic_representation.py::test_phase85_2_status_values_are_unique[BoundedProducerSearchStatus.PRODUCER_NOT_APPLICABLE],teardown,passed,0.0003030998632311821,
tests/test_phase85_bounded_search_diagnostic_representation.py::test_phase85_2_status_values_are_unique,tests/test_phase85_bounded_search_diagnostic_representation.py::test_phase85_2_status_values_are_unique[BoundedProducerSearchStatus.PRODUCER_OUTPUT_NOT_USABLE],setup,passed,0.0005297998432070017,
tests/test_phase85_bounded_search_diagnostic_representation.py::test_phase85_2_status_values_are_unique,tests/test_phase85_bounded_search_diagnostic_representation.py::test_phase85_2_status_values_are_unique[BoundedProducerSearchStatus.PRODUCER_OUTPUT_NOT_USABLE],call,passed,0.00039769988507032394,
tests/test_phase85_bounded_search_diagnostic_representation.py::test_phase85_2_status_values_are_unique,tests/test_phase85_bounded_search_diagnostic_representation.py::test_phase85_2_status_values_are_unique[BoundedProducerSearchStatus.PRODUCER_OUTPUT_NOT_USABLE],teardown,passed,0.0003766000736504793,
tests/test_phase85_bounded_search_diagnostic_representation.py::test_phase85_2_status_values_are_unique,tests/test_phase85_bounded_search_diagnostic_representation.py::test_phase85_2_status_values_are_unique[BoundedProducerSearchStatus.FINAL_RULE_NOT_APPLICABLE],setup,passed,0.0006409999914467335,
tests/test_phase85_bounded_search_diagnostic_representation.py::test_phase85_2_status_values_are_unique,tests/test_phase85_bounded_search_diagnostic_representation.py::test_phase85_2_status_values_are_unique[BoundedProducerSearchStatus.FINAL_RULE_NOT_APPLICABLE],call,passed,0.0002937000244855881,
tests/test_phase85_bounded_search_diagnostic_representation.py::test_phase85_2_status_values_are_unique,tests/test_phase85_bounded_search_diagnostic_representation.py::test_phase85_2_status_values_are_unique[BoundedProducerSearchStatus.FINAL_RULE_NOT_APPLICABLE],teardown,passed,0.0002359999343752861,
tests/test_phase85_bounded_search_diagnostic_representation.py::test_phase85_2_status_values_are_unique,tests/test_phase85_bounded_search_diagnostic_representation.py::test_phase85_2_status_values_are_unique[BoundedProducerSearchStatus.GOAL_NOT_DERIVED],setup,passed,0.000317899975925684,
tests/test_phase85_bounded_search_diagnostic_representation.py::test_phase85_2_status_values_are_unique,tests/test_phase85_bounded_search_diagnostic_representation.py::test_phase85_2_status_values_are_unique[BoundedProducerSearchStatus.GOAL_NOT_DERIVED],call,passed,0.00019529997371137142,
tests/test_phase85_bounded_search_diagnostic_representation.py::test_phase85_2_status_values_are_unique,tests/test_phase85_bounded_search_diagnostic_representation.py::test_phase85_2_status_values_are_unique[BoundedProducerSearchStatus.GOAL_NOT_DERIVED],teardown,passed,0.0002763001248240471,
tests/test_phase104_4e_candidate_handoff_validation_representation.py::test_phase104_4e_status_values_are_unique,tests/test_phase104_4e_candidate_handoff_validation_representation.py::test_phase104_4e_status_values_are_unique[RepositoryGeneratorApplicabilityHandoffValidationStatus.READY],setup,passed,0.0003962998744100332,
tests/test_phase104_4e_candidate_handoff_validation_representation.py::test_phase104_4e_status_values_are_unique,tests/test_phase104_4e_candidate_handoff_validation_representation.py::test_phase104_4e_status_values_are_unique[RepositoryGeneratorApplicabilityHandoffValidationStatus.READY],call,passed,0.0002661999315023422,
tests/test_phase104_4e_candidate_handoff_validation_representation.py::test_phase104_4e_status_values_are_unique,tests/test_phase104_4e_candidate_handoff_validation_representation.py::test_phase104_4e_status_values_are_unique[RepositoryGeneratorApplicabilityHandoffValidationStatus.READY],teardown,passed,0.0002888999879360199,
tests/test_phase104_4e_candidate_handoff_validation_representation.py::test_phase104_4e_status_values_are_unique,tests/test_phase104_4e_candidate_handoff_validation_representation.py::test_phase104_4e_status_values_are_unique[RepositoryGeneratorApplicabilityHandoffValidationStatus.RULE_NOT_IN_EXECUTION_CATALOG],setup,passed,0.0003980000037699938,
tests/test_phase104_4e_candidate_handoff_validation_representation.py::test_phase104_4e_status_values_are_unique,tests/test_phase104_4e_candidate_handoff_validation_representation.py::test_phase104_4e_status_values_are_unique[RepositoryGeneratorApplicabilityHandoffValidationStatus.RULE_NOT_IN_EXECUTION_CATALOG],call,passed,0.00020909984596073627,
tests/test_phase104_4e_candidate_handoff_validation_representation.py::test_phase104_4e_status_values_are_unique,tests/test_phase104_4e_candidate_handoff_validation_representation.py::test_phase104_4e_status_values_are_unique[RepositoryGeneratorApplicabilityHandoffValidationStatus.RULE_NOT_IN_EXECUTION_CATALOG],teardown,passed,0.0003559000324457884,
tests/test_phase104_4e_candidate_handoff_validation_representation.py::test_phase104_4e_status_values_are_unique,tests/test_phase104_4e_candidate_handoff_validation_representation.py::test_phase104_4e_status_values_are_unique[RepositoryGeneratorApplicabilityHandoffValidationStatus.RULE_NOT_FIXED_POINT_SAFE],setup,passed,0.0006466999184340239,
tests/test_phase104_4e_candidate_handoff_validation_representation.py::test_phase104_4e_status_values_are_unique,tests/test_phase104_4e_candidate_handoff_validation_representation.py::test_phase104_4e_status_values_are_unique[RepositoryGeneratorApplicabilityHandoffValidationStatus.RULE_NOT_FIXED_POINT_SAFE],call,passed,0.0002655999269336462,
tests/test_phase104_4e_candidate_handoff_validation_representation.py::test_phase104_4e_status_values_are_unique,tests/test_phase104_4e_candidate_handoff_validation_representation.py::test_phase104_4e_status_values_are_unique[RepositoryGeneratorApplicabilityHandoffValidationStatus.RULE_NOT_FIXED_POINT_SAFE],teardown,passed,0.00031359982676804066,
tests/test_phase104_4e_candidate_handoff_validation_representation.py::test_phase104_4e_status_values_are_unique,tests/test_phase104_4e_candidate_handoff_validation_representation.py::test_phase104_4e_status_values_are_unique[RepositoryGeneratorApplicabilityHandoffValidationStatus.GOAL_INCOMPATIBLE],setup,passed,0.0006026001647114754,
tests/test_phase104_4e_candidate_handoff_validation_representation.py::test_phase104_4e_status_values_are_unique,tests/test_phase104_4e_candidate_handoff_validation_representation.py::test_phase104_4e_status_values_are_unique[RepositoryGeneratorApplicabilityHandoffValidationStatus.GOAL_INCOMPATIBLE],call,passed,0.00023939996026456356,
tests/test_phase104_4e_candidate_handoff_validation_representation.py::test_phase104_4e_status_values_are_unique,tests/test_phase104_4e_candidate_handoff_validation_representation.py::test_phase104_4e_status_values_are_unique[RepositoryGeneratorApplicabilityHandoffValidationStatus.GOAL_INCOMPATIBLE],teardown,passed,0.0007090999279171228,
