requested_test_id,collected_instances,collected_count,call_instances,call_count,passed_calls,failed_calls,skipped_calls,setup_or_teardown_failures,root_cause,r3_2d_false_failure_classification,blocking,reason
tests/test_phase100_minimal_generator_resolver.py::test_phase100_3_resolves_plain_family_aliases,tests/test_phase100_minimal_generator_resolver.py::test_phase100_3_resolves_plain_family_aliases[/u03b7-expected0]tests/test_phase100_minimal_generator_resolver.py::test_phase100_3_resolves_plain_family_aliases[eta-expected1]tests/test_phase100_minimal_generator_resolver.py::test_phase100_3_resolves_plain_family_aliases[/u03bd-expected2]tests/test_phase100_minimal_generator_resolver.py::test_phase100_3_resolves_plain_family_aliases[nu-expected3]tests/test_phase100_minimal_generator_resolver.py::test_phase100_3_resolves_plain_family_aliases[/u03c3-expected4]tests/test_phase100_minimal_generator_resolver.py::test_phase100_3_resolves_plain_family_aliases[sigma-expected5]tests/test_phase100_minimal_generator_resolver.py::test_phase100_3_resolves_plain_family_aliases[/u03b9-expected6]tests/test_phase100_minimal_generator_resolver.py::test_phase100_3_resolves_plain_family_aliases[iota-expected7],8,tests/test_phase100_minimal_generator_resolver.py::test_phase100_3_resolves_plain_family_aliases[/u03b7-expected0]tests/test_phase100_minimal_generator_resolver.py::test_phase100_3_resolves_plain_family_aliases[eta-expected1]tests/test_phase100_minimal_generator_resolver.py::test_phase100_3_resolves_plain_family_aliases[/u03bd-expected2]tests/test_phase100_minimal_generator_resolver.py::test_phase100_3_resolves_plain_family_aliases[nu-expected3]tests/test_phase100_minimal_generator_resolver.py::test_phase100_3_resolves_plain_family_aliases[/u03c3-expected4]tests/test_phase100_minimal_generator_resolver.py::test_phase100_3_resolves_plain_family_aliases[sigma-expected5]tests/test_phase100_minimal_generator_resolver.py::test_phase100_3_resolves_plain_family_aliases[/u03b9-expected6]tests/test_phase100_minimal_generator_resolver.py::test_phase100_3_resolves_plain_family_aliases[iota-expected7],8,8,0,0,0,all_parameterized_instances_pass,True,False,Every freshly executed call instance passed. The prior R3-2D 'parameterized with failure' result was caused by treating the synthetic base-level `missing` record from R3-2 as an execution outcome.
tests/test_phase100_minimal_generator_resolver.py::test_phase100_3_resolves_positive_integer_indices,tests/test_phase100_minimal_generator_resolver.py::test_phase100_3_resolves_positive_integer_indices[/u03b7_2-expected0]tests/test_phase100_minimal_generator_resolver.py::test_phase100_3_resolves_positive_integer_indices[eta_2-expected1]tests/test_phase100_minimal_generator_resolver.py::test_phase100_3_resolves_positive_integer_indices[/u03bd_5-expected2]tests/test_phase100_minimal_generator_resolver.py::test_phase100_3_resolves_positive_integer_indices[nu_5-expected3]tests/test_phase100_minimal_generator_resolver.py::test_phase100_3_resolves_positive_integer_indices[/u03c3_8-expected4]tests/test_phase100_minimal_generator_resolver.py::test_phase100_3_resolves_positive_integer_indices[sigma_8-expected5]tests/test_phase100_minimal_generator_resolver.py::test_phase100_3_resolves_positive_integer_indices[/u03b9_4-expected6]tests/test_phase100_minimal_generator_resolver.py::test_phase100_3_resolves_positive_integer_indices[iota_4-expected7],8,tests/test_phase100_minimal_generator_resolver.py::test_phase100_3_resolves_positive_integer_indices[/u03b7_2-expected0]tests/test_phase100_minimal_generator_resolver.py::test_phase100_3_resolves_positive_integer_indices[eta_2-expected1]tests/test_phase100_minimal_generator_resolver.py::test_phase100_3_resolves_positive_integer_indices[/u03bd_5-expected2]tests/test_phase100_minimal_generator_resolver.py::test_phase100_3_resolves_positive_integer_indices[nu_5-expected3]tests/test_phase100_minimal_generator_resolver.py::test_phase100_3_resolves_positive_integer_indices[/u03c3_8-expected4]tests/test_phase100_minimal_generator_resolver.py::test_phase100_3_resolves_positive_integer_indices[sigma_8-expected5]tests/test_phase100_minimal_generator_resolver.py::test_phase100_3_resolves_positive_integer_indices[/u03b9_4-expected6]tests/test_phase100_minimal_generator_resolver.py::test_phase100_3_resolves_positive_integer_indices[iota_4-expected7],8,8,0,0,0,all_parameterized_instances_pass,True,False,Every freshly executed call instance passed. The prior R3-2D 'parameterized with failure' result was caused by treating the synthetic base-level `missing` record from R3-2 as an execution outcome.
tests/test_phase100_minimal_generator_resolver.py::test_phase100_3_rejects_invalid_index_syntax,tests/test_phase100_minimal_generator_resolver.py::test_phase100_3_rejects_invalid_index_syntax[eta_]tests/test_phase100_minimal_generator_resolver.py::test_phase100_3_rejects_invalid_index_syntax[eta_x]tests/test_phase100_minimal_generator_resolver.py::test_phase100_3_rejects_invalid_index_syntax[eta_-1]tests/test_phase100_minimal_generator_resolver.py::test_phase100_3_rejects_invalid_index_syntax[nu__5]tests/test_phase100_minimal_generator_resolver.py::test_phase100_3_rejects_invalid_index_syntax[eta_2_3]tests/test_phase100_minimal_generator_resolver.py::test_phase100_3_rejects_invalid_index_syntax[eta_ 2],6,tests/test_phase100_minimal_generator_resolver.py::test_phase100_3_rejects_invalid_index_syntax[eta_]tests/test_phase100_minimal_generator_resolver.py::test_phase100_3_rejects_invalid_index_syntax[eta_x]tests/test_phase100_minimal_generator_resolver.py::test_phase100_3_rejects_invalid_index_syntax[eta_-1]tests/test_phase100_minimal_generator_resolver.py::test_phase100_3_rejects_invalid_index_syntax[nu__5]tests/test_phase100_minimal_generator_resolver.py::test_phase100_3_rejects_invalid_index_syntax[eta_2_3]tests/test_phase100_minimal_generator_resolver.py::test_phase100_3_rejects_invalid_index_syntax[eta_ 2],6,6,0,0,0,all_parameterized_instances_pass,True,False,Every freshly executed call instance passed. The prior R3-2D 'parameterized with failure' result was caused by treating the synthetic base-level `missing` record from R3-2 as an execution outcome.
tests/test_phase100_minimal_generator_resolver.py::test_phase100_3_rejects_unsupported_free_form_input,"tests/test_phase100_minimal_generator_resolver.py::test_phase100_3_rejects_unsupported_free_form_input[foobar]tests/test_phase100_minimal_generator_resolver.py::test_phase100_3_rejects_unsupported_free_form_input[prime]tests/test_phase100_minimal_generator_resolver.py::test_phase100_3_rejects_unsupported_free_form_input[nu prime]tests/test_phase100_minimal_generator_resolver.py::test_phase100_3_rejects_unsupported_free_form_input[/u03b7/u2082]tests/test_phase100_minimal_generator_resolver.py::test_phase100_3_rejects_unsupported_free_form_input[nu5]tests/test_phase100_minimal_generator_resolver.py::test_phase100_3_rejects_unsupported_free_form_input[{nu,eta,sigma}]",6,"tests/test_phase100_minimal_generator_resolver.py::test_phase100_3_rejects_unsupported_free_form_input[foobar]tests/test_phase100_minimal_generator_resolver.py::test_phase100_3_rejects_unsupported_free_form_input[prime]tests/test_phase100_minimal_generator_resolver.py::test_phase100_3_rejects_unsupported_free_form_input[nu prime]tests/test_phase100_minimal_generator_resolver.py::test_phase100_3_rejects_unsupported_free_form_input[/u03b7/u2082]tests/test_phase100_minimal_generator_resolver.py::test_phase100_3_rejects_unsupported_free_form_input[nu5]tests/test_phase100_minimal_generator_resolver.py::test_phase100_3_rejects_unsupported_free_form_input[{nu,eta,sigma}]",6,6,0,0,0,all_parameterized_instances_pass,True,False,Every freshly executed call instance passed. The prior R3-2D 'parameterized with failure' result was caused by treating the synthetic base-level `missing` record from R3-2 as an execution outcome.
tests/test_phase101_production_element_exploration_facade.py::test_phase101_2_reuses_existing_invalid_input_validation,tests/test_phase101_production_element_exploration_facade.py::test_phase101_2_reuses_existing_invalid_input_validation[]tests/test_phase101_production_element_exploration_facade.py::test_phase101_2_reuses_existing_invalid_input_validation[not_a_generator]tests/test_phase101_production_element_exploration_facade.py::test_phase101_2_reuses_existing_invalid_input_validation[eta_0],3,tests/test_phase101_production_element_exploration_facade.py::test_phase101_2_reuses_existing_invalid_input_validation[]tests/test_phase101_production_element_exploration_facade.py::test_phase101_2_reuses_existing_invalid_input_validation[not_a_generator]tests/test_phase101_production_element_exploration_facade.py::test_phase101_2_reuses_existing_invalid_input_validation[eta_0],3,3,0,0,0,all_parameterized_instances_pass,True,False,Every freshly executed call instance passed. The prior R3-2D 'parameterized with failure' result was caused by treating the synthetic base-level `missing` record from R3-2 as an execution outcome.
tests/test_phase101_production_exploration_validation.py::test_phase101_4_invalid_string_input_reuses_resolver_validation,tests/test_phase101_production_exploration_validation.py::test_phase101_4_invalid_string_input_reuses_resolver_validation[]tests/test_phase101_production_exploration_validation.py::test_phase101_4_invalid_string_input_reuses_resolver_validation[   ]tests/test_phase101_production_exploration_validation.py::test_phase101_4_invalid_string_input_reuses_resolver_validation[not_a_generator]tests/test_phase101_production_exploration_validation.py::test_phase101_4_invalid_string_input_reuses_resolver_validation[nu prime]tests/test_phase101_production_exploration_validation.py::test_phase101_4_invalid_string_input_reuses_resolver_validation[eta_0],5,tests/test_phase101_production_exploration_validation.py::test_phase101_4_invalid_string_input_reuses_resolver_validation[]tests/test_phase101_production_exploration_validation.py::test_phase101_4_invalid_string_input_reuses_resolver_validation[   ]tests/test_phase101_production_exploration_validation.py::test_phase101_4_invalid_string_input_reuses_resolver_validation[not_a_generator]tests/test_phase101_production_exploration_validation.py::test_phase101_4_invalid_string_input_reuses_resolver_validation[nu prime]tests/test_phase101_production_exploration_validation.py::test_phase101_4_invalid_string_input_reuses_resolver_validation[eta_0],5,5,0,0,0,all_parameterized_instances_pass,True,False,Every freshly executed call instance passed. The prior R3-2D 'parameterized with failure' result was caused by treating the synthetic base-level `missing` record from R3-2 as an execution outcome.
tests/test_phase102_cli_proof_scope.py::test_phase102_7_explore_proof_invalid_generator_is_argparse_error,tests/test_phase102_cli_proof_scope.py::test_phase102_7_explore_proof_invalid_generator_is_argparse_error[not_a_generator-unsupported generator family]tests/test_phase102_cli_proof_scope.py::test_phase102_7_explore_proof_invalid_generator_is_argparse_error[nu prime-unsupported generator input]tests/test_phase102_cli_proof_scope.py::test_phase102_7_explore_proof_invalid_generator_is_argparse_error[eta_0-generator index must be positive],3,tests/test_phase102_cli_proof_scope.py::test_phase102_7_explore_proof_invalid_generator_is_argparse_error[not_a_generator-unsupported generator family]tests/test_phase102_cli_proof_scope.py::test_phase102_7_explore_proof_invalid_generator_is_argparse_error[nu prime-unsupported generator input]tests/test_phase102_cli_proof_scope.py::test_phase102_7_explore_proof_invalid_generator_is_argparse_error[eta_0-generator index must be positive],3,3,0,0,0,all_parameterized_instances_pass,True,False,Every freshly executed call instance passed. The prior R3-2D 'parameterized with failure' result was caused by treating the synthetic base-level `missing` record from R3-2 as an execution outcome.
tests/test_phase103_cli_applicability.py::test_phase103_6_explore_applicable_invalid_generator_is_argparse_error,tests/test_phase103_cli_applicability.py::test_phase103_6_explore_applicable_invalid_generator_is_argparse_error[not_a_generator-unsupported generator family]tests/test_phase103_cli_applicability.py::test_phase103_6_explore_applicable_invalid_generator_is_argparse_error[nu prime-unsupported generator input]tests/test_phase103_cli_applicability.py::test_phase103_6_explore_applicable_invalid_generator_is_argparse_error[eta_0-generator index must be positive],3,tests/test_phase103_cli_applicability.py::test_phase103_6_explore_applicable_invalid_generator_is_argparse_error[not_a_generator-unsupported generator family]tests/test_phase103_cli_applicability.py::test_phase103_6_explore_applicable_invalid_generator_is_argparse_error[nu prime-unsupported generator input]tests/test_phase103_cli_applicability.py::test_phase103_6_explore_applicable_invalid_generator_is_argparse_error[eta_0-generator index must be positive],3,3,0,0,0,all_parameterized_instances_pass,True,False,Every freshly executed call instance passed. The prior R3-2D 'parameterized with failure' result was caused by treating the synthetic base-level `missing` record from R3-2 as an execution outcome.
tests/test_phase111_10_proof_replay_depth_cli.py::test_phase111_10_negative_depth_is_parser_error,tests/test_phase111_10_proof_replay_depth_cli.py::test_phase111_10_negative_depth_is_parser_error[argv0]tests/test_phase111_10_proof_replay_depth_cli.py::test_phase111_10_negative_depth_is_parser_error[argv1],2,tests/test_phase111_10_proof_replay_depth_cli.py::test_phase111_10_negative_depth_is_parser_error[argv0]tests/test_phase111_10_proof_replay_depth_cli.py::test_phase111_10_negative_depth_is_parser_error[argv1],2,2,0,0,0,all_parameterized_instances_pass,True,False,Every freshly executed call instance passed. The prior R3-2D 'parameterized with failure' result was caused by treating the synthetic base-level `missing` record from R3-2 as an execution outcome.
tests/test_phase85_bounded_search_diagnostic_representation.py::test_phase85_2_status_values_are_unique,tests/test_phase85_bounded_search_diagnostic_representation.py::test_phase85_2_status_values_are_unique[BoundedProducerSearchStatus.SUCCESS]tests/test_phase85_bounded_search_diagnostic_representation.py::test_phase85_2_status_values_are_unique[BoundedProducerSearchStatus.GOAL_ALREADY_AVAILABLE]tests/test_phase85_bounded_search_diagnostic_representation.py::test_phase85_2_status_values_are_unique[BoundedProducerSearchStatus.NO_FINAL_RULE]tests/test_phase85_bounded_search_diagnostic_representation.py::test_phase85_2_status_values_are_unique[BoundedProducerSearchStatus.AMBIGUOUS_FINAL_RULE]tests/test_phase85_bounded_search_diagnostic_representation.py::test_phase85_2_status_values_are_unique[BoundedProducerSearchStatus.NO_PRODUCER]tests/test_phase85_bounded_search_diagnostic_representation.py::test_phase85_2_status_values_are_unique[BoundedProducerSearchStatus.UNSAFE_PRODUCER]tests/test_phase85_bounded_search_diagnostic_representation.py::test_phase85_2_status_values_are_unique[BoundedProducerSearchStatus.AMBIGUOUS_PRODUCER]tests/test_phase85_bounded_search_diagnostic_representation.py::test_phase85_2_status_values_are_unique[BoundedProducerSearchStatus.PRODUCER_RETRY_EXHAUSTED]tests/test_phase85_bounded_search_diagnostic_representation.py::test_phase85_2_status_values_are_unique[BoundedProducerSearchStatus.CYCLE_DETECTED]tests/test_phase85_bounded_search_diagnostic_representation.py::test_phase85_2_status_values_are_unique[BoundedProducerSearchStatus.DEPTH_LIMIT]tests/test_phase85_bounded_search_diagnostic_representation.py::test_phase85_2_status_values_are_unique[BoundedProducerSearchStatus.PRODUCER_NOT_APPLICABLE]tests/test_phase85_bounded_search_diagnostic_representation.py::test_phase85_2_status_values_are_unique[BoundedProducerSearchStatus.PRODUCER_OUTPUT_NOT_USABLE]tests/test_phase85_bounded_search_diagnostic_representation.py::test_phase85_2_status_values_are_unique[BoundedProducerSearchStatus.FINAL_RULE_NOT_APPLICABLE]tests/test_phase85_bounded_search_diagnostic_representation.py::test_phase85_2_status_values_are_unique[BoundedProducerSearchStatus.GOAL_NOT_DERIVED],14,tests/test_phase85_bounded_search_diagnostic_representation.py::test_phase85_2_status_values_are_unique[BoundedProducerSearchStatus.SUCCESS]tests/test_phase85_bounded_search_diagnostic_representation.py::test_phase85_2_status_values_are_unique[BoundedProducerSearchStatus.GOAL_ALREADY_AVAILABLE]tests/test_phase85_bounded_search_diagnostic_representation.py::test_phase85_2_status_values_are_unique[BoundedProducerSearchStatus.NO_FINAL_RULE]tests/test_phase85_bounded_search_diagnostic_representation.py::test_phase85_2_status_values_are_unique[BoundedProducerSearchStatus.AMBIGUOUS_FINAL_RULE]tests/test_phase85_bounded_search_diagnostic_representation.py::test_phase85_2_status_values_are_unique[BoundedProducerSearchStatus.NO_PRODUCER]tests/test_phase85_bounded_search_diagnostic_representation.py::test_phase85_2_status_values_are_unique[BoundedProducerSearchStatus.UNSAFE_PRODUCER]tests/test_phase85_bounded_search_diagnostic_representation.py::test_phase85_2_status_values_are_unique[BoundedProducerSearchStatus.AMBIGUOUS_PRODUCER]tests/test_phase85_bounded_search_diagnostic_representation.py::test_phase85_2_status_values_are_unique[BoundedProducerSearchStatus.PRODUCER_RETRY_EXHAUSTED]tests/test_phase85_bounded_search_diagnostic_representation.py::test_phase85_2_status_values_are_unique[BoundedProducerSearchStatus.CYCLE_DETECTED]tests/test_phase85_bounded_search_diagnostic_representation.py::test_phase85_2_status_values_are_unique[BoundedProducerSearchStatus.DEPTH_LIMIT]tests/test_phase85_bounded_search_diagnostic_representation.py::test_phase85_2_status_values_are_unique[BoundedProducerSearchStatus.PRODUCER_NOT_APPLICABLE]tests/test_phase85_bounded_search_diagnostic_representation.py::test_phase85_2_status_values_are_unique[BoundedProducerSearchStatus.PRODUCER_OUTPUT_NOT_USABLE]tests/test_phase85_bounded_search_diagnostic_representation.py::test_phase85_2_status_values_are_unique[BoundedProducerSearchStatus.FINAL_RULE_NOT_APPLICABLE]tests/test_phase85_bounded_search_diagnostic_representation.py::test_phase85_2_status_values_are_unique[BoundedProducerSearchStatus.GOAL_NOT_DERIVED],14,14,0,0,0,all_parameterized_instances_pass,True,False,Every freshly executed call instance passed. The prior R3-2D 'parameterized with failure' result was caused by treating the synthetic base-level `missing` record from R3-2 as an execution outcome.
tests/test_phase104_4e_candidate_handoff_validation_representation.py::test_phase104_4e_status_values_are_unique,tests/test_phase104_4e_candidate_handoff_validation_representation.py::test_phase104_4e_status_values_are_unique[RepositoryGeneratorApplicabilityHandoffValidationStatus.READY]tests/test_phase104_4e_candidate_handoff_validation_representation.py::test_phase104_4e_status_values_are_unique[RepositoryGeneratorApplicabilityHandoffValidationStatus.RULE_NOT_IN_EXECUTION_CATALOG]tests/test_phase104_4e_candidate_handoff_validation_representation.py::test_phase104_4e_status_values_are_unique[RepositoryGeneratorApplicabilityHandoffValidationStatus.RULE_NOT_FIXED_POINT_SAFE]tests/test_phase104_4e_candidate_handoff_validation_representation.py::test_phase104_4e_status_values_are_unique[RepositoryGeneratorApplicabilityHandoffValidationStatus.GOAL_INCOMPATIBLE],4,tests/test_phase104_4e_candidate_handoff_validation_representation.py::test_phase104_4e_status_values_are_unique[RepositoryGeneratorApplicabilityHandoffValidationStatus.READY]tests/test_phase104_4e_candidate_handoff_validation_representation.py::test_phase104_4e_status_values_are_unique[RepositoryGeneratorApplicabilityHandoffValidationStatus.RULE_NOT_IN_EXECUTION_CATALOG]tests/test_phase104_4e_candidate_handoff_validation_representation.py::test_phase104_4e_status_values_are_unique[RepositoryGeneratorApplicabilityHandoffValidationStatus.RULE_NOT_FIXED_POINT_SAFE]tests/test_phase104_4e_candidate_handoff_validation_representation.py::test_phase104_4e_status_values_are_unique[RepositoryGeneratorApplicabilityHandoffValidationStatus.GOAL_INCOMPATIBLE],4,4,0,0,0,all_parameterized_instances_pass,True,False,Every freshly executed call instance passed. The prior R3-2D 'parameterized with failure' result was caused by treating the synthetic base-level `missing` record from R3-2 as an execution outcome.
