n,k,group,reference_number,reference_title,statement_index,reference_statement_count,classification,reason,statement,body_occurrence_count,body_line_numbers,body_lines
2,2,pi_4^2,2,(5.2),1,1,body_restatement_required,the body occurrence is embedded in proof prose without a direct Reference-only form; R1 conservatively treats it as body-needed,$\eta_{2}\circ -: \pi_{i}^{3} \to \pi_{i}^{2}$ は同型写像である.,1,8,"これらから, $\eta_{2}\circ -: \pi_{i}^{3} \to \pi_{i}^{2}$ は同型写像である."
3,2,pi_5^3,1,Proposition 5.3,1,4,reference_side_overfull,the Reference currently exposes multiple selected statements; R2 must decide from consumer usage whether this duplicated component is actually required,$E: \pi_{4}^{2} \to \pi_{5}^{3}$ は同型写像である.,1,5,"これらから, $E: \pi_{4}^{2} \to \pi_{5}^{3}$ は同型写像である."
3,2,pi_5^3,1,Proposition 5.3,2,4,reference_side_overfull,the Reference currently exposes multiple selected statements; R2 must decide from consumer usage whether this duplicated component is actually required,$E\eta_{2}\eta_{3} = \eta_{3}^{2}$,1,8,"これらから, $E\eta_{2}\eta_{3} = \eta_{3}^{2}$を得る."
3,2,pi_5^3,1,Proposition 5.3,3,4,reference_side_overfull,the Reference currently exposes multiple selected statements; R2 must decide from consumer usage whether this duplicated component is actually required,$E: \pi_{4}^{2} \to \pi_{5}^{3}$ は単射である.,1,3,"まず, $E: \pi_{4}^{2} \to \pi_{5}^{3}$ は単射である."
3,2,pi_5^3,1,Proposition 5.3,4,4,reference_side_overfull,the Reference currently exposes multiple selected statements; R2 must decide from consumer usage whether this duplicated component is actually required,$E: \pi_{4}^{2} \to \pi_{5}^{3}$ は全射である.,1,4,"さらに, $E: \pi_{4}^{2} \to \pi_{5}^{3}$ は全射である."
3,3,pi_6^3,1,Proposition 5.6,1,5,reference_side_overfull,the Reference currently exposes multiple selected statements; R2 must decide from consumer usage whether this duplicated component is actually required,$\operatorname{ord}\left(\nu'\right) = 4$,1,51,$\operatorname{ord}\left(\nu'\right) = 4$
3,3,pi_6^3,1,Proposition 5.6,2,5,reference_side_overfull,the Reference currently exposes multiple selected statements; R2 must decide from consumer usage whether this duplicated component is actually required,$\pi_{5}^{2} = \mathbb{Z}/2\{\eta_{2}\eta_{3}\eta_{4}\}$,1,41,$\pi_{5}^{2} = \mathbb{Z}/2\{\eta_{2}\eta_{3}\eta_{4}\}$
3,3,pi_6^3,1,Proposition 5.6,3,5,reference_side_overfull,the Reference currently exposes multiple selected statements; R2 must decide from consumer usage whether this duplicated component is actually required,$E: \pi_{5}^{2} \to \pi_{6}^{3}$ は単射である.,1,46,$E: \pi_{5}^{2} \to \pi_{6}^{3}$ は単射である.
3,3,pi_6^3,1,Proposition 5.6,4,5,reference_side_overfull,the Reference currently exposes multiple selected statements; R2 must decide from consumer usage whether this duplicated component is actually required,$\operatorname{ord}\left(\eta_{3}^{3}\right) = 2$,1,35,$\operatorname{ord}\left(\eta_{3}^{3}\right) = 2$
3,3,pi_6^3,2,(5.3),1,2,reference_side_overfull,the Reference currently exposes multiple selected statements; R2 must decide from consumer usage whether this duplicated component is actually required,$\nu' \in \pi_{6}^{3}$,1,4,$\nu' \in \pi_{6}^{3}$
3,3,pi_6^3,2,(5.3),2,2,reference_side_overfull,the Reference currently exposes multiple selected statements; R2 must decide from consumer usage whether this duplicated component is actually required,$2\nu' = \eta_{3}E\eta_{3}\eta_{5}$,1,5,$2\nu' = \eta_{3}E\eta_{3}\eta_{5}$
3,3,pi_6^3,3,Proposition 5.3,1,2,reference_side_overfull,the Reference currently exposes multiple selected statements; R2 must decide from consumer usage whether this duplicated component is actually required,$H: \pi_{6}^{3} \to \pi_{6}^{5}$ は全射である.,1,7,$H: \pi_{6}^{3} \to \pi_{6}^{5}$ は全射である.
3,3,pi_6^3,3,Proposition 5.3,2,2,reference_side_overfull,the Reference currently exposes multiple selected statements; R2 must decide from consumer usage whether this duplicated component is actually required,$\pi_{5}^{3} = \mathbb{Z}/2\{\eta_{3}\eta_{4}\}$,1,8,$\pi_{5}^{3} = \mathbb{Z}/2\{\eta_{3}\eta_{4}\}$
3,3,pi_6^3,4,Lemma 5.4,1,1,unnecessary_duplicate,the selected Reference statement is repeated as a standalone body line and carries no additional derivation context,$\pi_{6}^{5} = \mathbb{Z}/2\{\eta_{5}\}$,1,10,$\pi_{6}^{5} = \mathbb{Z}/2\{\eta_{5}\}$
3,3,pi_6^3,5,(5.3) / Lemma 5.2,1,1,unnecessary_duplicate,the selected Reference statement is repeated as a standalone body line and carries no additional derivation context,"$\nu' \in \{\eta_{3}, 2\iota_{4}, \eta_{4}\}_{1}$ が成り立つ.",1,12,"$\nu' \in \{\eta_{3}, 2\iota_{4}, \eta_{4}\}_{1}$ が成り立つ."
3,3,pi_6^3,6,(5.2),1,1,unnecessary_duplicate,the selected Reference statement is repeated as a standalone body line and carries no additional derivation context,$\eta_{2}\circ -: \pi_{i}^{3} \to \pi_{i}^{2}$ は同型写像である.,1,14,$\eta_{2}\circ -: \pi_{i}^{3} \to \pi_{i}^{2}$ は同型写像である.
3,3,pi_6^3,7,Proposition 5.1,1,1,unnecessary_duplicate,the selected Reference statement is repeated as a standalone body line and carries no additional derivation context,"$\pi_{3}^{2} = \mathbb{Z}\{\eta_{2}\}$, $H\left(\eta_{2}\right) = \iota_{3}$, $\Delta\left(\iota_{5}\right) = \pm 2\eta_{2}$, $\pi_{n + 1}^{n} = \mathbb{Z}/2\{\eta_{n}\}$ が成り立つ.",1,16,"$\pi_{3}^{2} = \mathbb{Z}\{\eta_{2}\}$, $H\left(\eta_{2}\right) = \iota_{3}$, $\Delta\left(\iota_{5}\right) = \pm 2\eta_{2}$, $\pi_{n + 1}^{n} = \mathbb{Z}/2\{\eta_{n}\}$ が成り立つ."
3,4,pi_7^3,1,Proposition 5.8,1,1,body_restatement_required,the body occurrence is embedded in proof prose without a direct Reference-only form; R1 conservatively treats it as body-needed,$H: \pi_{7}^{3} \to \pi_{7}^{5}$ は単射である.,1,2,"まず, $H: \pi_{7}^{3} \to \pi_{7}^{5}$ は単射である."
3,5,pi_8^3,1,Proposition 5.9,1,7,reference_side_overfull,the Reference currently exposes multiple selected statements; R2 must decide from consumer usage whether this duplicated component is actually required,$H: \pi_{8}^{3} \to \pi_{8}^{5}$ は単射である.,1,5,"これらから, $H: \pi_{8}^{3} \to \pi_{8}^{5}$ は単射である."
3,5,pi_8^3,1,Proposition 5.9,2,7,reference_side_overfull,the Reference currently exposes multiple selected statements; R2 must decide from consumer usage whether this duplicated component is actually required,$\pi_{8}^{3} \xrightarrow{H} \pi_{8}^{5} \xrightarrow{Δ} \pi_{6}^{2}$ は完全である.,1,7,"このことから, $\pi_{8}^{3} \xrightarrow{H} \pi_{8}^{5} \xrightarrow{Δ} \pi_{6}^{2}$ は完全である."
3,5,pi_8^3,1,Proposition 5.9,3,7,reference_side_overfull,the Reference currently exposes multiple selected statements; R2 must decide from consumer usage whether this duplicated component is actually required,$\ker\left(\Delta: \pi_{8}^{5} \to \pi_{6}^{2}\right) = \mathbb{Z}/2\{4\nu_{5}\}$,1,11,"これらから, $\ker\left(\Delta: \pi_{8}^{5} \to \pi_{6}^{2}\right) = \mathbb{Z}/2\{4\nu_{5}\}$を得る."
3,5,pi_8^3,1,Proposition 5.9,4,7,reference_side_overfull,the Reference currently exposes multiple selected statements; R2 must decide from consumer usage whether this duplicated component is actually required,$H\left(\nu'\eta_{6}\eta_{7}\right) = 4\nu_{5}$,1,12,"[R3]より, $H\left(\nu'\eta_{6}\eta_{7}\right) = 4\nu_{5}$"
3,5,pi_8^3,1,Proposition 5.9,5,7,reference_side_overfull,the Reference currently exposes multiple selected statements; R2 must decide from consumer usage whether this duplicated component is actually required,$E\eta_{2}\nu'\eta_{6} = 0$,1,3,"このことから, $E\eta_{2}\nu'\eta_{6} = 0$を得る."
3,5,pi_8^3,1,Proposition 5.9,6,7,reference_side_overfull,the Reference currently exposes multiple selected statements; R2 must decide from consumer usage whether this duplicated component is actually required,$\pi_{7}^{2} = \mathbb{Z}/2\{\eta_{2}\nu'\eta_{6}\}$,1,2,"まず, $\pi_{7}^{2} = \mathbb{Z}/2\{\eta_{2}\nu'\eta_{6}\}$を用いる."
3,5,pi_8^3,1,Proposition 5.9,7,7,reference_side_overfull,the Reference currently exposes multiple selected statements; R2 must decide from consumer usage whether this duplicated component is actually required,$\pi_{7}^{2} \xrightarrow{E} \pi_{8}^{3} \xrightarrow{H} \pi_{8}^{5}$ は完全である.,1,4,"さらに, $\pi_{7}^{2} \xrightarrow{E} \pi_{8}^{3} \xrightarrow{H} \pi_{8}^{5}$ は完全である."
3,6,pi_9^3,1,Proposition 5.11,1,6,reference_side_overfull,the Reference currently exposes multiple selected statements; R2 must decide from consumer usage whether this duplicated component is actually required,$H: \pi_{9}^{3} \to \pi_{9}^{5}$ は単射である.,1,4,"これらから, $H: \pi_{9}^{3} \to \pi_{9}^{5}$ は単射である."
3,6,pi_9^3,1,Proposition 5.11,2,6,reference_side_overfull,the Reference currently exposes multiple selected statements; R2 must decide from consumer usage whether this duplicated component is actually required,$\Delta: \pi_{9}^{5} \to \pi_{7}^{2}$ は単射である.,1,6,"[R1]より, $\Delta: \pi_{9}^{5} \to \pi_{7}^{2}$ は単射である."
3,6,pi_9^3,1,Proposition 5.11,3,6,reference_side_overfull,the Reference currently exposes multiple selected statements; R2 must decide from consumer usage whether this duplicated component is actually required,$\pi_{9}^{3} \xrightarrow{H} \pi_{9}^{5} \xrightarrow{Δ} \pi_{7}^{2}$ は完全である.,1,9,"このことから, $\pi_{9}^{3} \xrightarrow{H} \pi_{9}^{5} \xrightarrow{Δ} \pi_{7}^{2}$ は完全である."
3,6,pi_9^3,1,Proposition 5.11,4,6,reference_side_overfull,the Reference currently exposes multiple selected statements; R2 must decide from consumer usage whether this duplicated component is actually required,$E: \pi_{8}^{2} \to \pi_{9}^{3} \text{ is the zero map}$,1,2,"まず, $E: \pi_{8}^{2} \to \pi_{9}^{3} \text{ is the zero map}$を用いる."
3,6,pi_9^3,1,Proposition 5.11,5,6,reference_side_overfull,the Reference currently exposes multiple selected statements; R2 must decide from consumer usage whether this duplicated component is actually required,$\pi_{8}^{2} \xrightarrow{E} \pi_{9}^{3} \xrightarrow{H} \pi_{9}^{5}$ は完全である.,1,3,"さらに, $\pi_{8}^{2} \xrightarrow{E} \pi_{9}^{3} \xrightarrow{H} \pi_{9}^{5}$ は完全である."
3,6,pi_9^3,1,Proposition 5.11,6,6,reference_side_overfull,the Reference currently exposes multiple selected statements; R2 must decide from consumer usage whether this duplicated component is actually required,$\Delta: \pi_{9}^{5} \to \pi_{7}^{2}$ は全射である.,1,5,"まず, $\Delta: \pi_{9}^{5} \to \pi_{7}^{2}$ は全射である."
3,7,pi_10^3,1,Proposition 5.15,1,2,reference_side_overfull,the Reference currently exposes multiple selected statements; R2 must decide from consumer usage whether this duplicated component is actually required,$\pi_{9}^{2} = 0$,1,3,"このことから, $\pi_{9}^{2} = 0$を得る."
3,7,pi_10^3,1,Proposition 5.15,2,2,reference_side_overfull,the Reference currently exposes multiple selected statements; R2 must decide from consumer usage whether this duplicated component is actually required,$\pi_{9}^{2} \xrightarrow{E} \pi_{10}^{3} \xrightarrow{H} \pi_{10}^{5}$ は完全である.,1,4,"さらに, $\pi_{9}^{2} \xrightarrow{E} \pi_{10}^{3} \xrightarrow{H} \pi_{10}^{5}$ は完全である."
4,2,pi_6^4,1,Proposition 5.3,1,7,reference_side_overfull,the Reference currently exposes multiple selected statements; R2 must decide from consumer usage whether this duplicated component is actually required,$\pi_{5}^{3} = \mathbb{Z}/2\{\eta_{3}\eta_{4}\}$,1,2,"[R1]より, $\pi_{5}^{3} = \mathbb{Z}/2\{\eta_{3}\eta_{4}\}$"
4,2,pi_6^4,1,Proposition 5.3,2,7,reference_side_overfull,the Reference currently exposes multiple selected statements; R2 must decide from consumer usage whether this duplicated component is actually required,$E: \pi_{5}^{3} \to \pi_{6}^{4}$ は同型写像である.,1,7,"これらから, $E: \pi_{5}^{3} \to \pi_{6}^{4}$ は同型写像である."
4,2,pi_6^4,1,Proposition 5.3,3,7,reference_side_overfull,the Reference currently exposes multiple selected statements; R2 must decide from consumer usage whether this duplicated component is actually required,$E\eta_{3}\eta_{4} = \eta_{4}^{2}$,1,10,"これらから, $E\eta_{3}\eta_{4} = \eta_{4}^{2}$を得る."
4,2,pi_6^4,1,Proposition 5.3,4,7,reference_side_overfull,the Reference currently exposes multiple selected statements; R2 must decide from consumer usage whether this duplicated component is actually required,$E: \pi_{4}^{2} \to \pi_{5}^{3}$ は同型写像である.,1,3,"また, $E: \pi_{4}^{2} \to \pi_{5}^{3}$ は同型写像である."
4,2,pi_6^4,1,Proposition 5.3,5,7,reference_side_overfull,the Reference currently exposes multiple selected statements; R2 must decide from consumer usage whether this duplicated component is actually required,$E\eta_{2}\eta_{3} = \eta_{3}^{2}$,1,4,"さらに, $E\eta_{2}\eta_{3} = \eta_{3}^{2}$を用いる."
4,2,pi_6^4,1,Proposition 5.3,6,7,reference_side_overfull,the Reference currently exposes multiple selected statements; R2 must decide from consumer usage whether this duplicated component is actually required,$E: \pi_{5}^{3} \to \pi_{6}^{4}$ は単射である.,1,5,"まず, $E: \pi_{5}^{3} \to \pi_{6}^{4}$ は単射である."
4,2,pi_6^4,1,Proposition 5.3,7,7,reference_side_overfull,the Reference currently exposes multiple selected statements; R2 must decide from consumer usage whether this duplicated component is actually required,$E: \pi_{5}^{3} \to \pi_{6}^{4}$ は全射である.,1,6,"さらに, $E: \pi_{5}^{3} \to \pi_{6}^{4}$ は全射である."
4,3,pi_7^4,1,Proposition 5.6,1,4,reference_side_overfull,the Reference currently exposes multiple selected statements; R2 must decide from consumer usage whether this duplicated component is actually required,$\pi_{6}^{3} = \mathbb{Z}/4\{\nu'\}$,1,6,"[R2]より, $\pi_{6}^{3} = \mathbb{Z}/4\{\nu'\}$"
4,3,pi_7^4,1,Proposition 5.6,2,4,reference_side_overfull,the Reference currently exposes multiple selected statements; R2 must decide from consumer usage whether this duplicated component is actually required,$\operatorname{ord}\left(\nu'\right) = 4$,1,5,"まず, $\operatorname{ord}\left(\nu'\right) = 4$を用いる."
4,3,pi_7^4,1,Proposition 5.6,3,4,reference_side_overfull,the Reference currently exposes multiple selected statements; R2 must decide from consumer usage whether this duplicated component is actually required,$\pi_{5}^{2} = \mathbb{Z}/2\{\eta_{2}\eta_{3}\eta_{4}\}$,1,7,"また, $\pi_{5}^{2} = \mathbb{Z}/2\{\eta_{2}\eta_{3}\eta_{4}\}$を用いる."
4,3,pi_7^4,1,Proposition 5.6,4,4,reference_side_overfull,the Reference currently exposes multiple selected statements; R2 must decide from consumer usage whether this duplicated component is actually required,$E: \pi_{5}^{2} \to \pi_{6}^{3}$ は単射である.,1,8,"また, $E: \pi_{5}^{2} \to \pi_{6}^{3}$ は単射である."
4,4,pi_8^4,1,Proposition 5.8,1,2,reference_side_overfull,the Reference currently exposes multiple selected statements; R2 must decide from consumer usage whether this duplicated component is actually required,$\pi_{7}^{3} = \mathbb{Z}/2\{\nu'\eta_{6}\}$,1,5,"[R3]より, $\pi_{7}^{3} = \mathbb{Z}/2\{\nu'\eta_{6}\}$"
4,4,pi_8^4,1,Proposition 5.8,2,2,reference_side_overfull,the Reference currently exposes multiple selected statements; R2 must decide from consumer usage whether this duplicated component is actually required,$E\nu'\eta_{6} = E\nu'\eta_{7}$,1,7,"[R1]より, $E\nu'\eta_{6} = E\nu'\eta_{7}$"
4,5,pi_9^4,1,Proposition 5.9,1,6,reference_side_overfull,the Reference currently exposes multiple selected statements; R2 must decide from consumer usage whether this duplicated component is actually required,$\pi_{8}^{3} = \mathbb{Z}/2\{\nu'\eta_{6}\eta_{7}\}$,1,8,"これらから, $\pi_{8}^{3} = \mathbb{Z}/2\{\nu'\eta_{6}\eta_{7}\}$を得る."
4,5,pi_9^4,1,Proposition 5.9,2,6,reference_side_overfull,the Reference currently exposes multiple selected statements; R2 must decide from consumer usage whether this duplicated component is actually required,$E\nu'\eta_{6}\eta_{7} = E\nu'\eta_{7}^{2}$,1,9,"[R1]より, $E\nu'\eta_{6}\eta_{7} = E\nu'\eta_{7}^{2}$"
4,5,pi_9^4,1,Proposition 5.9,3,6,reference_side_overfull,the Reference currently exposes multiple selected statements; R2 must decide from consumer usage whether this duplicated component is actually required,$H: \pi_{8}^{3} \to \pi_{8}^{5}$ は単射である.,1,4,"まず, $H: \pi_{8}^{3} \to \pi_{8}^{5}$ は単射である."
4,5,pi_9^4,1,Proposition 5.9,4,6,reference_side_overfull,the Reference currently exposes multiple selected statements; R2 must decide from consumer usage whether this duplicated component is actually required,$\pi_{8}^{3} \xrightarrow{H} \pi_{8}^{5} \xrightarrow{Δ} \pi_{6}^{2}$ は完全である.,1,5,"また, $\pi_{8}^{3} \xrightarrow{H} \pi_{8}^{5} \xrightarrow{Δ} \pi_{6}^{2}$ は完全である."
4,5,pi_9^4,1,Proposition 5.9,5,6,reference_side_overfull,the Reference currently exposes multiple selected statements; R2 must decide from consumer usage whether this duplicated component is actually required,$\ker\left(\Delta: \pi_{8}^{5} \to \pi_{6}^{2}\right) = \mathbb{Z}/2\{4\nu_{5}\}$,1,6,"また, $\ker\left(\Delta: \pi_{8}^{5} \to \pi_{6}^{2}\right) = \mathbb{Z}/2\{4\nu_{5}\}$を用いる."
4,5,pi_9^4,1,Proposition 5.9,6,6,reference_side_overfull,the Reference currently exposes multiple selected statements; R2 must decide from consumer usage whether this duplicated component is actually required,$H\left(\nu'\eta_{6}\eta_{7}\right) = 4\nu_{5}$,1,7,"さらに, $H\left(\nu'\eta_{6}\eta_{7}\right) = 4\nu_{5}$を用いる."
4,6,pi_10^4,1,Proposition 5.11,1,5,reference_side_overfull,the Reference currently exposes multiple selected statements; R2 must decide from consumer usage whether this duplicated component is actually required,$\pi_{9}^{3} = 0$,1,10,$\pi_{9}^{3} = 0$
4,6,pi_10^4,1,Proposition 5.11,2,5,reference_side_overfull,the Reference currently exposes multiple selected statements; R2 must decide from consumer usage whether this duplicated component is actually required,$\pi_{10}^{7} = \mathbb{Z}/8\{\nu_{7}\}$,1,12,$\pi_{10}^{7} = \mathbb{Z}/8\{\nu_{7}\}$
4,6,pi_10^4,2,Proposition 5.6,1,1,unnecessary_duplicate,the selected Reference statement is repeated as a standalone body line and carries no additional derivation context,"$\pi_{5}^{2} = \mathbb{Z}/2\{\eta_{2}\eta_{3}\eta_{4}\}$, $\pi_{6}^{3} = \mathbb{Z}/4\{\nu'\}$, $\pi_{7}^{4} = \mathbb{Z}\{\nu_{4}\} \oplus \mathbb{Z}/4\{E\nu'\}$, $\pi_{8}^{5} = \mathbb{Z}/8\{\nu_{5}\}$, $\pi_{n + 3}^{n} = \mathbb{Z}/8\{\nu_{n}\}$, $n \ge 6$ が成り立つ.",1,4,"$\pi_{5}^{2} = \mathbb{Z}/2\{\eta_{2}\eta_{3}\eta_{4}\}$, $\pi_{6}^{3} = \mathbb{Z}/4\{\nu'\}$, $\pi_{7}^{4} = \mathbb{Z}\{\nu_{4}\} \oplus \mathbb{Z}/4\{E\nu'\}$, $\pi_{8}^{5} = \mathbb{Z}/8\{\nu_{5}\}$, $\pi_{n + 3}^{n} = \mathbb{Z}/8\{\nu_{n}\}$, $n \ge 6$ が成り立つ."
4,6,pi_10^4,3,Lemma 5.4,1,1,unnecessary_duplicate,the selected Reference statement is repeated as a standalone body line and carries no additional derivation context,"$\nu_{4} \in \pi_{7}^{4}$, $H\left(\nu_{4}\right) = \iota_{7}$, $2E\nu_{4} = E^{2}\nu'$ が成り立つ.",1,6,"$\nu_{4} \in \pi_{7}^{4}$, $H\left(\nu_{4}\right) = \iota_{7}$, $2E\nu_{4} = E^{2}\nu'$ が成り立つ."
4,7,pi_11^4,1,Proposition 5.15,1,3,reference_side_overfull,the Reference currently exposes multiple selected statements; R2 must decide from consumer usage whether this duplicated component is actually required,$\pi_{10}^{3} = 0$,1,5,"これらから, $\pi_{10}^{3} = 0$を得る."
4,7,pi_11^4,1,Proposition 5.15,2,3,reference_side_overfull,the Reference currently exposes multiple selected statements; R2 must decide from consumer usage whether this duplicated component is actually required,$\Delta: \pi_{10}^{5} \to \pi_{8}^{2}$ は単射である.,1,3,"また, $\Delta: \pi_{10}^{5} \to \pi_{8}^{2}$ は単射である."
4,7,pi_11^4,1,Proposition 5.15,3,3,reference_side_overfull,the Reference currently exposes multiple selected statements; R2 must decide from consumer usage whether this duplicated component is actually required,$\pi_{10}^{3} \xrightarrow{H} \pi_{10}^{5} \xrightarrow{Δ} \pi_{8}^{2}$ は完全である.,1,4,"さらに, $\pi_{10}^{3} \xrightarrow{H} \pi_{10}^{5} \xrightarrow{Δ} \pi_{8}^{2}$ は完全である."
5,4,pi_9^5,1,Proposition 5.8,1,9,reference_side_overfull,the Reference currently exposes multiple selected statements; R2 must decide from consumer usage whether this duplicated component is actually required,$\pi_{8}^{4} = \mathbb{Z}/2\{\nu_{4}\eta_{7}\} \oplus \mathbb{Z}/2\{E\nu'\eta_{7}\}$,1,6,"これらから, $\pi_{8}^{4} = \mathbb{Z}/2\{\nu_{4}\eta_{7}\} \oplus \mathbb{Z}/2\{E\nu'\eta_{7}\}$を得る."
5,4,pi_9^5,1,Proposition 5.8,2,9,reference_side_overfull,the Reference currently exposes multiple selected statements; R2 must decide from consumer usage whether this duplicated component is actually required,$\Delta\left(\eta_{9}\right) = E\nu'\eta_{7}$,1,7,"[R2]より, $\Delta\left(\eta_{9}\right) = E\nu'\eta_{7}$"
5,4,pi_9^5,1,Proposition 5.8,3,9,reference_side_overfull,the Reference currently exposes multiple selected statements; R2 must decide from consumer usage whether this duplicated component is actually required,$\pi_{10}^{9} \xrightarrow{Δ} \pi_{8}^{4} \xrightarrow{E} \pi_{9}^{5}$ は完全である.,1,10,"このことから, $\pi_{10}^{9} \xrightarrow{Δ} \pi_{8}^{4} \xrightarrow{E} \pi_{9}^{5}$ は完全である."
5,4,pi_9^5,1,Proposition 5.8,4,9,reference_side_overfull,the Reference currently exposes multiple selected statements; R2 must decide from consumer usage whether this duplicated component is actually required,$E: \pi_{8}^{4} \to \pi_{9}^{5}$ は全射である.,1,13,"これらから, $E: \pi_{8}^{4} \to \pi_{9}^{5}$ は全射である."
5,4,pi_9^5,1,Proposition 5.8,5,9,reference_side_overfull,the Reference currently exposes multiple selected statements; R2 must decide from consumer usage whether this duplicated component is actually required,$E\nu_{4}\eta_{7} = \nu_{5}\eta_{8}$,1,15,"これらから, $E\nu_{4}\eta_{7} = \nu_{5}\eta_{8}$を得る."
5,4,pi_9^5,1,Proposition 5.8,6,9,reference_side_overfull,the Reference currently exposes multiple selected statements; R2 must decide from consumer usage whether this duplicated component is actually required,$\pi_{7}^{3} = \mathbb{Z}/2\{\nu'\eta_{6}\}$,1,3,"また, $\pi_{7}^{3} = \mathbb{Z}/2\{\nu'\eta_{6}\}$を用いる."
5,4,pi_9^5,1,Proposition 5.8,7,9,reference_side_overfull,the Reference currently exposes multiple selected statements; R2 must decide from consumer usage whether this duplicated component is actually required,$E\nu'\eta_{6} = E\nu'\eta_{7}$,1,5,"これらから, $E\nu'\eta_{6} = E\nu'\eta_{7}$を得る."
5,4,pi_9^5,1,Proposition 5.8,8,9,reference_side_overfull,the Reference currently exposes multiple selected statements; R2 must decide from consumer usage whether this duplicated component is actually required,$H: \pi_{9}^{5} \to \pi_{9}^{9}$ は零写像である.,1,11,"まず, $H: \pi_{9}^{5} \to \pi_{9}^{9}$ は零写像である."
5,4,pi_9^5,1,Proposition 5.8,9,9,reference_side_overfull,the Reference currently exposes multiple selected statements; R2 must decide from consumer usage whether this duplicated component is actually required,$\pi_{8}^{4} \xrightarrow{E} \pi_{9}^{5} \xrightarrow{H} \pi_{9}^{9}$ は完全である.,1,12,"さらに, $\pi_{8}^{4} \xrightarrow{E} \pi_{9}^{5} \xrightarrow{H} \pi_{9}^{9}$ は完全である."
5,5,pi_10^5,1,Proposition 5.9,1,9,reference_side_overfull,the Reference currently exposes multiple selected statements; R2 must decide from consumer usage whether this duplicated component is actually required,$\pi_{9}^{4} = \mathbb{Z}/2\{\nu_{4}\eta_{7}\eta_{8}\} \oplus \mathbb{Z}/2\{E\nu'\eta_{7}\eta_{8}\}$,1,6,"これらから, $\pi_{9}^{4} = \mathbb{Z}/2\{\nu_{4}\eta_{7}\eta_{8}\} \oplus \mathbb{Z}/2\{E\nu'\eta_{7}\eta_{8}\}$を得る."
5,5,pi_10^5,1,Proposition 5.9,2,9,reference_side_overfull,the Reference currently exposes multiple selected statements; R2 must decide from consumer usage whether this duplicated component is actually required,$\Delta\left(\eta_{9}\eta_{10}\right) = E\nu'\eta_{7}^{2}$,1,8,"これらから, $\Delta\left(\eta_{9}\eta_{10}\right) = E\nu'\eta_{7}^{2}$を得る."
5,5,pi_10^5,1,Proposition 5.9,3,9,reference_side_overfull,the Reference currently exposes multiple selected statements; R2 must decide from consumer usage whether this duplicated component is actually required,$\pi_{11}^{9} \xrightarrow{Δ} \pi_{9}^{4} \xrightarrow{E} \pi_{10}^{5}$ は完全である.,1,11,"このことから, $\pi_{11}^{9} \xrightarrow{Δ} \pi_{9}^{4} \xrightarrow{E} \pi_{10}^{5}$ は完全である."
5,5,pi_10^5,1,Proposition 5.9,4,9,reference_side_overfull,the Reference currently exposes multiple selected statements; R2 must decide from consumer usage whether this duplicated component is actually required,$E: \pi_{9}^{4} \to \pi_{10}^{5}$ は全射である.,1,14,"これらから, $E: \pi_{9}^{4} \to \pi_{10}^{5}$ は全射である."
5,5,pi_10^5,1,Proposition 5.9,5,9,reference_side_overfull,the Reference currently exposes multiple selected statements; R2 must decide from consumer usage whether this duplicated component is actually required,$E\nu_{4}\eta_{7}\eta_{8} = \nu_{5}\eta_{8}^{2}$,1,16,"これらから, $E\nu_{4}\eta_{7}\eta_{8} = \nu_{5}\eta_{8}^{2}$を得る."
5,5,pi_10^5,1,Proposition 5.9,6,9,reference_side_overfull,the Reference currently exposes multiple selected statements; R2 must decide from consumer usage whether this duplicated component is actually required,$\pi_{8}^{3} = \mathbb{Z}/2\{\nu'\eta_{6}\eta_{7}\}$,1,3,"また, $\pi_{8}^{3} = \mathbb{Z}/2\{\nu'\eta_{6}\eta_{7}\}$を用いる."
5,5,pi_10^5,1,Proposition 5.9,7,9,reference_side_overfull,the Reference currently exposes multiple selected statements; R2 must decide from consumer usage whether this duplicated component is actually required,$E\nu'\eta_{6}\eta_{7} = E\nu'\eta_{7}^{2}$,1,5,"これらから, $E\nu'\eta_{6}\eta_{7} = E\nu'\eta_{7}^{2}$を得る."
5,5,pi_10^5,1,Proposition 5.9,8,9,reference_side_overfull,the Reference currently exposes multiple selected statements; R2 must decide from consumer usage whether this duplicated component is actually required,$H: \pi_{10}^{5} \to \pi_{10}^{9}$ は零写像である.,1,12,"まず, $H: \pi_{10}^{5} \to \pi_{10}^{9}$ は零写像である."
5,5,pi_10^5,1,Proposition 5.9,9,9,reference_side_overfull,the Reference currently exposes multiple selected statements; R2 must decide from consumer usage whether this duplicated component is actually required,$\pi_{9}^{4} \xrightarrow{E} \pi_{10}^{5} \xrightarrow{H} \pi_{10}^{9}$ は完全である.,1,13,"さらに, $\pi_{9}^{4} \xrightarrow{E} \pi_{10}^{5} \xrightarrow{H} \pi_{10}^{9}$ は完全である."
5,6,pi_11^5,1,Proposition 5.11,1,2,reference_side_overfull,the Reference currently exposes multiple selected statements; R2 must decide from consumer usage whether this duplicated component is actually required,$\pi_{10}^{4} = \mathbb{Z}/8\{\nu_{4}\nu_{7}\}$,1,7,"これらから, $\pi_{10}^{4} = \mathbb{Z}/8\{\nu_{4}\nu_{7}\}$を得る."
5,6,pi_11^5,1,Proposition 5.11,2,2,reference_side_overfull,the Reference currently exposes multiple selected statements; R2 must decide from consumer usage whether this duplicated component is actually required,$\pi_{9}^{3} = 0$,1,4,"まず, $\pi_{9}^{3} = 0$を用いる."
5,7,pi_12^5,2,Lemma 5.13,1,1,unnecessary_duplicate,the selected Reference statement is repeated as a standalone body line and carries no additional derivation context,"$\sigma''' \in \{\nu_{5}, 8\iota_{8}, \nu_{8}\}_{3}$, $H(\sigma''') = 4\nu_{9}$ が成り立つ.",1,4,"$\sigma''' \in \{\nu_{5}, 8\iota_{8}, \nu_{8}\}_{3}$, $H(\sigma''') = 4\nu_{9}$ が成り立つ."
5,7,pi_12^5,3,Proposition 5.11,1,2,reference_side_overfull,the Reference currently exposes multiple selected statements; R2 must decide from consumer usage whether this duplicated component is actually required,$\pi_{12}^{9} = \mathbb{Z}/8\{\nu_{9}\}$,1,6,$\pi_{12}^{9} = \mathbb{Z}/8\{\nu_{9}\}$
5,7,pi_12^5,3,Proposition 5.11,2,2,reference_side_overfull,the Reference currently exposes multiple selected statements; R2 must decide from consumer usage whether this duplicated component is actually required,"$\pi_{8}^{2} = \mathbb{Z}/2\{\eta_{2}\nu'\eta_{6}\eta_{7}\}$, $\pi_{9}^{3} = 0$, $\pi_{10}^{4} = \mathbb{Z}/8\{\nu_{4}\nu_{7}\}$, $\pi_{11}^{5} = \mathbb{Z}/2\{\nu_{5}\nu_{8}\}$, $\pi_{12}^{6} = \mathbb{Z}/2\{\nu_{6}\nu_{9}\}$, $\pi_{13}^{7} = \mathbb{Z}/2\{\nu_{7}\nu_{10}\}$, $\pi_{14}^{8} = \mathbb{Z}/2\{\nu_{8}\nu_{11}\}$, $\pi_{n + 6}^{n} = \mathbb{Z}/2\{\nu_{n}\nu_{n + 3}\}$, $n \ge 9$ が成り立つ.",1,7,"$\pi_{8}^{2} = \mathbb{Z}/2\{\eta_{2}\nu'\eta_{6}\eta_{7}\}$, $\pi_{9}^{3} = 0$, $\pi_{10}^{4} = \mathbb{Z}/8\{\nu_{4}\nu_{7}\}$, $\pi_{11}^{5} = \mathbb{Z}/2\{\nu_{5}\nu_{8}\}$, $\pi_{12}^{6} = \mathbb{Z}/2\{\nu_{6}\nu_{9}\}$, $\pi_{13}^{7} = \mathbb{Z}/2\{\nu_{7}\nu_{10}\}$, $\pi_{14}^{8} = \mathbb{Z}/2\{\nu_{8}\nu_{11}\}$, $\pi_{n + 6}^{n} = \mathbb{Z}/2\{\nu_{n}\nu_{n + 3}\}$, $n \ge 9$ が成り立つ."
5,7,pi_12^5,4,Equation 5.13,1,1,unnecessary_duplicate,the selected Reference statement is repeated as a standalone body line and carries no additional derivation context,$\Delta\left(\nu_{9}\right) = \pm 2\nu_{4}\nu_{7}$,1,9,$\Delta\left(\nu_{9}\right) = \pm 2\nu_{4}\nu_{7}$
5,7,pi_12^5,5,(5.5),1,1,unnecessary_duplicate,the selected Reference statement is repeated as a standalone body line and carries no additional derivation context,"$\nu_{n} = E^{n - 4}\nu_{4}$, $n \ge 5$, $2\nu_{n} = E^{n - 3}\nu'$, $4\nu_{n} = \eta_{n}\eta_{n + 1}\eta_{n + 2}$ が成り立つ.",1,11,"$\nu_{n} = E^{n - 4}\nu_{4}$, $n \ge 5$, $2\nu_{n} = E^{n - 3}\nu'$, $4\nu_{n} = \eta_{n}\eta_{n + 1}\eta_{n + 2}$ が成り立つ."
6,5,pi_11^6,1,Proposition 5.9,1,7,reference_side_overfull,the Reference currently exposes multiple selected statements; R2 must decide from consumer usage whether this duplicated component is actually required,$H: \pi_{11}^{6} \to \pi_{11}^{11}$ は単射である.,1,5,"これらから, $H: \pi_{11}^{6} \to \pi_{11}^{11}$ は単射である."
6,5,pi_11^6,1,Proposition 5.9,2,7,reference_side_overfull,the Reference currently exposes multiple selected statements; R2 must decide from consumer usage whether this duplicated component is actually required,$\pi_{11}^{6} \xrightarrow{H} \pi_{11}^{11} \xrightarrow{Δ} \pi_{9}^{5}$ は完全である.,1,7,"このことから, $\pi_{11}^{6} \xrightarrow{H} \pi_{11}^{11} \xrightarrow{Δ} \pi_{9}^{5}$ は完全である."
6,5,pi_11^6,1,Proposition 5.9,3,7,reference_side_overfull,the Reference currently exposes multiple selected statements; R2 must decide from consumer usage whether this duplicated component is actually required,$\ker\Delta = \mathbb{Z}\{2\iota_{11}\}$ が成り立つ.,1,11,"これらから, $\ker\Delta = \mathbb{Z}\{2\iota_{11}\}$ が成り立つ."
6,5,pi_11^6,1,Proposition 5.9,4,7,reference_side_overfull,the Reference currently exposes multiple selected statements; R2 must decide from consumer usage whether this duplicated component is actually required,$H(\Delta\left(\iota_{13}\right)) = \pm 2\iota_{11}$ が成り立つ.,1,13,"このことから, $H(\Delta\left(\iota_{13}\right)) = \pm 2\iota_{11}$ が成り立つ."
6,5,pi_11^6,1,Proposition 5.9,5,7,reference_side_overfull,the Reference currently exposes multiple selected statements; R2 must decide from consumer usage whether this duplicated component is actually required,$E\nu_{5}\eta_{8}\eta_{9} = 0$,1,3,"このことから, $E\nu_{5}\eta_{8}\eta_{9} = 0$を得る."
6,5,pi_11^6,1,Proposition 5.9,6,7,reference_side_overfull,the Reference currently exposes multiple selected statements; R2 must decide from consumer usage whether this duplicated component is actually required,$\pi_{10}^{5} = \mathbb{Z}/2\{\nu_{5}\eta_{8}\eta_{9}\}$,1,2,"まず, $\pi_{10}^{5} = \mathbb{Z}/2\{\nu_{5}\eta_{8}\eta_{9}\}$を用いる."
6,5,pi_11^6,1,Proposition 5.9,7,7,reference_side_overfull,the Reference currently exposes multiple selected statements; R2 must decide from consumer usage whether this duplicated component is actually required,$\pi_{10}^{5} \xrightarrow{E} \pi_{11}^{6} \xrightarrow{H} \pi_{11}^{11}$ は完全である.,1,4,"さらに, $\pi_{10}^{5} \xrightarrow{E} \pi_{11}^{6} \xrightarrow{H} \pi_{11}^{11}$ は完全である."
6,6,pi_12^6,1,Proposition 5.11,1,1,body_restatement_required,the body occurrence is embedded in proof prose without a direct Reference-only form; R1 conservatively treats it as body-needed,$\pi_{10}^{4} = \mathbb{Z}/8\{\nu_{4}\nu_{7}\}$,1,3,"また, $\pi_{10}^{4} = \mathbb{Z}/8\{\nu_{4}\nu_{7}\}$を用いる."
6,7,pi_13^6,1,Proposition 5.15,1,2,reference_side_overfull,the Reference currently exposes multiple selected statements; R2 must decide from consumer usage whether this duplicated component is actually required,$\pi_{12}^{5} = \mathbb{Z}/2\{\sigma'''\}$,1,12,"[R5]より, $\pi_{12}^{5} = \mathbb{Z}/2\{\sigma'''\}$"
6,7,pi_13^6,1,Proposition 5.15,2,2,reference_side_overfull,the Reference currently exposes multiple selected statements; R2 must decide from consumer usage whether this duplicated component is actually required,"$H: \pi_{12}^{5} \xrightarrow{\cong} \mathbb{Z}/2\{4\nu_{9}\}$, $H(\sigma''') = 4\nu_{9}$ が成り立つ.",1,11,"まず, $H: \pi_{12}^{5} \xrightarrow{\cong} \mathbb{Z}/2\{4\nu_{9}\}$, $H(\sigma''') = 4\nu_{9}$ が成り立つ."
7,5,pi_12^7,1,Proposition 5.9,1,5,reference_side_overfull,the Reference currently exposes multiple selected statements; R2 must decide from consumer usage whether this duplicated component is actually required,$\Delta: \pi_{13}^{13} \to \pi_{11}^{6}$ は全射である.,1,5,"これらから, $\Delta: \pi_{13}^{13} \to \pi_{11}^{6}$ は全射である."
7,5,pi_12^7,1,Proposition 5.9,2,5,reference_side_overfull,the Reference currently exposes multiple selected statements; R2 must decide from consumer usage whether this duplicated component is actually required,$\pi_{13}^{13} \xrightarrow{Δ} \pi_{11}^{6} \xrightarrow{E} \pi_{12}^{7}$ は完全である.,1,7,"このことから, $\pi_{13}^{13} \xrightarrow{Δ} \pi_{11}^{6} \xrightarrow{E} \pi_{12}^{7}$ は完全である."
7,5,pi_12^7,1,Proposition 5.9,3,5,reference_side_overfull,the Reference currently exposes multiple selected statements; R2 must decide from consumer usage whether this duplicated component is actually required,$E: \pi_{11}^{6} \to \pi_{12}^{7}$ は全射である.,1,10,"これらから, $E: \pi_{11}^{6} \to \pi_{12}^{7}$ は全射である."
7,5,pi_12^7,1,Proposition 5.9,4,5,reference_side_overfull,the Reference currently exposes multiple selected statements; R2 must decide from consumer usage whether this duplicated component is actually required,$\pi_{11}^{6} = \mathbb{Z}\{\Delta\left(\iota_{13}\right)\}$,1,4,"さらに, $\pi_{11}^{6} = \mathbb{Z}\{\Delta\left(\iota_{13}\right)\}$を用いる."
7,5,pi_12^7,1,Proposition 5.9,5,5,reference_side_overfull,the Reference currently exposes multiple selected statements; R2 must decide from consumer usage whether this duplicated component is actually required,$\pi_{11}^{6} \xrightarrow{E} \pi_{12}^{7} \xrightarrow{H} \pi_{12}^{13}$ は完全である.,1,9,"さらに, $\pi_{11}^{6} \xrightarrow{E} \pi_{12}^{7} \xrightarrow{H} \pi_{12}^{13}$ は完全である."
7,6,pi_13^7,1,Proposition 5.11,1,6,reference_side_overfull,the Reference currently exposes multiple selected statements; R2 must decide from consumer usage whether this duplicated component is actually required,$\pi_{12}^{6} = \mathbb{Z}/2\{\nu_{6}\nu_{9}\}$,1,5,"これらから, $\pi_{12}^{6} = \mathbb{Z}/2\{\nu_{6}\nu_{9}\}$を得る."
7,6,pi_13^7,1,Proposition 5.11,2,6,reference_side_overfull,the Reference currently exposes multiple selected statements; R2 must decide from consumer usage whether this duplicated component is actually required,$E: \pi_{12}^{6} \to \pi_{13}^{7}$ は同型写像である.,1,8,"これらから, $E: \pi_{12}^{6} \to \pi_{13}^{7}$ は同型写像である."
7,6,pi_13^7,1,Proposition 5.11,3,6,reference_side_overfull,the Reference currently exposes multiple selected statements; R2 must decide from consumer usage whether this duplicated component is actually required,$\pi_{11}^{5} = \mathbb{Z}/2\{\nu_{5}\nu_{8}\}$,1,3,"まず, $\pi_{11}^{5} = \mathbb{Z}/2\{\nu_{5}\nu_{8}\}$を用いる."
7,6,pi_13^7,1,Proposition 5.11,4,6,reference_side_overfull,the Reference currently exposes multiple selected statements; R2 must decide from consumer usage whether this duplicated component is actually required,$E: \pi_{11}^{5} \to \pi_{12}^{6}$ は同型写像である.,1,4,"さらに, $E: \pi_{11}^{5} \to \pi_{12}^{6}$ は同型写像である."
7,6,pi_13^7,1,Proposition 5.11,5,6,reference_side_overfull,the Reference currently exposes multiple selected statements; R2 must decide from consumer usage whether this duplicated component is actually required,$E: \pi_{12}^{6} \to \pi_{13}^{7}$ は単射である.,1,6,"まず, $E: \pi_{12}^{6} \to \pi_{13}^{7}$ は単射である."
7,6,pi_13^7,1,Proposition 5.11,6,6,reference_side_overfull,the Reference currently exposes multiple selected statements; R2 must decide from consumer usage whether this duplicated component is actually required,$E: \pi_{12}^{6} \to \pi_{13}^{7}$ は全射である.,1,7,"さらに, $E: \pi_{12}^{6} \to \pi_{13}^{7}$ は全射である."
7,7,pi_14^7,1,Proposition 5.15,1,2,reference_side_overfull,the Reference currently exposes multiple selected statements; R2 must decide from consumer usage whether this duplicated component is actually required,$\pi_{13}^{6} = \mathbb{Z}/4\{\sigma''\}$,1,17,"これらから, $\pi_{13}^{6} = \mathbb{Z}/4\{\sigma''\}$を得る."
7,7,pi_14^7,1,Proposition 5.15,2,2,reference_side_overfull,the Reference currently exposes multiple selected statements; R2 must decide from consumer usage whether this duplicated component is actually required,$\pi_{12}^{5} = \mathbb{Z}/2\{\sigma'''\}$,1,16,"また, $\pi_{12}^{5} = \mathbb{Z}/2\{\sigma'''\}$を用いる."
8,6,pi_14^8,1,Proposition 5.11,1,4,reference_side_overfull,the Reference currently exposes multiple selected statements; R2 must decide from consumer usage whether this duplicated component is actually required,$\pi_{13}^{7} = \mathbb{Z}/2\{\nu_{7}\nu_{10}\}$,1,5,"これらから, $\pi_{13}^{7} = \mathbb{Z}/2\{\nu_{7}\nu_{10}\}$を得る."
8,6,pi_14^8,1,Proposition 5.11,2,4,reference_side_overfull,the Reference currently exposes multiple selected statements; R2 must decide from consumer usage whether this duplicated component is actually required,$E: \pi_{13}^{7} \to \pi_{14}^{8}$ は同型写像である.,1,8,"これらから, $E: \pi_{13}^{7} \to \pi_{14}^{8}$ は同型写像である."
8,6,pi_14^8,1,Proposition 5.11,3,4,reference_side_overfull,the Reference currently exposes multiple selected statements; R2 must decide from consumer usage whether this duplicated component is actually required,$\pi_{12}^{6} = \mathbb{Z}/2\{\nu_{6}\nu_{9}\}$,1,3,"まず, $\pi_{12}^{6} = \mathbb{Z}/2\{\nu_{6}\nu_{9}\}$を用いる."
8,6,pi_14^8,1,Proposition 5.11,4,4,reference_side_overfull,the Reference currently exposes multiple selected statements; R2 must decide from consumer usage whether this duplicated component is actually required,$E: \pi_{12}^{6} \to \pi_{13}^{7}$ は同型写像である.,1,4,"さらに, $E: \pi_{12}^{6} \to \pi_{13}^{7}$ は同型写像である."
9,7,pi_16^9,1,Proposition 5.15,1,3,reference_side_overfull,the Reference currently exposes multiple selected statements; R2 must decide from consumer usage whether this duplicated component is actually required,$\pi_{12}^{5} = \mathbb{Z}/2\{\sigma'''\}$,1,26,$\pi_{12}^{5} = \mathbb{Z}/2\{\sigma'''\}$
9,7,pi_16^9,1,Proposition 5.15,2,3,reference_side_overfull,the Reference currently exposes multiple selected statements; R2 must decide from consumer usage whether this duplicated component is actually required,$\pi_{14}^{7} = \mathbb{Z}/8\{\sigma'\}$,1,17,$\pi_{14}^{7} = \mathbb{Z}/8\{\sigma'\}$
9,7,pi_16^9,2,Lemma 5.14,1,2,reference_side_overfull,the Reference currently exposes multiple selected statements; R2 must decide from consumer usage whether this duplicated component is actually required,"$\sigma_{8} = xα* + -1\,y\Delta\left(\iota_{17}\right)$, $H\left(\sigma_{8}\right) = \iota_{15}$, $E\sigma_{8} = xEα*$, $2E\sigma_{8} = E^{2}\sigma'$ が成り立つ.",1,4,"$\sigma_{8} = xα* + -1\,y\Delta\left(\iota_{17}\right)$, $H\left(\sigma_{8}\right) = \iota_{15}$, $E\sigma_{8} = xEα*$, $2E\sigma_{8} = E^{2}\sigma'$ が成り立つ."
9,7,pi_16^9,2,Lemma 5.14,2,2,reference_side_overfull,the Reference currently exposes multiple selected statements; R2 must decide from consumer usage whether this duplicated component is actually required,"$2\sigma' = E\sigma''$, $H\left(\sigma'\right) = \eta_{13}$ が成り立つ.",1,5,"$2\sigma' = E\sigma''$, $H\left(\sigma'\right) = \eta_{13}$ が成り立つ."
9,7,pi_16^9,3,Theorem 3.6,1,1,unnecessary_duplicate,the selected Reference statement is repeated as a standalone body line and carries no additional derivation context,"$8\,xEα* = E^{4}\sigma'''$ が成り立つ.",1,7,"$8\,xEα* = E^{4}\sigma'''$ が成り立つ."
9,7,pi_16^9,4,Lemma 5.13,1,1,unnecessary_duplicate,the selected Reference statement is repeated as a standalone body line and carries no additional derivation context,"$\sigma''' \in \{\nu_{5}, 8\iota_{8}, \nu_{8}\}_{3}$, $H(\sigma''') = 4\nu_{9}$ が成り立つ.",1,9,"$\sigma''' \in \{\nu_{5}, 8\iota_{8}, \nu_{8}\}_{3}$, $H(\sigma''') = 4\nu_{9}$ が成り立つ."
