status,printed_page,pdf_page,item,old_tex,new_tex,finding
CONFIRMED_CORRECTION,12,8,"Proposition 1.6, second condition","\gamma=\Ex\gamma' \ (X=\Ex X,\ W=\Ex W')","\gamma=\Ex\gamma' \ (X=\Ex X',\ W=\Ex W')",原本では X=EX'。転記中の X=EX を訂正する。
CONFIRMED_CORRECTION,14,10,"Proposition 1.9, extension domain","\overline\beta\in[X\cup_f CW, Y]","\overline\beta\in[X\cup_\gamma CW, Y]",原本では X∪_γ CW。添字 f を γ に訂正する。
PENDING_FULL_COMPARISON,10,6,Proposition 1.3,,,全文・全添字・証明の原典照合は未完了
PENDING_FULL_COMPARISON,11,7,Proposition 1.4,,,全文・全添字・証明の原典照合は未完了
PENDING_FULL_COMPARISON,12,8,Proposition 1.5,,,全文・全添字・証明の原典照合は未完了
PENDING_FULL_COMPARISON,12,8,Proposition 1.6: remaining conditions and proof,,,全文・全添字・証明の原典照合は未完了
PENDING_FULL_COMPARISON,13,9,Proposition 1.7: statement and proof,,,全文・全添字・証明の原典照合は未完了
PENDING_FULL_COMPARISON,14,10,Proposition 1.8: statement and proof,,,全文・全添字・証明の原典照合は未完了
PENDING_FULL_COMPARISON,14,10,Proposition 1.9: remaining conditions and proof,,,全文・全添字・証明の原典照合は未完了
