file,line,kind,symbol,explicit_key,mapping_status
audit_phase144_6_r5_21.py,147,repository_factory_candidate,build_missing_fact_traces,,not_verified
audit_phase144_6_r5_24.py,180,repository_factory_candidate,build_visible_fact_body_traces,,not_verified
audit_phase144_6_r5_27.py,229,repository_factory_candidate,build_required_fact_coverage,,not_verified
audit_phase162_r3a_presentation.py,81,entry_constructor_site,ProofRepositoryEntry,phase162_r3a_audit_pi5_3,not_verified
audit_phase162_r3b_existing_renderer.py,30,entry_constructor_site,ProofRepositoryEntry,phase162_r3b_audit_pi5_3,not_verified
barratt_hilton_rules.py,36,statement_or_definition_class,HomotopyGroupMembershipStatement,,not_verified
composition_scalar_rules.py,31,statement_or_definition_class,IdentityMapStatement,,not_verified
ehp_rules.py,22,statement_or_definition_class,EHPZeroCompositionStatement,,not_verified
generator_facts.py,154,entry_constructor_site,GeneratorTypingFact,,not_verified
generator_facts.py,161,entry_constructor_site,GeneratorAmbientGroupFact,,not_verified
generator_facts.py,174,entry_constructor_site,GeneratorTypingFact,,not_verified
generator_facts.py,181,entry_constructor_site,GeneratorAmbientGroupFact,,not_verified
generator_facts.py,200,entry_constructor_site,GeneratorTypingFact,,not_verified
generator_facts.py,207,entry_constructor_site,GeneratorAmbientGroupFact,,not_verified
homomorphism_rules.py,25,statement_or_definition_class,HomomorphismStatement,,not_verified
homotopy_groups.py,31,statement_or_definition_class,FiniteHomotopyGroupStatement,,not_verified
homotopy_groups.py,49,statement_or_definition_class,PrimaryComponentMembershipStatement,,not_verified
homotopy_groups.py,61,statement_or_definition_class,TodaPrimaryGroupMembershipStatement,,not_verified
homotopy_groups.py,85,statement_or_definition_class,TodaPrimaryGroupZeroStatement,,not_verified
homotopy_groups.py,90,statement_or_definition_class,TodaSuspensionIsomorphismStatement,,not_verified
hopf_rules.py,30,statement_or_definition_class,HopfInvariantStatement,,not_verified
hopf_rules.py,38,statement_or_definition_class,HopfCompositionLawStatement,,not_verified
hopf_rules.py,44,statement_or_definition_class,HopfLeftCompositionLawStatement,,not_verified
indeterminacy_rules.py,25,statement_or_definition_class,CosetMembershipStatement,,not_verified
indeterminacy_rules.py,31,statement_or_definition_class,SignIndeterminacyStatement,,not_verified
indeterminacy_rules.py,37,statement_or_definition_class,CoefficientIndeterminacyStatement,,not_verified
map_property_rules.py,16,statement_or_definition_class,InjectiveMapStatement,,not_verified
map_property_rules.py,21,statement_or_definition_class,IsomorphismStatement,,not_verified
proof.py,56,statement_or_definition_class,LiteratureStatement,,not_verified
proof.py,1135,statement_or_definition_class,KernelStatement,,not_verified
proof.py,1141,statement_or_definition_class,ImageStatement,,not_verified
proof.py,1147,statement_or_definition_class,CokernelStatement,,not_verified
proof.py,1192,statement_or_definition_class,ExactnessStatement,,not_verified
repository_element_exploration.py,113,repository_factory_candidate,build_repository_generator_exploration,,not_verified
repository_element_presentation.py,406,repository_factory_candidate,build_repository_generator_exploration_presentation,,not_verified
repository_foundational_group_specialization.py,205,entry_constructor_site,ProofRepositoryEntry,,not_verified
repository_foundational_group_specialization.py,239,entry_constructor_site,ProofRepositoryEntry,,not_verified
repository_foundational_group_specialization.py,267,entry_constructor_site,ProofRepositoryEntry,,not_verified
repository_generator_applicability_execution_entry.py,249,registry_or_factory_call_site,register,,not_verified
repository_generator_applicability_execution_entry.py,315,registry_or_factory_call_site,register,,not_verified
repository_generator_applicability_execution_seed.py,10,repository_factory_candidate,build_repository_generator_applicability_execution_seed_repository,,not_verified
repository_generator_applicability_execution_seed.py,32,registry_or_factory_call_site,register,,not_verified
repository_generator_applicability_execution_seed.py,33,entry_constructor_site,ProofRepositoryEntry,,not_verified
repository_generator_applicability_handoff.py,345,repository_factory_candidate,build_repository_generator_applicability_handoff_search_report,,not_verified
repository_generator_applicability_handoff.py,311,registry_or_factory_call_site,register,,not_verified
repository_generator_applicability_presentation.py,625,repository_factory_candidate,build_repository_generator_applicability_presentation,,not_verified
repository_generator_known_group_identity_presentation.py,51,repository_factory_candidate,build_repository_generator_known_group_identity_presentation,,not_verified
repository_generator_known_group_identity_presentation.py,105,repository_factory_candidate,build_standard_repository_generator_known_group_identity_presentation_input,,not_verified
repository_generator_known_group_proof_replay.py,259,repository_factory_candidate,build_standard_repository_generator_known_group_proof_replay_input,,not_verified
repository_generator_known_group_proof_replay_presentation.py,59,repository_factory_candidate,build_repository_generator_known_group_proof_replay_presentation,,not_verified
repository_generator_production_application_execution_seed.py,11,repository_factory_candidate,build_repository_generator_production_application_execution_seed_repository,,not_verified
repository_generator_production_application_execution_seed.py,52,registry_or_factory_call_site,register,,not_verified
repository_generator_production_application_execution_seed.py,53,entry_constructor_site,ProofRepositoryEntry,,not_verified
repository_generator_user_execution_candidate_presentation.py,144,repository_factory_candidate,build_repository_generator_user_execution_candidate_list_presentation,,not_verified
repository_generator_user_execution_presentation.py,103,repository_factory_candidate,build_repository_generator_user_execution_presentation,,not_verified
repository_operation_query_presentation.py,150,repository_factory_candidate,build_repository_operation_query_presentation,,not_verified
repository_operation_query_proof_replay.py,281,repository_factory_candidate,build_repository_operation_query_proof_replay,,not_verified
repository_operation_query_proof_replay_presentation.py,62,repository_factory_candidate,build_repository_operation_query_proof_replay_presentation,,not_verified
repository_operation_query_proof_replay_statement_presentation.py,159,repository_factory_candidate,build_repository_operation_query_proof_replay_statement_presentation,,not_verified
repository_proof_scope.py,146,repository_factory_candidate,build_repository_entry_proof_scope,,not_verified
repository_proof_scope.py,224,repository_factory_candidate,build_repository_proof_scope,,not_verified
repository_theorem_pattern_exploration.py,46,repository_factory_candidate,build_repository_theorem_pattern_occurrences,,not_verified
scalar_rules.py,19,statement_or_definition_class,OddScalarStatement,,not_verified
scalar_rules.py,24,statement_or_definition_class,EvenScalarStatement,,not_verified
scalar_rules.py,29,statement_or_definition_class,ScalarGreaterEqualStatement,,not_verified
scalar_rules.py,35,statement_or_definition_class,ScalarCongruenceStatement,,not_verified
scalar_rules.py,42,statement_or_definition_class,ScalarSignEvaluationStatement,,not_verified
set_rules.py,61,statement_or_definition_class,ModuloStatement,,not_verified
set_rules.py,68,statement_or_definition_class,CosetEqualityStatement,,not_verified
set_rules.py,74,statement_or_definition_class,MembershipStatement,,not_verified
set_rules.py,80,statement_or_definition_class,SubsetStatement,,not_verified
set_rules.py,86,statement_or_definition_class,SubgroupEqualityStatement,,not_verified
stable_rules.py,19,statement_or_definition_class,SuspensionMapStatement,,not_verified
stable_rules.py,25,statement_or_definition_class,SuspensionIsomorphismStatement,,not_verified
stable_rules.py,30,statement_or_definition_class,SuspensionEpimorphismStatement,,not_verified
stable_rules.py,35,statement_or_definition_class,SuspensionInjectiveStatement,,not_verified
stable_rules.py,40,statement_or_definition_class,SuspensionMapEqualityStatement,,not_verified
stable_rules.py,47,statement_or_definition_class,SuspensionMapZeroStatement,,not_verified
standard_production_applicability_catalog.py,790,registry_or_factory_call_site,register,,not_verified
standard_production_applicability_catalog.py,1028,registry_or_factory_call_site,register,,not_verified
standard_production_applicability_catalog.py,1105,registry_or_factory_call_site,register,,not_verified
standard_production_applicability_catalog.py,1168,registry_or_factory_call_site,register,,not_verified
standard_production_applicability_catalog.py,1246,registry_or_factory_call_site,register,,not_verified
standard_production_applicability_catalog.py,1344,registry_or_factory_call_site,register,,not_verified
standard_production_applicability_catalog.py,1421,registry_or_factory_call_site,register,,not_verified
standard_production_applicability_catalog.py,1501,registry_or_factory_call_site,register,,not_verified
standard_production_applicability_catalog.py,1580,registry_or_factory_call_site,register,,not_verified
standard_production_applicability_catalog.py,1659,registry_or_factory_call_site,register,,not_verified
standard_production_applicability_catalog.py,1738,registry_or_factory_call_site,register,,not_verified
standard_production_applicability_catalog.py,1817,registry_or_factory_call_site,register,,not_verified
standard_production_applicability_catalog.py,1896,registry_or_factory_call_site,register,,not_verified
standard_production_applicability_catalog.py,1975,registry_or_factory_call_site,register,,not_verified
standard_production_applicability_catalog.py,2054,registry_or_factory_call_site,register,,not_verified
standard_production_applicability_catalog.py,2133,registry_or_factory_call_site,register,,not_verified
standard_production_applicability_catalog.py,2212,registry_or_factory_call_site,register,,not_verified
standard_production_applicability_catalog.py,2291,registry_or_factory_call_site,register,,not_verified
standard_production_applicability_catalog.py,2371,registry_or_factory_call_site,register,,not_verified
standard_production_applicability_catalog.py,2451,registry_or_factory_call_site,register,,not_verified
standard_production_applicability_catalog.py,2532,registry_or_factory_call_site,register,,not_verified
standard_production_applicability_catalog.py,2610,registry_or_factory_call_site,register,,not_verified
standard_production_applicability_catalog.py,2688,registry_or_factory_call_site,register,,not_verified
standard_production_applicability_catalog.py,2766,registry_or_factory_call_site,register,,not_verified
standard_production_applicability_catalog.py,2844,registry_or_factory_call_site,register,,not_verified
standard_production_applicability_catalog.py,2922,registry_or_factory_call_site,register,,not_verified
standard_production_applicability_catalog.py,3000,registry_or_factory_call_site,register,,not_verified
standard_production_applicability_catalog.py,3078,registry_or_factory_call_site,register,,not_verified
standard_production_applicability_catalog.py,3157,registry_or_factory_call_site,register,,not_verified
standard_production_applicability_catalog.py,3234,registry_or_factory_call_site,register,,not_verified
standard_production_applicability_catalog.py,3311,registry_or_factory_call_site,register,,not_verified
standard_production_applicability_catalog.py,3388,registry_or_factory_call_site,register,,not_verified
standard_production_applicability_catalog.py,3477,registry_or_factory_call_site,register,,not_verified
standard_production_repository.py,12,repository_factory_candidate,build_standard_production_proof_repository,,not_verified
standard_production_repository.py,24,registry_or_factory_call_site,build_standard_proof_repository,,not_verified
standard_repository.py,36,repository_factory_candidate,build_standard_proof_repository,,not_verified
standard_repository.py,66,entry_constructor_site,ProofRepositoryEntry,standard.toda.prop56,not_verified
standard_repository.py,72,entry_constructor_site,ProofRepositoryEntry,standard.toda.prop58,not_verified
standard_repository.py,78,entry_constructor_site,ProofRepositoryEntry,standard.toda.prop511,not_verified
standard_repository.py,84,entry_constructor_site,ProofRepositoryEntry,standard.toda.prop515,not_verified
standard_repository.py,93,registry_or_factory_call_site,register,,not_verified
theorem_facts.py,72,entry_constructor_site,TheoremFactEntry,,not_verified
toda_calculation.py,441,entry_constructor_site,ProofRepositoryEntry,,not_verified
toda_calculation.py,638,entry_constructor_site,ProofRepositoryEntry,,not_verified
toda_calculation.py,793,entry_constructor_site,ProofRepositoryEntry,standard.toda.prop515::pi16_9,not_verified
toda_calculation.py,335,entry_constructor_site,ProofRepositoryEntry,,not_verified
toda_calculation.py,706,entry_constructor_site,ProofRepositoryEntry,,not_verified
toda_calculation.py,856,entry_constructor_site,ProofRepositoryEntry,,not_verified
toda_calculation_goal_normalization.py,53,entry_constructor_site,ProofRepositoryEntry,,not_verified
toda_general_reference_schema.py,22,statement_or_definition_class,GeneralReferenceStatement,,not_verified
toda_literature_statement_boundary.py,96,entry_constructor_site,TodaFixedStatementComponent,,not_verified
toda_literature_statement_boundary.py,108,entry_constructor_site,TodaFixedStatementComponent,,not_verified
toda_literature_statement_boundary.py,116,entry_constructor_site,TodaFixedStatementComponent,,not_verified
toda_literature_statement_boundary.py,124,entry_constructor_site,TodaFixedStatementComponent,,not_verified
toda_literature_statement_boundary.py,132,entry_constructor_site,TodaFixedStatementComponent,,not_verified
toda_literature_statement_boundary.py,140,entry_constructor_site,TodaFixedStatementComponent,,not_verified
toda_literature_statement_boundary.py,148,entry_constructor_site,TodaFixedStatementComponent,,not_verified
toda_literature_statement_boundary.py,160,entry_constructor_site,TodaFixedStatementComponent,,not_verified
toda_literature_statement_boundary.py,168,entry_constructor_site,TodaFixedStatementComponent,,not_verified
toda_literature_statement_boundary.py,176,entry_constructor_site,TodaFixedStatementComponent,,not_verified
toda_literature_statement_boundary.py,184,entry_constructor_site,TodaFixedStatementComponent,,not_verified
toda_literature_statement_boundary.py,196,entry_constructor_site,TodaFixedStatementComponent,,not_verified
toda_literature_statement_boundary.py,204,entry_constructor_site,TodaFixedStatementComponent,,not_verified
toda_literature_statement_boundary.py,212,entry_constructor_site,TodaFixedStatementComponent,,not_verified
toda_literature_statement_boundary.py,220,entry_constructor_site,TodaFixedStatementComponent,,not_verified
toda_literature_statement_boundary.py,232,entry_constructor_site,TodaFixedStatementComponent,,not_verified
toda_literature_statement_boundary.py,240,entry_constructor_site,TodaFixedStatementComponent,,not_verified
toda_literature_statement_boundary.py,248,entry_constructor_site,TodaFixedStatementComponent,,not_verified
toda_literature_statement_boundary.py,256,entry_constructor_site,TodaFixedStatementComponent,,not_verified
toda_literature_statement_boundary.py,264,entry_constructor_site,TodaFixedStatementComponent,,not_verified
toda_literature_statement_boundary.py,276,entry_constructor_site,TodaFixedStatementComponent,,not_verified
toda_literature_statement_boundary.py,284,entry_constructor_site,TodaFixedStatementComponent,,not_verified
toda_literature_statement_boundary.py,292,entry_constructor_site,TodaFixedStatementComponent,,not_verified
toda_literature_statement_boundary.py,300,entry_constructor_site,TodaFixedStatementComponent,,not_verified
toda_literature_statement_boundary.py,313,entry_constructor_site,TodaFixedStatementComponent,,not_verified
toda_literature_statement_boundary.py,321,entry_constructor_site,TodaFixedStatementComponent,,not_verified
toda_literature_statement_boundary.py,329,entry_constructor_site,TodaFixedStatementComponent,,not_verified
toda_literature_statement_boundary.py,337,entry_constructor_site,TodaFixedStatementComponent,,not_verified
toda_literature_statement_boundary.py,349,entry_constructor_site,TodaFixedStatementComponent,,not_verified
toda_literature_statement_boundary.py,357,entry_constructor_site,TodaFixedStatementComponent,,not_verified
toda_literature_statement_boundary.py,365,entry_constructor_site,TodaFixedStatementComponent,,not_verified
toda_literature_statement_boundary.py,373,entry_constructor_site,TodaFixedStatementComponent,,not_verified
toda_literature_statement_boundary.py,381,entry_constructor_site,TodaFixedStatementComponent,,not_verified
toda_literature_statement_boundary.py,389,entry_constructor_site,TodaFixedStatementComponent,,not_verified
toda_literature_statement_boundary.py,397,entry_constructor_site,TodaFixedStatementComponent,,not_verified
toda_literature_statement_boundary.py,405,entry_constructor_site,TodaFixedStatementComponent,,not_verified
toda_literature_statement_boundary.py,417,entry_constructor_site,TodaFixedStatementComponent,,not_verified
toda_literature_statement_boundary.py,429,entry_constructor_site,TodaFixedStatementComponent,,not_verified
toda_literature_statement_boundary.py,437,entry_constructor_site,TodaFixedStatementComponent,,not_verified
toda_literature_statement_boundary.py,445,entry_constructor_site,TodaFixedStatementComponent,,not_verified
toda_literature_statement_boundary.py,457,entry_constructor_site,TodaFixedStatementComponent,,not_verified
toda_literature_statement_boundary.py,465,entry_constructor_site,TodaFixedStatementComponent,,not_verified
toda_literature_statement_boundary.py,473,entry_constructor_site,TodaFixedStatementComponent,,not_verified
toda_literature_statement_boundary.py,485,entry_constructor_site,TodaFixedStatementComponent,,not_verified
toda_literature_statement_boundary.py,690,entry_constructor_site,TodaFixedStatementComponent,,not_verified
toda_literature_statement_boundary.py,700,entry_constructor_site,TodaFixedStatementComponent,,not_verified
toda_literature_statement_boundary.py,710,entry_constructor_site,TodaFixedStatementComponent,,not_verified
toda_literature_statement_boundary.py,720,entry_constructor_site,TodaFixedStatementComponent,,not_verified
toda_literature_statement_boundary.py,730,entry_constructor_site,TodaFixedStatementComponent,,not_verified
toda_literature_statement_boundary.py,740,entry_constructor_site,TodaFixedStatementComponent,,not_verified
toda_literature_statement_boundary.py,748,entry_constructor_site,TodaFixedStatementComponent,,not_verified
toda_literature_statement_boundary.py,758,entry_constructor_site,TodaFixedStatementComponent,,not_verified
toda_literature_statement_boundary.py,768,entry_constructor_site,TodaFixedStatementComponent,,not_verified
toda_literature_statement_boundary.py,778,entry_constructor_site,TodaFixedStatementComponent,,not_verified
toda_literature_statement_boundary.py,788,entry_constructor_site,TodaFixedStatementComponent,,not_verified
toda_literature_statement_boundary.py,796,entry_constructor_site,TodaFixedStatementComponent,,not_verified
toda_literature_statement_boundary.py,804,entry_constructor_site,TodaFixedStatementComponent,,not_verified
toda_literature_statement_boundary.py,812,entry_constructor_site,TodaFixedStatementComponent,,not_verified
toda_literature_statement_boundary.py,820,entry_constructor_site,TodaFixedStatementComponent,,not_verified
toda_literature_statement_boundary.py,828,entry_constructor_site,TodaFixedStatementComponent,,not_verified
toda_literature_statement_boundary.py,838,entry_constructor_site,TodaFixedStatementComponent,,not_verified
toda_literature_statement_boundary.py,846,entry_constructor_site,TodaFixedStatementComponent,,not_verified
toda_literature_statement_boundary.py,854,entry_constructor_site,TodaFixedStatementComponent,,not_verified
toda_literature_statement_boundary.py,862,entry_constructor_site,TodaFixedStatementComponent,,not_verified
toda_literature_statement_boundary.py,870,entry_constructor_site,TodaFixedStatementComponent,,not_verified
toda_literature_statement_boundary.py,878,entry_constructor_site,TodaFixedStatementComponent,,not_verified
toda_literature_statement_boundary.py,886,entry_constructor_site,TodaFixedStatementComponent,,not_verified
toda_proof_presentation.py,550,repository_factory_candidate,build_toda_repository_entry_presentation,,not_verified
toda_rules.py,72,statement_or_definition_class,Toda211OrdinaryEHPApplicabilityStatement,,not_verified
toda_rules.py,79,statement_or_definition_class,Toda211OrdinaryEHPExactnessStatement,,not_verified
toda_rules.py,315,statement_or_definition_class,TodaProp42ExactnessStatement,,not_verified
toda_rules.py,320,statement_or_definition_class,TodaHopfInvariantInjectiveStatement,,not_verified
toda_rules.py,325,statement_or_definition_class,TodaSuspensionInjectiveStatement,,not_verified
toda_rules.py,330,statement_or_definition_class,TodaSuspensionZeroStatement,,not_verified
toda_rules.py,335,statement_or_definition_class,TodaDeltaInjectiveStatement,,not_verified
toda_rules.py,340,statement_or_definition_class,TodaDeltaSurjectiveStatement,,not_verified
toda_rules.py,345,statement_or_definition_class,TodaDeltaKernelFreeCyclicStatement,,not_verified
toda_rules.py,351,statement_or_definition_class,TodaHopfInvariantZeroStatement,,not_verified
toda_rules.py,356,statement_or_definition_class,TodaDeltaZeroStatement,,not_verified
toda_rules.py,361,statement_or_definition_class,TodaHopfInvariantSurjectiveStatement,,not_verified
toda_rules.py,366,statement_or_definition_class,TodaHopfInvariantIsomorphismStatement,,not_verified
toda_rules.py,371,statement_or_definition_class,TodaPi32Eta2DefinitionStatement,,not_verified
toda_rules.py,378,statement_or_definition_class,TodaProp27HopfInvariantUpToSignStatement,,not_verified
toda_rules.py,384,statement_or_definition_class,TodaDeltaImageUpToSignStatement,,not_verified
toda_rules.py,391,statement_or_definition_class,TodaDeltaPreimageUpToSignStatement,,not_verified
toda_rules.py,398,statement_or_definition_class,TodaPi32WhiteheadSquareUpToSignStatement,,not_verified
toda_rules.py,404,statement_or_definition_class,Toda58WhiteheadSquareUpToSignStatement,,not_verified
toda_rules.py,410,statement_or_definition_class,Toda58EquationStatement,,not_verified
toda_rules.py,421,statement_or_definition_class,TodaLemma57TwoIota5ImageMembershipStatement,,not_verified
toda_rules.py,7200,statement_or_definition_class,TodaProp515Pi12_5HopfIsomorphismStatement,,not_verified
toda_rules.py,9647,statement_or_definition_class,TodaProp51FiniteDimensionalStatement,,not_verified
toda_rules.py,9655,statement_or_definition_class,TodaProp53FiniteDimensionalStatement,,not_verified
toda_rules.py,9664,statement_or_definition_class,TodaProp56FiniteDimensionalStatement,,not_verified
toda_rules.py,9678,statement_or_definition_class,TodaProp58FiniteDimensionalStatement,,not_verified
toda_rules.py,9692,statement_or_definition_class,TodaProp59FiniteDimensionalStatement,,not_verified
toda_rules.py,9707,statement_or_definition_class,TodaProp511NuSquaredFiniteDimensionalStatement,,not_verified
toda_rules.py,9721,statement_or_definition_class,TodaProp511FiniteDimensionalStatement,,not_verified
toda_rules.py,9735,statement_or_definition_class,TodaProp515FiniteDimensionalStatement,,not_verified
toda_rules.py,9752,statement_or_definition_class,TodaLemma512FirstIndeterminacyZeroStatement,,not_verified
toda_rules.py,10102,statement_or_definition_class,TodaLemma512SecondIndeterminacyHigherZeroStatement,,not_verified
toda_rules.py,10109,statement_or_definition_class,TodaLemma512SecondIndeterminacyN6ZeroStatement,,not_verified
toda_rules.py,10117,statement_or_definition_class,TodaLemma512SecondIndeterminacyZeroStatement,,not_verified
toda_rules.py,10768,statement_or_definition_class,TodaLemma512BracketSingletonMod2Statement,,not_verified
toda_rules.py,11334,statement_or_definition_class,TodaLemma512CoefficientStabilityStatement,,not_verified
toda_rules.py,11803,statement_or_definition_class,TodaLemma512NonzeroAnchorStatement,,not_verified
toda_rules.py,12376,statement_or_definition_class,TodaLemma512Statement,,not_verified
toda_rules.py,12921,statement_or_definition_class,Toda512DeltaInjectivityStatement,,not_verified
toda_rules.py,14349,statement_or_definition_class,TodaProp59DeltaKernelStatement,,not_verified
toda_rules.py,32910,statement_or_definition_class,TodaEtaFamilyDefinitionStatement,,not_verified
toda_rules.py,32917,statement_or_definition_class,TodaNuFamilyDefinitionStatement,,not_verified
toda_rules.py,32924,statement_or_definition_class,TodaSigmaFamilyDefinitionStatement,,not_verified
toda_rules.py,32932,statement_or_definition_class,TodaDeltaImageFreeCyclicStatement,,not_verified
toda_rules.py,32938,statement_or_definition_class,TodaSuspensionKernelFreeCyclicStatement,,not_verified
toda_rules.py,32944,statement_or_definition_class,TodaSuspensionSurjectiveStatement,,not_verified
toda_rules.py,32949,statement_or_definition_class,Toda45IsomorphismStatement,,not_verified
toda_rules.py,32954,statement_or_definition_class,Toda45StableTwoPrimaryIdentificationStatement,,not_verified
toda_rules.py,32960,statement_or_definition_class,Toda45StableTwoPrimaryZeroStatement,,not_verified
toda_rules.py,32967,statement_or_definition_class,TodaStableSigmaDefinitionStatement,,not_verified
toda_rules.py,32974,statement_or_definition_class,TodaStableEtaDefinitionStatement,,not_verified
toda_rules.py,32981,statement_or_definition_class,TodaStableEtaSquaredDefinitionStatement,,not_verified
toda_rules.py,32989,statement_or_definition_class,TodaStableNuDefinitionStatement,,not_verified
toda_rules.py,32996,statement_or_definition_class,TodaStableNuSquaredDefinitionStatement,,not_verified
toda_rules.py,33004,statement_or_definition_class,Toda33StableOrdinaryIdentificationStatement,,not_verified
toda_rules.py,33010,statement_or_definition_class,TodaStableIotaDefinitionStatement,,not_verified
toda_rules.py,33017,statement_or_definition_class,TodaStableG0ToG7Statement,,not_verified
toda_rules.py,33029,statement_or_definition_class,TodaIteratedSuspensionInjectiveStatement,,not_verified
toda_rules.py,33034,statement_or_definition_class,TodaProp56Pi8_5QuotientStatement,,not_verified
toda_rules.py,33126,statement_or_definition_class,TodaProp44IsomorphismStatement,,not_verified
toda_rules.py,33131,statement_or_definition_class,TodaProp44FirstSummandRestrictionStatement,,not_verified
toda_rules.py,33137,statement_or_definition_class,TodaProp44SecondSummandRestrictionStatement,,not_verified
toda_rules.py,33143,statement_or_definition_class,Toda52CompositionIsomorphismStatement,,not_verified
toda_rules.py,33150,statement_or_definition_class,TodaProp44SuspensionInjectiveStatement,,not_verified
toda_rules.py,40220,statement_or_definition_class,TodaBracketMembershipStatement,,not_verified
toda_rules.py,40228,statement_or_definition_class,TodaLemma513Statement,,not_verified
toda_rules.py,43073,statement_or_definition_class,Toda514FirstShortExactStatement,,not_verified
toda_rules.py,43082,statement_or_definition_class,Toda514SecondShortExactStatement,,not_verified
toda_rules.py,44316,statement_or_definition_class,Toda514FirstShortExactStatement,,not_verified
toda_rules.py,45274,statement_or_definition_class,Toda36Lemma514SigmaDoublePrimeBridgeStatement,,not_verified
toda_rules.py,45285,statement_or_definition_class,TodaLemma514SigmaDoublePrimeStatement,,not_verified
toda_rules.py,45298,statement_or_definition_class,TodaLemma514SigmaPrimeStatement,,not_verified
toda_rules.py,45312,statement_or_definition_class,TodaLemma514Sigma8Statement,,not_verified
toda_rules.py,45331,statement_or_definition_class,Toda515Sigma8Prop44SpecializationStatement,,not_verified
toda_rules.py,45340,statement_or_definition_class,Toda515Sigma8TransportedDecompositionStatement,,not_verified
toda_rules.py,45350,statement_or_definition_class,Toda48Pi16_9OrderAndE4InjectiveStatement,,not_verified
toda_rules.py,50291,statement_or_definition_class,TodaLemma516TypedSetupStatement,,not_verified
toda_rules.py,50307,statement_or_definition_class,TodaLemma516BracketSumContainmentStatement,,not_verified
toda_rules.py,50318,statement_or_definition_class,Toda36Lemma516FirstBracketTermStatement,,not_verified
toda_rules.py,50330,statement_or_definition_class,Toda36Lemma516SecondBracketTermStatement,,not_verified
toda_rules.py,50342,statement_or_definition_class,Toda36Lemma516BracketSumContainmentStatement,,not_verified
toda_rules.py,50355,statement_or_definition_class,TodaLemma516Sigma8IteratedSuspensionBridgeStatement,,not_verified
toda_rules.py,50367,statement_or_definition_class,TodaLemma516SigmaTPlus8DefinitionStatement,,not_verified
toda_rules.py,50375,statement_or_definition_class,TodaLemma516ScaledCompositionBridgeStatement,,not_verified
toda_rules.py,52941,statement_or_definition_class,Toda54BracketUpToSignStatement,,not_verified
toda_rules.py,52947,statement_or_definition_class,TodaLemma55BracketContainsUpToSignStatement,,not_verified
toda_rules.py,52953,statement_or_definition_class,TodaLemma55SuspensionUpToSignStatement,,not_verified
toda_rules.py,52959,statement_or_definition_class,Toda54IndeterminacyGeneratorStatement,,not_verified
toda_rules.py,52965,statement_or_definition_class,TodaLemma510BracketModuloStatement,,not_verified
toda_rules.py,54030,statement_or_definition_class,TodaLemma510HopfBracketContainsStatement,,not_verified
toda_rules.py,54036,statement_or_definition_class,TodaLemma510BracketPlusSuspensionImageStatement,,not_verified
toda_rules.py,54043,statement_or_definition_class,TodaLemma510SuspensionImageInDoubleStatement,,not_verified
toda_rules.py,54050,statement_or_definition_class,TodaLemma510Nu6OrdinaryCompositionReductionStatement,,not_verified
toda_rules.py,54057,statement_or_definition_class,TodaLemma510Nu6OrdinaryCompositionZeroStatement,,not_verified
toda_rules.py,54063,statement_or_definition_class,TodaLemma510OrdinaryIndeterminacyDoubleStatement,,not_verified
toda_rules.py,54809,statement_or_definition_class,TodaLemma510IndexedHopfBracketContainsStatement,,not_verified
toda_rules.py,54815,statement_or_definition_class,TodaLemma510Split115Statement,,not_verified
toda_rules.py,54821,statement_or_definition_class,TodaLemma510OrdinaryBracketPlusSuspensionImageStatement,,not_verified
toda_rules.py,54830,statement_or_definition_class,TodaLemma510OrdinarySuspensionImageFiniteStatement,,not_verified
toda_rules.py,54837,statement_or_definition_class,TodaLemma510OrdinarySuspensionImageTwoPrimaryZeroStatement,,not_verified
toda_rules.py,54844,statement_or_definition_class,TodaLemma510OrdinarySuspensionImageInDoubleStatement,,not_verified
toda_rules.py,56188,statement_or_definition_class,Toda36Lemma54SpecializationStatement,,not_verified
toda_rules.py,56197,statement_or_definition_class,TodaLemma54DoubleSuspensionUpToSignStatement,,not_verified
toda_rules.py,56203,statement_or_definition_class,TodaLemma54HopfOddMultipleStatement,,not_verified
toda_rules.py,56210,statement_or_definition_class,TodaLemma54WhiteheadCorrectionDataStatement,,not_verified
toda_rules.py,56226,statement_or_definition_class,TodaLemma54Nu4ConstructionStatement,,not_verified
toda_rules.py,56237,statement_or_definition_class,TodaLemma54Statement,,not_verified
toda_rules.py,56249,statement_or_definition_class,Toda56Nu4Prop44SpecializationStatement,,not_verified
toda_rules.py,56258,statement_or_definition_class,Toda56Nu4DecompositionIsomorphismStatement,,not_verified
toda_rules.py,56263,statement_or_definition_class,Toda56Nu4DecompositionStatement,,not_verified
toda_rules.py,58186,statement_or_definition_class,TodaLemma55Statement,,not_verified
toda_rules.py,58200,statement_or_definition_class,Toda55NuFamilyFiniteDimensionalStatement,,not_verified
toda_rules.py,62746,statement_or_definition_class,Toda53NuPrimeBracketSpecializationStatement,,not_verified
toda_rules.py,63740,statement_or_definition_class,TodaBracketMembershipTheoremStatement,,not_verified
toda_rules.py,63767,statement_or_definition_class,TodaLemma52BracketCompositionMembershipStatement,,not_verified
toda_rules.py,63776,statement_or_definition_class,TodaLemma52BracketRepresentativeStatement,,not_verified
toda_rules.py,65772,statement_or_definition_class,TodaBracketDefinedStatement,,not_verified
toda_rules.py,65777,statement_or_definition_class,TodaProp26HopfBracketConsequenceStatement,,not_verified
toda_stable_eta_proof_replay.py,65,entry_constructor_site,ProofRepositoryEntry,,not_verified
