component_id,node_count,edge_count,nodes,protected_historical_nodes,natural_sink_nodes,canonical_survivor,cycle_present,deletion_candidate_count,deletion_candidates,needs_manual_review,reason
C001,2,1,tests/test_expression.py::test_phase22_2_generator_symbol_different_family_is_not_equaltests/test_expression.py::test_phase22_5_indexed_generator_families_remain_distinct,,tests/test_expression.py::test_phase22_5_indexed_generator_families_remain_distinct,tests/test_expression.py::test_phase22_5_indexed_generator_families_remain_distinct,False,1,tests/test_expression.py::test_phase22_2_generator_symbol_different_family_is_not_equal,False,All deletion candidates reach a natural newer-side sink through authorized removable edges.
C002,2,1,tests/test_expression.py::test_phase31_2_smash_product_is_distinct_from_compositiontests/test_expression.py::test_phase31_7_smash_product_is_not_implicitly_composition,,tests/test_expression.py::test_phase31_7_smash_product_is_not_implicitly_composition,tests/test_expression.py::test_phase31_7_smash_product_is_not_implicitly_composition,False,1,tests/test_expression.py::test_phase31_2_smash_product_is_distinct_from_composition,False,All deletion candidates reach a natural newer-side sink through authorized removable edges.
C003,2,1,tests/test_inference_rule_pattern.py::test_inference_rule_applicability_searches_available_stepstests/test_inference_rule_pattern.py::test_inference_rule_applicable_with_multiple_patterns,,tests/test_inference_rule_pattern.py::test_inference_rule_applicable_with_multiple_patterns,tests/test_inference_rule_pattern.py::test_inference_rule_applicable_with_multiple_patterns,False,1,tests/test_inference_rule_pattern.py::test_inference_rule_applicability_searches_available_steps,False,All deletion candidates reach a natural newer-side sink through authorized removable edges.
C004,4,3,tests/test_phase100_12b_standard_repository_integration.py::test_phase100_12b_standard_integration_has_deterministic_entry_ordertests/test_phase109_20_sigma10_concrete_specialization.py::test_phase109_20_standard_repository_root_entries_remain_unchangedtests/test_phase109_22_generic_indexed_sigma_specialization.py::test_phase109_22_standard_repository_root_entries_remain_unchangedtests/test_phase109_24_generic_indexed_sigma_proof_scope_integration.py::test_phase109_24_standard_repository_roots_remain_unchanged,,tests/test_phase109_24_generic_indexed_sigma_proof_scope_integration.py::test_phase109_24_standard_repository_roots_remain_unchanged,tests/test_phase109_24_generic_indexed_sigma_proof_scope_integration.py::test_phase109_24_standard_repository_roots_remain_unchanged,False,3,tests/test_phase100_12b_standard_repository_integration.py::test_phase100_12b_standard_integration_has_deterministic_entry_ordertests/test_phase109_20_sigma10_concrete_specialization.py::test_phase109_20_standard_repository_root_entries_remain_unchangedtests/test_phase109_22_generic_indexed_sigma_specialization.py::test_phase109_22_standard_repository_root_entries_remain_unchanged,False,All deletion candidates reach a natural newer-side sink through authorized removable edges.
C005,2,1,tests/test_phase100_12c1_production_one_shot_facade.py::test_phase100_12c1_existing_repository_explicit_facade_remains_availabletests/test_phase113_sigma_group_query_integration.py::test_phase113_explicit_empty_repository_does_not_invent_sigma_specialization,,tests/test_phase113_sigma_group_query_integration.py::test_phase113_explicit_empty_repository_does_not_invent_sigma_specialization,tests/test_phase113_sigma_group_query_integration.py::test_phase113_explicit_empty_repository_does_not_invent_sigma_specialization,False,1,tests/test_phase100_12c1_production_one_shot_facade.py::test_phase100_12c1_existing_repository_explicit_facade_remains_available,False,All deletion candidates reach a natural newer-side sink through authorized removable edges.
C006,2,1,tests/test_phase100_minimal_generator_resolver.py::test_phase100_3_rejects_invalid_index_syntaxtests/test_phase100_minimal_generator_resolver.py::test_phase100_3_rejects_unsupported_free_form_input,,tests/test_phase100_minimal_generator_resolver.py::test_phase100_3_rejects_unsupported_free_form_input,tests/test_phase100_minimal_generator_resolver.py::test_phase100_3_rejects_unsupported_free_form_input,False,1,tests/test_phase100_minimal_generator_resolver.py::test_phase100_3_rejects_invalid_index_syntax,False,All deletion candidates reach a natural newer-side sink through authorized removable edges.
C007,2,1,tests/test_phase100_minimal_generator_resolver.py::test_phase100_3_resolves_plain_family_aliasestests/test_phase100_minimal_generator_resolver.py::test_phase100_3_resolves_positive_integer_indices,,tests/test_phase100_minimal_generator_resolver.py::test_phase100_3_resolves_positive_integer_indices,tests/test_phase100_minimal_generator_resolver.py::test_phase100_3_resolves_positive_integer_indices,False,1,tests/test_phase100_minimal_generator_resolver.py::test_phase100_3_resolves_plain_family_aliases,False,All deletion candidates reach a natural newer-side sink through authorized removable edges.
C008,2,1,tests/test_phase101_main_explore_dispatch.py::test_phase101_3_explore_command_uses_production_one_shot_facadetests/test_phase102_cli_proof_scope.py::test_phase102_7_existing_explore_command_is_unchanged,,tests/test_phase102_cli_proof_scope.py::test_phase102_7_existing_explore_command_is_unchanged,tests/test_phase102_cli_proof_scope.py::test_phase102_7_existing_explore_command_is_unchanged,False,1,tests/test_phase101_main_explore_dispatch.py::test_phase101_3_explore_command_uses_production_one_shot_facade,False,All deletion candidates reach a natural newer-side sink through authorized removable edges.
C009,4,3,tests/test_phase101_main_explore_dispatch.py::test_phase101_3_missing_generator_uses_argparse_error_exittests/test_phase102_cli_proof_scope.py::test_phase102_7_explore_proof_missing_generator_is_argparse_errortests/test_phase103_cli_applicability.py::test_phase103_6_explore_applicable_missing_generator_is_argparse_errortests/test_phase108_11_cli_execution_command_integration.py::test_phase108_11_execute_missing_generator_is_parser_error,,tests/test_phase108_11_cli_execution_command_integration.py::test_phase108_11_execute_missing_generator_is_parser_error,tests/test_phase108_11_cli_execution_command_integration.py::test_phase108_11_execute_missing_generator_is_parser_error,False,3,tests/test_phase101_main_explore_dispatch.py::test_phase101_3_missing_generator_uses_argparse_error_exittests/test_phase102_cli_proof_scope.py::test_phase102_7_explore_proof_missing_generator_is_argparse_errortests/test_phase103_cli_applicability.py::test_phase103_6_explore_applicable_missing_generator_is_argparse_error,False,All deletion candidates reach a natural newer-side sink through authorized removable edges.
C010,3,2,tests/test_phase102_cli_proof_scope.py::test_phase102_7_explore_proof_invalid_generator_is_argparse_errortests/test_phase103_cli_applicability.py::test_phase103_6_explore_applicable_invalid_generator_is_argparse_errortests/test_phase111_10_proof_replay_depth_cli.py::test_phase111_10_negative_depth_is_parser_error,,tests/test_phase111_10_proof_replay_depth_cli.py::test_phase111_10_negative_depth_is_parser_error,tests/test_phase111_10_proof_replay_depth_cli.py::test_phase111_10_negative_depth_is_parser_error,False,2,tests/test_phase102_cli_proof_scope.py::test_phase102_7_explore_proof_invalid_generator_is_argparse_errortests/test_phase103_cli_applicability.py::test_phase103_6_explore_applicable_invalid_generator_is_argparse_error,False,All deletion candidates reach a natural newer-side sink through authorized removable edges.
C011,2,1,tests/test_phase103_6d10_second_wave_classification.py::test_phase103_6d10_catalog_size_and_fixed_point_safety_are_unchangedtests/test_phase103_6d8_first_wave_classification.py::test_phase103_6d8_catalog_entry_count_and_discovery_safety_are_unchanged,,tests/test_phase103_6d8_first_wave_classification.py::test_phase103_6d8_catalog_entry_count_and_discovery_safety_are_unchanged,tests/test_phase103_6d8_first_wave_classification.py::test_phase103_6d8_catalog_entry_count_and_discovery_safety_are_unchanged,False,1,tests/test_phase103_6d10_second_wave_classification.py::test_phase103_6d10_catalog_size_and_fixed_point_safety_are_unchanged,False,All deletion candidates reach a natural newer-side sink through authorized removable edges.
C012,3,2,tests/test_phase109_12_nu5_proof_derived_ambient_fallback.py::test_phase109_12_sigma7_remains_out_of_stable_sigma_specialization_scopetests/test_phase109_14_decorated_sigma_finite_cyclic_fallback.py::test_phase109_14_sigma7_stable_specialization_boundary_remains_unsupportedtests/test_phase109_18_sigma9_indexed_finite_cyclic_fallback.py::test_phase109_18_sigma7_remains_below_stable_symbolic_specialization_boundary,,tests/test_phase109_18_sigma9_indexed_finite_cyclic_fallback.py::test_phase109_18_sigma7_remains_below_stable_symbolic_specialization_boundary,tests/test_phase109_18_sigma9_indexed_finite_cyclic_fallback.py::test_phase109_18_sigma7_remains_below_stable_symbolic_specialization_boundary,False,2,tests/test_phase109_12_nu5_proof_derived_ambient_fallback.py::test_phase109_12_sigma7_remains_out_of_stable_sigma_specialization_scopetests/test_phase109_14_decorated_sigma_finite_cyclic_fallback.py::test_phase109_14_sigma7_stable_specialization_boundary_remains_unsupported,False,All deletion candidates reach a natural newer-side sink through authorized removable edges.
C013,2,1,tests/test_phase109_14_decorated_sigma_finite_cyclic_fallback.py::test_phase109_14_nu5_phase109_12_fallback_still_workstests/test_phase109_18_sigma9_indexed_finite_cyclic_fallback.py::test_phase109_18_nu5_fallback_still_works,,tests/test_phase109_18_sigma9_indexed_finite_cyclic_fallback.py::test_phase109_18_nu5_fallback_still_works,tests/test_phase109_18_sigma9_indexed_finite_cyclic_fallback.py::test_phase109_18_nu5_fallback_still_works,False,1,tests/test_phase109_14_decorated_sigma_finite_cyclic_fallback.py::test_phase109_14_nu5_phase109_12_fallback_still_works,False,All deletion candidates reach a natural newer-side sink through authorized removable edges.
C014,2,1,tests/test_phase109_29_known_group_proof_replay_cli.py::test_phase109_29_show_proof_also_works_for_existing_nu_prime_identitytests/test_phase144_6_public_route_cutover.py::test_phase144_6_cli_pi6_3_narrative_uses_public_cutover,,tests/test_phase144_6_public_route_cutover.py::test_phase144_6_cli_pi6_3_narrative_uses_public_cutover,tests/test_phase144_6_public_route_cutover.py::test_phase144_6_cli_pi6_3_narrative_uses_public_cutover,False,1,tests/test_phase109_29_known_group_proof_replay_cli.py::test_phase109_29_show_proof_also_works_for_existing_nu_prime_identity,False,All deletion candidates reach a natural newer-side sink through authorized removable edges.
C015,2,1,tests/test_phase110_10_operation_query_proof_replay_cli.py::test_phase110_10_existing_query_command_is_unchangedtests/test_phase110_6_operation_query_cli_integration.py::test_phase110_6_query_not_found_is_exit_one,,tests/test_phase110_6_operation_query_cli_integration.py::test_phase110_6_query_not_found_is_exit_one,tests/test_phase110_6_operation_query_cli_integration.py::test_phase110_6_query_not_found_is_exit_one,False,1,tests/test_phase110_10_operation_query_proof_replay_cli.py::test_phase110_10_existing_query_command_is_unchanged,False,All deletion candidates reach a natural newer-side sink through authorized removable edges.
C016,5,4,tests/test_phase110_5_minimal_operation_query_core.py::test_phase110_5_lookup_does_not_mutate_repositorytests/test_phase114_3_nu5_operation_query_handoff.py::test_phase114_3_handoff_does_not_mutate_repositorytests/test_phase115_sigma11_operation_query_handoff.py::test_phase115_4_handoff_does_not_mutate_repositorytests/test_phase128_nu5_eta8_operation_query_handoff.py::test_phase128_2_handoff_does_not_mutate_repositorytests/test_phase129_nu_prime_operation_query_handoff.py::test_phase129_4_handoff_does_not_mutate_repository,,tests/test_phase129_nu_prime_operation_query_handoff.py::test_phase129_4_handoff_does_not_mutate_repository,tests/test_phase129_nu_prime_operation_query_handoff.py::test_phase129_4_handoff_does_not_mutate_repository,False,4,tests/test_phase110_5_minimal_operation_query_core.py::test_phase110_5_lookup_does_not_mutate_repositorytests/test_phase114_3_nu5_operation_query_handoff.py::test_phase114_3_handoff_does_not_mutate_repositorytests/test_phase115_sigma11_operation_query_handoff.py::test_phase115_4_handoff_does_not_mutate_repositorytests/test_phase128_nu5_eta8_operation_query_handoff.py::test_phase128_2_handoff_does_not_mutate_repository,False,All deletion candidates reach a natural newer-side sink through authorized removable edges.
C017,4,3,tests/test_phase110_5_minimal_operation_query_core.py::test_phase110_5_lookup_is_deterministictests/test_phase114_3_nu5_operation_query_handoff.py::test_phase114_3_handoff_is_deterministictests/test_phase115_sigma11_operation_query_handoff.py::test_phase115_4_handoff_is_deterministictests/test_phase129_nu_prime_operation_query_handoff.py::test_phase129_4_handoff_is_deterministic,,tests/test_phase129_nu_prime_operation_query_handoff.py::test_phase129_4_handoff_is_deterministic,tests/test_phase129_nu_prime_operation_query_handoff.py::test_phase129_4_handoff_is_deterministic,False,3,tests/test_phase110_5_minimal_operation_query_core.py::test_phase110_5_lookup_is_deterministictests/test_phase114_3_nu5_operation_query_handoff.py::test_phase114_3_handoff_is_deterministictests/test_phase115_sigma11_operation_query_handoff.py::test_phase115_4_handoff_is_deterministic,False,All deletion candidates reach a natural newer-side sink through authorized removable edges.
C018,4,3,tests/test_phase114_3_nu5_operation_query_handoff.py::test_phase114_3_direct_lookup_for_e_nu5_still_missestests/test_phase115_sigma11_operation_query_handoff.py::test_phase115_4_direct_lookup_for_e_sigma11_still_missestests/test_phase128_nu5_eta8_operation_query_handoff.py::test_phase128_2_direct_lookup_still_missestests/test_phase129_nu_prime_operation_query_handoff.py::test_phase129_4_direct_lookup_for_e_nu_prime_still_misses,,tests/test_phase129_nu_prime_operation_query_handoff.py::test_phase129_4_direct_lookup_for_e_nu_prime_still_misses,tests/test_phase129_nu_prime_operation_query_handoff.py::test_phase129_4_direct_lookup_for_e_nu_prime_still_misses,False,3,tests/test_phase114_3_nu5_operation_query_handoff.py::test_phase114_3_direct_lookup_for_e_nu5_still_missestests/test_phase115_sigma11_operation_query_handoff.py::test_phase115_4_direct_lookup_for_e_sigma11_still_missestests/test_phase128_nu5_eta8_operation_query_handoff.py::test_phase128_2_direct_lookup_still_misses,False,All deletion candidates reach a natural newer-side sink through authorized removable edges.
C019,2,1,tests/test_phase114_3_nu5_operation_query_handoff.py::test_phase114_3_query_proof_replays_specialized_root_and_symbolic_bridgetests/test_phase115_sigma11_operation_query_handoff.py::test_phase115_4_query_proof_replays_specialized_root_and_symbolic_definition,,tests/test_phase115_sigma11_operation_query_handoff.py::test_phase115_4_query_proof_replays_specialized_root_and_symbolic_definition,tests/test_phase115_sigma11_operation_query_handoff.py::test_phase115_4_query_proof_replays_specialized_root_and_symbolic_definition,False,1,tests/test_phase114_3_nu5_operation_query_handoff.py::test_phase114_3_query_proof_replays_specialized_root_and_symbolic_bridge,False,All deletion candidates reach a natural newer-side sink through authorized removable edges.
C020,2,1,tests/test_phase114_3_nu5_operation_query_handoff.py::test_phase114_4_direct_h_fact_still_has_prioritytests/test_phase115_sigma11_operation_query_handoff.py::test_phase115_4_existing_direct_fact_still_has_priority,,tests/test_phase115_sigma11_operation_query_handoff.py::test_phase115_4_existing_direct_fact_still_has_priority,tests/test_phase115_sigma11_operation_query_handoff.py::test_phase115_4_existing_direct_fact_still_has_priority,False,1,tests/test_phase114_3_nu5_operation_query_handoff.py::test_phase114_4_direct_h_fact_still_has_priority,False,All deletion candidates reach a natural newer-side sink through authorized removable edges.
C021,19,18,tests/test_phase117_web_app.py::test_phase117_1_get_root_shows_minimal_group_query_formtests/test_phase117_web_app.py::test_phase117_3_html_does_not_preempt_python_domain_validationtests/test_phase118_web_app.py::test_phase118_2_get_root_shows_operation_query_formtests/test_phase120_2_web_app_generator_proof.py::test_phase120_2_existing_group_and_operation_forms_remain_availabletests/test_phase120_2_web_app_generator_proof.py::test_phase120_2_get_root_shows_generator_proof_formtests/test_phase121_4_web_app_generator_exploration.py::test_phase121_4_existing_web_forms_remain_availabletests/test_phase121_4_web_app_generator_exploration.py::test_phase121_4_get_root_shows_generator_exploration_formtests/test_phase122_4_web_app_generator_proof_scope.py::test_phase122_4_existing_web_forms_remain_availabletests/test_phase122_4_web_app_generator_proof_scope.py::test_phase122_4_get_root_shows_generator_proof_scope_formtests/test_phase123_4_web_app_generator_applicability.py::test_phase123_4_existing_web_forms_remain_availabletests/test_phase123_4_web_app_generator_applicability.py::test_phase123_4_get_root_shows_generator_applicability_formtests/test_phase124_4_web_workflow_navigation.py::test_phase124_4_existing_form_actions_remain_availabletests/test_phase124_4_web_workflow_navigation.py::test_phase124_4_existing_forms_have_workflow_targetstests/test_phase124_4_web_workflow_navigation.py::test_phase124_4_existing_workflow_navigation_remains_available_after_execute_extensiontests/test_phase124_4_web_workflow_navigation.py::test_phase124_4_get_root_shows_workflow_navigationtests/test_phase124_4_web_workflow_navigation.py::test_phase124_4_workflow_navigation_links_to_existing_formstests/test_phase125_4_web_generator_execution.py::test_phase125_4_get_root_shows_execute_form_and_navigationtests/test_phase135_3_web_narrative_readability.py::test_phase135_3_web_page_loads_group_proof_stylesheettests/test_phase137_2_web_presentation_cleanup.py::test_phase137_2_group_query_description_uses_inline_katex,,tests/test_phase137_2_web_presentation_cleanup.py::test_phase137_2_group_query_description_uses_inline_katex,tests/test_phase137_2_web_presentation_cleanup.py::test_phase137_2_group_query_description_uses_inline_katex,False,18,tests/test_phase117_web_app.py::test_phase117_1_get_root_shows_minimal_group_query_formtests/test_phase117_web_app.py::test_phase117_3_html_does_not_preempt_python_domain_validationtests/test_phase118_web_app.py::test_phase118_2_get_root_shows_operation_query_formtests/test_phase120_2_web_app_generator_proof.py::test_phase120_2_existing_group_and_operation_forms_remain_availabletests/test_phase120_2_web_app_generator_proof.py::test_phase120_2_get_root_shows_generator_proof_formtests/test_phase121_4_web_app_generator_exploration.py::test_phase121_4_existing_web_forms_remain_availabletests/test_phase121_4_web_app_generator_exploration.py::test_phase121_4_get_root_shows_generator_exploration_formtests/test_phase122_4_web_app_generator_proof_scope.py::test_phase122_4_existing_web_forms_remain_availabletests/test_phase122_4_web_app_generator_proof_scope.py::test_phase122_4_get_root_shows_generator_proof_scope_formtests/test_phase123_4_web_app_generator_applicability.py::test_phase123_4_existing_web_forms_remain_availabletests/test_phase123_4_web_app_generator_applicability.py::test_phase123_4_get_root_shows_generator_applicability_formtests/test_phase124_4_web_workflow_navigation.py::test_phase124_4_existing_form_actions_remain_availabletests/test_phase124_4_web_workflow_navigation.py::test_phase124_4_existing_forms_have_workflow_targetstests/test_phase124_4_web_workflow_navigation.py::test_phase124_4_existing_workflow_navigation_remains_available_after_execute_extensiontests/test_phase124_4_web_workflow_navigation.py::test_phase124_4_get_root_shows_workflow_navigationtests/test_phase124_4_web_workflow_navigation.py::test_phase124_4_workflow_navigation_links_to_existing_formstests/test_phase125_4_web_generator_execution.py::test_phase125_4_get_root_shows_execute_form_and_navigationtests/test_phase135_3_web_narrative_readability.py::test_phase135_3_web_page_loads_group_proof_stylesheet,False,All deletion candidates reach a natural newer-side sink through authorized removable edges.
C022,41,41,tests/test_phase117_web_app.py::test_phase117_1_post_domain_invalid_input_shows_existing_validation_messagetests/test_phase117_web_app.py::test_phase117_1_post_non_integer_input_shows_validation_messagetests/test_phase117_web_app.py::test_phase117_1_post_sigma11_query_exposes_latex_to_katextests/test_phase117_web_app.py::test_phase117_2_post_negative_k_shows_connectivity_zerotests/test_phase118_4_depth_browser_usability.py::test_phase118_4_browser_form_exposes_only_supported_depth_choicestests/test_phase118_4_depth_browser_usability.py::test_phase118_4_unsupported_web_depth_is_safe_errortests/test_phase118_web_app.py::test_phase118_2_blank_operation_query_shows_validation_messagetests/test_phase118_web_app.py::test_phase118_2_existing_group_query_remains_availabletests/test_phase118_web_app.py::test_phase118_2_post_e_nu5_exposes_existing_latextests/test_phase118_web_app.py::test_phase118_2_post_e_sigma11_exposes_existing_latextests/test_phase118_web_app.py::test_phase118_3_e_sigma11_proof_uses_existing_latextests/test_phase118_web_app.py::test_phase118_3_invalid_fact_number_is_safe_errortests/test_phase118_web_app.py::test_phase118_3_missing_fact_number_is_safe_errortests/test_phase118_web_app.py::test_phase118_3_selected_fact_displays_default_depth_proof_stepstests/test_phase118_web_app.py::test_phase118_3_selected_fact_displays_provenancetests/test_phase118_web_app.py::test_phase118_3_selected_h_nu_prime_fact_two_shows_prooftests/test_phase120_2_web_app_generator_proof.py::test_phase120_2_blank_generator_is_safe_errortests/test_phase120_2_web_app_generator_proof.py::test_phase120_2_generator_proof_shows_depth_stepstests/test_phase120_2_web_app_generator_proof.py::test_phase120_2_post_sigma11_shows_generator_and_conclusion_latextests/test_phase120_2_web_app_generator_proof.py::test_phase120_2_unsupported_generator_proof_depth_is_safe_errortests/test_phase121_4_web_app_generator_exploration.py::test_phase121_4_blank_generator_is_safe_errortests/test_phase121_4_web_app_generator_exploration.py::test_phase121_4_exploration_exposes_katex_latex_and_metadatatests/test_phase121_4_web_app_generator_exploration.py::test_phase121_4_post_nu_prime_shows_generator_and_occurrencestests/test_phase122_4_web_app_generator_proof_scope.py::test_phase122_4_blank_generator_is_safe_errortests/test_phase122_4_web_app_generator_proof_scope.py::test_phase122_4_nu_prime_exposes_katex_root_depth_and_matchtests/test_phase122_4_web_app_generator_proof_scope.py::test_phase122_4_post_nu_prime_shows_proof_scope_resulttests/test_phase123_4_web_app_generator_applicability.py::test_phase123_4_blank_generator_is_safe_errortests/test_phase123_4_web_app_generator_applicability.py::test_phase123_4_post_nu_prime_shows_compact_applicability_resulttests/test_phase123_5a_web_applicability_volume.py::test_phase123_5a_summary_counts_remain_full_result_countstests/test_phase125_4_web_generator_execution.py::test_phase125_4_web_candidate_selection_returns_result_and_prooftests/test_phase125_4_web_generator_execution.py::test_phase125_4_web_none_is_normal_resulttests/test_phase125_4_web_generator_execution.py::test_phase125_4_web_nu_prime_lists_executable_candidatestests/test_phase131_5_web_group_proof.py::test_phase131_5_group_proof_depth_validation_is_explicittests/test_phase131_5_web_group_proof.py::test_phase131_5_group_proof_post_keeps_result_and_shows_prooftests/test_phase131_5_web_group_proof.py::test_phase131_5_group_result_shows_proof_buttontests/test_phase132_9_web_group_proof_modes.py::test_phase132_9_group_result_form_exposes_mode_selectortests/test_phase132_9_web_group_proof_modes.py::test_phase132_9_web_narrative_post_uses_structured_rendered_linestests/test_phase132_9_web_group_proof_modes.py::test_phase132_9_web_post_rejects_unknown_mode_explicitlytests/test_phase135_1_web_narrative_display_math.py::test_phase135_1_pi6_3_web_html_uses_data_latex_for_narrative_display_mathtests/test_phase135_3_web_narrative_readability.py::test_phase135_3_narrative_keeps_inline_math_segment_classtests/test_phase145_group_proof_defaults.py::test_phase145_web_explicit_trace_depth1_is_preserved,,tests/test_phase145_group_proof_defaults.py::test_phase145_web_explicit_trace_depth1_is_preserved,tests/test_phase145_group_proof_defaults.py::test_phase145_web_explicit_trace_depth1_is_preserved,False,40,tests/test_phase117_web_app.py::test_phase117_1_post_domain_invalid_input_shows_existing_validation_messagetests/test_phase117_web_app.py::test_phase117_1_post_non_integer_input_shows_validation_messagetests/test_phase117_web_app.py::test_phase117_1_post_sigma11_query_exposes_latex_to_katextests/test_phase117_web_app.py::test_phase117_2_post_negative_k_shows_connectivity_zerotests/test_phase118_4_depth_browser_usability.py::test_phase118_4_browser_form_exposes_only_supported_depth_choicestests/test_phase118_4_depth_browser_usability.py::test_phase118_4_unsupported_web_depth_is_safe_errortests/test_phase118_web_app.py::test_phase118_2_blank_operation_query_shows_validation_messagetests/test_phase118_web_app.py::test_phase118_2_existing_group_query_remains_availabletests/test_phase118_web_app.py::test_phase118_2_post_e_nu5_exposes_existing_latextests/test_phase118_web_app.py::test_phase118_2_post_e_sigma11_exposes_existing_latextests/test_phase118_web_app.py::test_phase118_3_e_sigma11_proof_uses_existing_latextests/test_phase118_web_app.py::test_phase118_3_invalid_fact_number_is_safe_errortests/test_phase118_web_app.py::test_phase118_3_missing_fact_number_is_safe_errortests/test_phase118_web_app.py::test_phase118_3_selected_fact_displays_default_depth_proof_stepstests/test_phase118_web_app.py::test_phase118_3_selected_fact_displays_provenancetests/test_phase118_web_app.py::test_phase118_3_selected_h_nu_prime_fact_two_shows_prooftests/test_phase120_2_web_app_generator_proof.py::test_phase120_2_blank_generator_is_safe_errortests/test_phase120_2_web_app_generator_proof.py::test_phase120_2_generator_proof_shows_depth_stepstests/test_phase120_2_web_app_generator_proof.py::test_phase120_2_post_sigma11_shows_generator_and_conclusion_latextests/test_phase120_2_web_app_generator_proof.py::test_phase120_2_unsupported_generator_proof_depth_is_safe_errortests/test_phase121_4_web_app_generator_exploration.py::test_phase121_4_blank_generator_is_safe_errortests/test_phase121_4_web_app_generator_exploration.py::test_phase121_4_exploration_exposes_katex_latex_and_metadatatests/test_phase121_4_web_app_generator_exploration.py::test_phase121_4_post_nu_prime_shows_generator_and_occurrencestests/test_phase122_4_web_app_generator_proof_scope.py::test_phase122_4_blank_generator_is_safe_errortests/test_phase122_4_web_app_generator_proof_scope.py::test_phase122_4_nu_prime_exposes_katex_root_depth_and_matchtests/test_phase122_4_web_app_generator_proof_scope.py::test_phase122_4_post_nu_prime_shows_proof_scope_resulttests/test_phase123_4_web_app_generator_applicability.py::test_phase123_4_blank_generator_is_safe_errortests/test_phase123_4_web_app_generator_applicability.py::test_phase123_4_post_nu_prime_shows_compact_applicability_resulttests/test_phase123_5a_web_applicability_volume.py::test_phase123_5a_summary_counts_remain_full_result_countstests/test_phase125_4_web_generator_execution.py::test_phase125_4_web_candidate_selection_returns_result_and_prooftests/test_phase125_4_web_generator_execution.py::test_phase125_4_web_none_is_normal_resulttests/test_phase125_4_web_generator_execution.py::test_phase125_4_web_nu_prime_lists_executable_candidatestests/test_phase131_5_web_group_proof.py::test_phase131_5_group_proof_depth_validation_is_explicittests/test_phase131_5_web_group_proof.py::test_phase131_5_group_proof_post_keeps_result_and_shows_prooftests/test_phase131_5_web_group_proof.py::test_phase131_5_group_result_shows_proof_buttontests/test_phase132_9_web_group_proof_modes.py::test_phase132_9_group_result_form_exposes_mode_selectortests/test_phase132_9_web_group_proof_modes.py::test_phase132_9_web_narrative_post_uses_structured_rendered_linestests/test_phase132_9_web_group_proof_modes.py::test_phase132_9_web_post_rejects_unknown_mode_explicitlytests/test_phase135_1_web_narrative_display_math.py::test_phase135_1_pi6_3_web_html_uses_data_latex_for_narrative_display_mathtests/test_phase135_3_web_narrative_readability.py::test_phase135_3_narrative_keeps_inline_math_segment_class,False,All deletion candidates reach a natural newer-side sink through authorized removable edges.
C023,15,14,tests/test_phase117_web_app.py::test_phase117_1_post_not_found_query_is_explicittests/test_phase117_web_app.py::test_phase117_2_post_missing_n_shows_required_messagetests/test_phase118_4_depth_browser_usability.py::test_phase118_4_safe_fallback_reaches_web_without_python_reprtests/test_phase118_web_app.py::test_phase118_2_not_found_operation_query_is_explicittests/test_phase121_4_web_app_generator_exploration.py::test_phase121_4_unknown_generator_shows_zero_occurrences_as_normal_resulttests/test_phase122_4_web_app_generator_proof_scope.py::test_phase122_4_sigma11_web_uses_recursive_proof_scope_specializationtests/test_phase122_4_web_app_generator_proof_scope.py::test_phase122_4_unknown_generator_shows_zero_counts_as_normal_resulttests/test_phase123_4_web_app_generator_applicability.py::test_phase123_4_nu_prime_exposes_katex_source_and_compact_rule_family_fieldstests/test_phase123_4_web_app_generator_applicability.py::test_phase123_4_unknown_generator_shows_zero_counts_as_normal_resulttests/test_phase123_5a_web_applicability_volume.py::test_phase123_5a_rule_families_are_collapsed_by_defaulttests/test_phase123_5a_web_applicability_volume.py::test_phase123_5a_unknown_generator_remains_zero_result_without_truncation_noticetests/test_phase131_5_web_group_proof.py::test_phase131_5_domain_only_result_has_no_proof_buttontests/test_phase132_9_web_group_proof_modes.py::test_phase132_9_web_outline_post_uses_structured_rendered_linestests/test_phase132_9_web_group_proof_modes.py::test_phase132_9_web_trace_post_preserves_existing_trace_viewtests/test_phase135_2_web_narrative_inline_formatting.py::test_phase135_2_web_narrative_renders_emphasis_and_inline_math,,tests/test_phase135_2_web_narrative_inline_formatting.py::test_phase135_2_web_narrative_renders_emphasis_and_inline_math,tests/test_phase135_2_web_narrative_inline_formatting.py::test_phase135_2_web_narrative_renders_emphasis_and_inline_math,False,14,tests/test_phase117_web_app.py::test_phase117_1_post_not_found_query_is_explicittests/test_phase117_web_app.py::test_phase117_2_post_missing_n_shows_required_messagetests/test_phase118_4_depth_browser_usability.py::test_phase118_4_safe_fallback_reaches_web_without_python_reprtests/test_phase118_web_app.py::test_phase118_2_not_found_operation_query_is_explicittests/test_phase121_4_web_app_generator_exploration.py::test_phase121_4_unknown_generator_shows_zero_occurrences_as_normal_resulttests/test_phase122_4_web_app_generator_proof_scope.py::test_phase122_4_sigma11_web_uses_recursive_proof_scope_specializationtests/test_phase122_4_web_app_generator_proof_scope.py::test_phase122_4_unknown_generator_shows_zero_counts_as_normal_resulttests/test_phase123_4_web_app_generator_applicability.py::test_phase123_4_nu_prime_exposes_katex_source_and_compact_rule_family_fieldstests/test_phase123_4_web_app_generator_applicability.py::test_phase123_4_unknown_generator_shows_zero_counts_as_normal_resulttests/test_phase123_5a_web_applicability_volume.py::test_phase123_5a_rule_families_are_collapsed_by_defaulttests/test_phase123_5a_web_applicability_volume.py::test_phase123_5a_unknown_generator_remains_zero_result_without_truncation_noticetests/test_phase131_5_web_group_proof.py::test_phase131_5_domain_only_result_has_no_proof_buttontests/test_phase132_9_web_group_proof_modes.py::test_phase132_9_web_outline_post_uses_structured_rendered_linestests/test_phase132_9_web_group_proof_modes.py::test_phase132_9_web_trace_post_preserves_existing_trace_view,False,All deletion candidates reach a natural newer-side sink through authorized removable edges.
C024,2,1,tests/test_phase131_4_group_result_proof_replay_cli.py::test_phase131_4_group_proof_zero_depth_contains_only_roottests/test_phase132_7_group_proof_cli_modes.py::test_phase132_7_group_proof_explicit_trace_remains_available,,tests/test_phase132_7_group_proof_cli_modes.py::test_phase132_7_group_proof_explicit_trace_remains_available,tests/test_phase132_7_group_proof_cli_modes.py::test_phase132_7_group_proof_explicit_trace_remains_available,False,1,tests/test_phase131_4_group_result_proof_replay_cli.py::test_phase131_4_group_proof_zero_depth_contains_only_root,False,All deletion candidates reach a natural newer-side sink through authorized removable edges.
C025,8,7,tests/test_phase133_7_group_proof_narrative_labels.py::test_phase144_6_pi6_3_generic_route_preserves_targettests/test_phase134_3_pi6_3_numbered_narrative.py::test_phase144_6_pi6_3_generic_route_preserves_targettests/test_phase134_5_pi6_3_reference_fact_split.py::test_phase144_6_pi6_3_generic_route_preserves_targettests/test_phase134_6_pi6_3_mathbook_narrative.py::test_phase144_6_pi6_3_generic_route_preserves_targettests/test_phase134_7_pi6_3_final_narrative.py::test_phase144_6_pi6_3_generic_route_preserves_targettests/test_phase134_9_pi6_3_snapshot.py::test_phase144_6_pi6_3_generic_route_preserves_targettests/test_phase136_1_pi6_3_narrative_prose.py::test_phase144_6_pi6_3_generic_route_preserves_targettests/test_phase136_2_pi6_3_narrative_structure.py::test_phase144_6_pi6_3_generic_route_preserves_target,,tests/test_phase136_2_pi6_3_narrative_structure.py::test_phase144_6_pi6_3_generic_route_preserves_target,tests/test_phase136_2_pi6_3_narrative_structure.py::test_phase144_6_pi6_3_generic_route_preserves_target,False,7,tests/test_phase133_7_group_proof_narrative_labels.py::test_phase144_6_pi6_3_generic_route_preserves_targettests/test_phase134_3_pi6_3_numbered_narrative.py::test_phase144_6_pi6_3_generic_route_preserves_targettests/test_phase134_5_pi6_3_reference_fact_split.py::test_phase144_6_pi6_3_generic_route_preserves_targettests/test_phase134_6_pi6_3_mathbook_narrative.py::test_phase144_6_pi6_3_generic_route_preserves_targettests/test_phase134_7_pi6_3_final_narrative.py::test_phase144_6_pi6_3_generic_route_preserves_targettests/test_phase134_9_pi6_3_snapshot.py::test_phase144_6_pi6_3_generic_route_preserves_targettests/test_phase136_1_pi6_3_narrative_prose.py::test_phase144_6_pi6_3_generic_route_preserves_target,False,All deletion candidates reach a natural newer-side sink through authorized removable edges.
C026,2,1,tests/test_phase134_11_pi8_5_narrative.py::test_phase134_11_pi8_5_has_two_references_in_use_ordertests/test_phase134_11_testfix_v3.py::test_phase134_11_testfix_v3_keeps_reference_order,,tests/test_phase134_11_testfix_v3.py::test_phase134_11_testfix_v3_keeps_reference_order,tests/test_phase134_11_testfix_v3.py::test_phase134_11_testfix_v3_keeps_reference_order,False,1,tests/test_phase134_11_pi8_5_narrative.py::test_phase134_11_pi8_5_has_two_references_in_use_order,False,All deletion candidates reach a natural newer-side sink through authorized removable edges.
C027,3,2,tests/test_phase143_12_fix2_order_subject.py::test_phase143_12_fix2_pi8_5_order_subjects_are_unambiguoustests/test_phase143_12_fix2b_order_subject.py::test_phase143_12_fix2b_pi8_5_order_subjects_are_unambiguoustests/test_phase143_12_fix2c_order_subject.py::test_phase143_12_fix2c_pi8_5_order_subjects_remain_resolved,,tests/test_phase143_12_fix2c_order_subject.py::test_phase143_12_fix2c_pi8_5_order_subjects_remain_resolved,tests/test_phase143_12_fix2c_order_subject.py::test_phase143_12_fix2c_pi8_5_order_subjects_remain_resolved,False,2,tests/test_phase143_12_fix2_order_subject.py::test_phase143_12_fix2_pi8_5_order_subjects_are_unambiguoustests/test_phase143_12_fix2b_order_subject.py::test_phase143_12_fix2b_pi8_5_order_subjects_are_unambiguous,False,All deletion candidates reach a natural newer-side sink through authorized removable edges.
C028,2,1,tests/test_phase143_1_generic_proof_order.py::test_phase143_1_generic_order_has_no_pi6_specific_hardcodingtests/test_phase143_1b_semantic_proof_order.py::test_phase143_1b_generic_order_has_no_pi6_specific_hardcoding,,tests/test_phase143_1b_semantic_proof_order.py::test_phase143_1b_generic_order_has_no_pi6_specific_hardcoding,tests/test_phase143_1b_semantic_proof_order.py::test_phase143_1b_generic_order_has_no_pi6_specific_hardcoding,False,1,tests/test_phase143_1_generic_proof_order.py::test_phase143_1_generic_order_has_no_pi6_specific_hardcoding,False,All deletion candidates reach a natural newer-side sink through authorized removable edges.
C029,5,4,tests/test_phase143_53b_r_conclusion_aware_connector.py::test_phase143_53b_r_pi15_8_connector_still_precedes_targettests/test_phase143_53b_transition_connectors.py::test_phase143_53b_pi15_8_aggregate_derivation_connects_targettests/test_phase143_55b_conclusion_step_ordering.py::test_phase143_55b_pi15_8_target_connector_remains_correcttests/test_phase143_59b_group_structure_duplicate_suppression.py::test_phase143_59b_pi15_8_keeps_final_group_conclusiontests/test_phase143_61b_r_semantic_suppression_priority.py::test_phase143_61b_r_keeps_pi15_8_final_conclusion,,tests/test_phase143_61b_r_semantic_suppression_priority.py::test_phase143_61b_r_keeps_pi15_8_final_conclusion,tests/test_phase143_61b_r_semantic_suppression_priority.py::test_phase143_61b_r_keeps_pi15_8_final_conclusion,False,4,tests/test_phase143_53b_r_conclusion_aware_connector.py::test_phase143_53b_r_pi15_8_connector_still_precedes_targettests/test_phase143_53b_transition_connectors.py::test_phase143_53b_pi15_8_aggregate_derivation_connects_targettests/test_phase143_55b_conclusion_step_ordering.py::test_phase143_55b_pi15_8_target_connector_remains_correcttests/test_phase143_59b_group_structure_duplicate_suppression.py::test_phase143_59b_pi15_8_keeps_final_group_conclusion,False,All deletion candidates reach a natural newer-side sink through authorized removable edges.
C030,4,3,tests/test_phase143_53b_r_conclusion_aware_connector.py::test_phase143_53b_r_pi16_9_connector_still_precedes_targettests/test_phase143_53b_transition_connectors.py::test_phase143_53b_pi16_9_derivation_connects_targettests/test_phase143_55b_conclusion_step_ordering.py::test_phase143_55b_pi16_9_target_connector_remains_correcttests/test_phase143_61b_direct_premise_narrative.py::test_phase143_61b_pi16_9_final_conclusion_remains,,tests/test_phase143_61b_direct_premise_narrative.py::test_phase143_61b_pi16_9_final_conclusion_remains,tests/test_phase143_61b_direct_premise_narrative.py::test_phase143_61b_pi16_9_final_conclusion_remains,False,3,tests/test_phase143_53b_r_conclusion_aware_connector.py::test_phase143_53b_r_pi16_9_connector_still_precedes_targettests/test_phase143_53b_transition_connectors.py::test_phase143_53b_pi16_9_derivation_connects_targettests/test_phase143_55b_conclusion_step_ordering.py::test_phase143_55b_pi16_9_target_connector_remains_correct,False,All deletion candidates reach a natural newer-side sink through authorized removable edges.
C031,3,2,tests/test_phase143_53b_r_conclusion_aware_connector.py::test_phase143_53b_r_pi16_9_support_definition_stays_unconnectedtests/test_phase143_53b_transition_connectors.py::test_phase143_53b_pi16_9_definition_support_has_no_connectortests/test_phase143_55b_conclusion_step_ordering.py::test_phase143_55b_sigma9_definition_still_has_no_derivation_connector,,tests/test_phase143_55b_conclusion_step_ordering.py::test_phase143_55b_sigma9_definition_still_has_no_derivation_connector,tests/test_phase143_55b_conclusion_step_ordering.py::test_phase143_55b_sigma9_definition_still_has_no_derivation_connector,False,2,tests/test_phase143_53b_r_conclusion_aware_connector.py::test_phase143_53b_r_pi16_9_support_definition_stays_unconnectedtests/test_phase143_53b_transition_connectors.py::test_phase143_53b_pi16_9_definition_support_has_no_connector,False,All deletion candidates reach a natural newer-side sink through authorized removable edges.
C032,2,1,tests/test_phase143_53b_transition_connectors.py::test_phase143_53b_pi6_3_derivation_connects_order_and_targettests/test_phase143_57c_step_derivation_connector.py::test_phase143_57c_argument_level_connector_remains_separate,,tests/test_phase143_57c_step_derivation_connector.py::test_phase143_57c_argument_level_connector_remains_separate,tests/test_phase143_57c_step_derivation_connector.py::test_phase143_57c_argument_level_connector_remains_separate,False,1,tests/test_phase143_53b_transition_connectors.py::test_phase143_53b_pi6_3_derivation_connects_order_and_target,False,All deletion candidates reach a natural newer-side sink through authorized removable edges.
C033,2,1,tests/test_phase143_59b_group_structure_duplicate_suppression.py::test_phase143_59b_pi15_8_keeps_transported_semantic_decompositiontests/test_phase143_61b_r_semantic_suppression_priority.py::test_phase143_61b_r_semantic_aggregate_survives_relocation,,tests/test_phase143_61b_r_semantic_suppression_priority.py::test_phase143_61b_r_semantic_aggregate_survives_relocation,tests/test_phase143_61b_r_semantic_suppression_priority.py::test_phase143_61b_r_semantic_aggregate_survives_relocation,False,1,tests/test_phase143_59b_group_structure_duplicate_suppression.py::test_phase143_59b_pi15_8_keeps_transported_semantic_decomposition,False,All deletion candidates reach a natural newer-side sink through authorized removable edges.
C034,3,2,tests/test_phase143_61b_r_semantic_suppression_priority.py::test_phase143_61b_r_keeps_pi8_5_relocated_direct_premisetests/test_phase143_63a_r_exactness_repair.py::test_phase143_63a_r_pi8_5_direct_premise_placement_remainstests/test_phase143_63a_residual_fallback_provenance.py::test_phase143_63a_pi8_5_direct_premise_placement_remains,,tests/test_phase143_63a_residual_fallback_provenance.py::test_phase143_63a_pi8_5_direct_premise_placement_remains,tests/test_phase143_63a_residual_fallback_provenance.py::test_phase143_63a_pi8_5_direct_premise_placement_remains,False,2,tests/test_phase143_61b_r_semantic_suppression_priority.py::test_phase143_61b_r_keeps_pi8_5_relocated_direct_premisetests/test_phase143_63a_r_exactness_repair.py::test_phase143_63a_r_pi8_5_direct_premise_placement_remains,False,All deletion candidates reach a natural newer-side sink through authorized removable edges.
C035,2,1,tests/test_phase144_6_r5_15u_evidence_integration.py::test_phase144_6_r5_15u_resolves_all_edge_local_visible_contributionstests/test_phase144_6_r5_15u_r1_evidence_integration.py::test_phase144_6_r5_15u_r1_resolves_all_edge_local_visible_contributions,,tests/test_phase144_6_r5_15u_r1_evidence_integration.py::test_phase144_6_r5_15u_r1_resolves_all_edge_local_visible_contributions,tests/test_phase144_6_r5_15u_r1_evidence_integration.py::test_phase144_6_r5_15u_r1_resolves_all_edge_local_visible_contributions,False,1,tests/test_phase144_6_r5_15u_evidence_integration.py::test_phase144_6_r5_15u_resolves_all_edge_local_visible_contributions,False,All deletion candidates reach a natural newer-side sink through authorized removable edges.
C036,2,1,tests/test_phase144_6_r5_39_explanatory_contribution_narrative_necessity_audit.py::test_phase144_6_r5_39_contribution_groups_share_occurrence_identity_spacetests/test_phase144_6_r5_39_explanatory_contribution_narrative_necessity_audit.py::test_phase144_6_r5_39_inventory_matches_phase38_contribution_count,,tests/test_phase144_6_r5_39_explanatory_contribution_narrative_necessity_audit.py::test_phase144_6_r5_39_inventory_matches_phase38_contribution_count,tests/test_phase144_6_r5_39_explanatory_contribution_narrative_necessity_audit.py::test_phase144_6_r5_39_inventory_matches_phase38_contribution_count,False,1,tests/test_phase144_6_r5_39_explanatory_contribution_narrative_necessity_audit.py::test_phase144_6_r5_39_contribution_groups_share_occurrence_identity_space,False,All deletion candidates reach a natural newer-side sink through authorized removable edges.
C037,2,1,tests/test_phase144_6_r5_41_contribution_topological_order_determinism_audit.py::test_phase144_6_r5_41_pi6_five_contributions_are_unique_chaintests/test_phase144_6_r5_41_contribution_topological_order_determinism_audit.py::test_phase144_6_r5_41_pi6_order_has_five_distinct_keys,,tests/test_phase144_6_r5_41_contribution_topological_order_determinism_audit.py::test_phase144_6_r5_41_pi6_order_has_five_distinct_keys,tests/test_phase144_6_r5_41_contribution_topological_order_determinism_audit.py::test_phase144_6_r5_41_pi6_order_has_five_distinct_keys,False,1,tests/test_phase144_6_r5_41_contribution_topological_order_determinism_audit.py::test_phase144_6_r5_41_pi6_five_contributions_are_unique_chain,False,All deletion candidates reach a natural newer-side sink through authorized removable edges.
C038,4,3,tests/test_phase144_6_r5_43_10_transport_chain_compression_production.py::test_phase144_6_r5_43_10_has_no_pi6_specific_branchtests/test_phase144_6_r5_43_2_placement_aware_contribution_insertion.py::test_phase144_6_r5_43_2_has_no_pi6_specific_branchtests/test_phase144_6_r5_43_4_dependency_aware_contribution_connector.py::test_phase144_6_r5_43_4_has_no_pi6_specific_branchtests/test_phase144_6_r5_43_generic_renderer_contribution_connection.py::test_phase144_6_r5_43_has_no_pi6_specific_branch,,tests/test_phase144_6_r5_43_generic_renderer_contribution_connection.py::test_phase144_6_r5_43_has_no_pi6_specific_branch,tests/test_phase144_6_r5_43_generic_renderer_contribution_connection.py::test_phase144_6_r5_43_has_no_pi6_specific_branch,False,3,tests/test_phase144_6_r5_43_10_transport_chain_compression_production.py::test_phase144_6_r5_43_10_has_no_pi6_specific_branchtests/test_phase144_6_r5_43_2_placement_aware_contribution_insertion.py::test_phase144_6_r5_43_2_has_no_pi6_specific_branchtests/test_phase144_6_r5_43_4_dependency_aware_contribution_connector.py::test_phase144_6_r5_43_4_has_no_pi6_specific_branch,False,All deletion candidates reach a natural newer-side sink through authorized removable edges.
C039,2,1,tests/test_phase144_6_r5_43_11c_non_detached_fallback_placement_repair.py::test_phase144_6_r5_43_11c_connects_all_non_detached_selected_contributionstests/test_phase144_6_r5_43_11c_r2_argument_participation_guard.py::test_phase144_6_r5_43_11c_r2_all_non_detached_contributions_are_insertable,,tests/test_phase144_6_r5_43_11c_r2_argument_participation_guard.py::test_phase144_6_r5_43_11c_r2_all_non_detached_contributions_are_insertable,tests/test_phase144_6_r5_43_11c_r2_argument_participation_guard.py::test_phase144_6_r5_43_11c_r2_all_non_detached_contributions_are_insertable,False,1,tests/test_phase144_6_r5_43_11c_non_detached_fallback_placement_repair.py::test_phase144_6_r5_43_11c_connects_all_non_detached_selected_contributions,False,All deletion candidates reach a natural newer-side sink through authorized removable edges.
C040,2,1,tests/test_phase144_6_r5_43_11c_non_detached_fallback_placement_repair.py::test_phase144_6_r5_43_11c_keeps_detached_contributions_uninsertedtests/test_phase144_6_r5_43_11c_r2_argument_participation_guard.py::test_phase144_6_r5_43_11c_r2_shared_provider_does_not_reactivate_detached_argument,,tests/test_phase144_6_r5_43_11c_r2_argument_participation_guard.py::test_phase144_6_r5_43_11c_r2_shared_provider_does_not_reactivate_detached_argument,tests/test_phase144_6_r5_43_11c_r2_argument_participation_guard.py::test_phase144_6_r5_43_11c_r2_shared_provider_does_not_reactivate_detached_argument,False,1,tests/test_phase144_6_r5_43_11c_non_detached_fallback_placement_repair.py::test_phase144_6_r5_43_11c_keeps_detached_contributions_uninserted,False,All deletion candidates reach a natural newer-side sink through authorized removable edges.
C041,2,1,tests/test_phase148_rc2_3_exactness_exposure.py::test_phase148_rc2_3_pi10_4_hides_unowned_recursive_exactness_windowstests/test_phase148_rc2_3_repair_r1.py::test_phase148_rc2_3_repair_r1_pi10_4_closes_relocation_bypass,,tests/test_phase148_rc2_3_repair_r1.py::test_phase148_rc2_3_repair_r1_pi10_4_closes_relocation_bypass,tests/test_phase148_rc2_3_repair_r1.py::test_phase148_rc2_3_repair_r1_pi10_4_closes_relocation_bypass,False,1,tests/test_phase148_rc2_3_exactness_exposure.py::test_phase148_rc2_3_pi10_4_hides_unowned_recursive_exactness_windows,False,All deletion candidates reach a natural newer-side sink through authorized removable edges.
C042,2,1,tests/test_phase148_rc2_3_exactness_exposure.py::test_phase148_rc2_3_pi16_9_hides_unowned_recursive_exactness_windowtests/test_phase148_rc2_3_repair_r1.py::test_phase148_rc2_3_repair_r1_pi16_9_keeps_recursive_window_hidden,,tests/test_phase148_rc2_3_repair_r1.py::test_phase148_rc2_3_repair_r1_pi16_9_keeps_recursive_window_hidden,tests/test_phase148_rc2_3_repair_r1.py::test_phase148_rc2_3_repair_r1_pi16_9_keeps_recursive_window_hidden,False,1,tests/test_phase148_rc2_3_exactness_exposure.py::test_phase148_rc2_3_pi16_9_hides_unowned_recursive_exactness_window,False,All deletion candidates reach a natural newer-side sink through authorized removable edges.
C043,2,1,tests/test_phase148_rc2_3_exactness_exposure.py::test_phase148_rc2_3_pi6_3_keeps_derived_short_exact_sequencetests/test_phase148_rc2_3_repair_r1.py::test_phase148_rc2_3_repair_r1_pi6_3_keeps_owned_short_exact_sequence,,tests/test_phase148_rc2_3_repair_r1.py::test_phase148_rc2_3_repair_r1_pi6_3_keeps_owned_short_exact_sequence,tests/test_phase148_rc2_3_repair_r1.py::test_phase148_rc2_3_repair_r1_pi6_3_keeps_owned_short_exact_sequence,False,1,tests/test_phase148_rc2_3_exactness_exposure.py::test_phase148_rc2_3_pi6_3_keeps_derived_short_exact_sequence,False,All deletion candidates reach a natural newer-side sink through authorized removable edges.
C044,2,1,tests/test_phase150_rc4_5d_3_multiple_relation_to_order.py::test_phase150_rc4_5d_3_renderer_has_no_target_or_proposition_special_casetests/test_phase150_rc4_5f_2_final_group_structure_reason.py::test_phase150_rc4_5f_2_renderer_has_no_target_or_proposition_special_case,,tests/test_phase150_rc4_5f_2_final_group_structure_reason.py::test_phase150_rc4_5f_2_renderer_has_no_target_or_proposition_special_case,tests/test_phase150_rc4_5f_2_final_group_structure_reason.py::test_phase150_rc4_5f_2_renderer_has_no_target_or_proposition_special_case,False,1,tests/test_phase150_rc4_5d_3_multiple_relation_to_order.py::test_phase150_rc4_5d_3_renderer_has_no_target_or_proposition_special_case,False,All deletion candidates reach a natural newer-side sink through authorized removable edges.
C045,3,2,tests/test_phase153_r7_independent_root_path.py::test_phase153_r7_repair_keeps_reference_use_and_final_grouptests/test_phase153_r7_scalar_suppression_key.py::test_phase153_r7_r6_keeps_reference_and_targettests/test_phase153_r7_sibling_boundary.py::test_phase153_r7_r4_keeps_consumed_reference_and_target,,tests/test_phase153_r7_sibling_boundary.py::test_phase153_r7_r4_keeps_consumed_reference_and_target,tests/test_phase153_r7_sibling_boundary.py::test_phase153_r7_r4_keeps_consumed_reference_and_target,False,2,tests/test_phase153_r7_independent_root_path.py::test_phase153_r7_repair_keeps_reference_use_and_final_grouptests/test_phase153_r7_scalar_suppression_key.py::test_phase153_r7_r6_keeps_reference_and_target,False,All deletion candidates reach a natural newer-side sink through authorized removable edges.
C046,2,1,tests/test_phase153_r7_scalar_suppression_key.py::test_phase153_r7_r6_removes_scalar_range_with_matching_suppression_keytests/test_phase153_r7_sibling_boundary.py::test_phase153_r7_r4_suppresses_range_shared_only_inside_unselected_sibling_branch,,tests/test_phase153_r7_sibling_boundary.py::test_phase153_r7_r4_suppresses_range_shared_only_inside_unselected_sibling_branch,tests/test_phase153_r7_sibling_boundary.py::test_phase153_r7_r4_suppresses_range_shared_only_inside_unselected_sibling_branch,False,1,tests/test_phase153_r7_scalar_suppression_key.py::test_phase153_r7_r6_removes_scalar_range_with_matching_suppression_key,False,All deletion candidates reach a natural newer-side sink through authorized removable edges.
C047,2,1,tests/test_phase154_r2_fix2_semantic_sentence_composition.py::test_phase154_r2_fix2_keeps_pi10_4_fixed1_resulttests/test_phase154_r2_fixed1_nu4_decomposition_semantic_prose.py::test_phase154_r2_fixed1_pi10_4_replaces_raw_nu4_rule_name_with_semantic_prose,,tests/test_phase154_r2_fixed1_nu4_decomposition_semantic_prose.py::test_phase154_r2_fixed1_pi10_4_replaces_raw_nu4_rule_name_with_semantic_prose,tests/test_phase154_r2_fixed1_nu4_decomposition_semantic_prose.py::test_phase154_r2_fixed1_pi10_4_replaces_raw_nu4_rule_name_with_semantic_prose,False,1,tests/test_phase154_r2_fix2_semantic_sentence_composition.py::test_phase154_r2_fix2_keeps_pi10_4_fixed1_result,False,All deletion candidates reach a natural newer-side sink through authorized removable edges.
C048,2,1,tests/test_phase154_r6_1_repair3_ascii_period_policy.py::test_phase154_r6_1_repair3_keeps_reference_title_periodstests/test_phase154_r6_2_ascii_comma_normalization.py::test_phase154_r6_2_keeps_reference_title_punctuation,,tests/test_phase154_r6_2_ascii_comma_normalization.py::test_phase154_r6_2_keeps_reference_title_punctuation,tests/test_phase154_r6_2_ascii_comma_normalization.py::test_phase154_r6_2_keeps_reference_title_punctuation,False,1,tests/test_phase154_r6_1_repair3_ascii_period_policy.py::test_phase154_r6_1_repair3_keeps_reference_title_periods,False,All deletion candidates reach a natural newer-side sink through authorized removable edges.
C049,2,1,tests/test_phase32_prop22.py::test_phase32_4_left_composition_law_rejects_missing_ctests/test_phase32_prop22.py::test_phase32_7_left_composition_law_requires_explicit_c,,tests/test_phase32_prop22.py::test_phase32_7_left_composition_law_requires_explicit_c,tests/test_phase32_prop22.py::test_phase32_7_left_composition_law_requires_explicit_c,False,1,tests/test_phase32_prop22.py::test_phase32_4_left_composition_law_rejects_missing_c,False,All deletion candidates reach a natural newer-side sink through authorized removable edges.
C050,2,1,tests/test_phase32_prop22.py::test_phase32_4_left_formula_rejects_plain_hopf_statementtests/test_phase32_prop22.py::test_phase32_7_left_formula_requires_explicit_law_statement,,tests/test_phase32_prop22.py::test_phase32_7_left_formula_requires_explicit_law_statement,tests/test_phase32_prop22.py::test_phase32_7_left_formula_requires_explicit_law_statement,False,1,tests/test_phase32_prop22.py::test_phase32_4_left_formula_rejects_plain_hopf_statement,False,All deletion candidates reach a natural newer-side sink through authorized removable edges.
C051,2,1,tests/test_phase33_barratt_hilton.py::test_phase33_2_scalar_power_is_not_evaluated_automaticallytests/test_phase33_barratt_hilton.py::test_phase33_7_scalar_power_is_not_constant_folded_automatically,,tests/test_phase33_barratt_hilton.py::test_phase33_7_scalar_power_is_not_constant_folded_automatically,tests/test_phase33_barratt_hilton.py::test_phase33_7_scalar_power_is_not_constant_folded_automatically,False,1,tests/test_phase33_barratt_hilton.py::test_phase33_2_scalar_power_is_not_evaluated_automatically,False,All deletion candidates reach a natural newer-side sink through authorized removable edges.
C052,2,1,tests/test_phase33_barratt_hilton.py::test_phase33_2_scalar_product_does_not_distribute_automaticallytests/test_phase33_barratt_hilton.py::test_phase33_7_scalar_product_does_not_distribute_over_sum_automatically,,tests/test_phase33_barratt_hilton.py::test_phase33_7_scalar_product_does_not_distribute_over_sum_automatically,tests/test_phase33_barratt_hilton.py::test_phase33_7_scalar_product_does_not_distribute_over_sum_automatically,False,1,tests/test_phase33_barratt_hilton.py::test_phase33_2_scalar_product_does_not_distribute_automatically,False,All deletion candidates reach a natural newer-side sink through authorized removable edges.
C053,2,1,tests/test_phase33_barratt_hilton.py::test_phase33_2_scalar_product_is_not_implicitly_commutativetests/test_phase33_barratt_hilton.py::test_phase33_7_scalar_product_is_not_implicitly_commutative,,tests/test_phase33_barratt_hilton.py::test_phase33_7_scalar_product_is_not_implicitly_commutative,tests/test_phase33_barratt_hilton.py::test_phase33_7_scalar_product_is_not_implicitly_commutative,False,1,tests/test_phase33_barratt_hilton.py::test_phase33_2_scalar_product_is_not_implicitly_commutative,False,All deletion candidates reach a natural newer-side sink through authorized removable edges.
C054,2,1,tests/test_phase33_barratt_hilton.py::test_phase33_2_scalar_sum_is_not_implicitly_commutativetests/test_phase33_barratt_hilton.py::test_phase33_7_scalar_sum_is_not_implicitly_commutative,,tests/test_phase33_barratt_hilton.py::test_phase33_7_scalar_sum_is_not_implicitly_commutative,tests/test_phase33_barratt_hilton.py::test_phase33_7_scalar_sum_is_not_implicitly_commutative,False,1,tests/test_phase33_barratt_hilton.py::test_phase33_2_scalar_sum_is_not_implicitly_commutative,False,All deletion candidates reach a natural newer-side sink through authorized removable edges.
C055,2,1,tests/test_phase33_barratt_hilton.py::test_phase33_5_first_barratt_hilton_composition_is_structurally_representabletests/test_phase33_barratt_hilton.py::test_phase33_6_first_formula_preserves_full_suspension_structure,,tests/test_phase33_barratt_hilton.py::test_phase33_6_first_formula_preserves_full_suspension_structure,tests/test_phase33_barratt_hilton.py::test_phase33_6_first_formula_preserves_full_suspension_structure,False,1,tests/test_phase33_barratt_hilton.py::test_phase33_5_first_barratt_hilton_composition_is_structurally_representable,False,All deletion candidates reach a natural newer-side sink through authorized removable edges.
C056,2,1,tests/test_phase33_barratt_hilton.py::test_phase33_5_second_barratt_hilton_composition_is_structurally_representabletests/test_phase33_barratt_hilton.py::test_phase33_6_second_formula_preserves_full_suspension_structure,,tests/test_phase33_barratt_hilton.py::test_phase33_6_second_formula_preserves_full_suspension_structure,tests/test_phase33_barratt_hilton.py::test_phase33_6_second_formula_preserves_full_suspension_structure,False,1,tests/test_phase33_barratt_hilton.py::test_phase33_5_second_barratt_hilton_composition_is_structurally_representable,False,All deletion candidates reach a natural newer-side sink through authorized removable edges.
C057,2,1,tests/test_phase33_barratt_hilton.py::test_phase33_6_formula_representation_does_not_add_smash_product_typingtests/test_phase33_barratt_hilton.py::test_phase33_7_smash_product_has_no_automatic_typing,,tests/test_phase33_barratt_hilton.py::test_phase33_7_smash_product_has_no_automatic_typing,tests/test_phase33_barratt_hilton.py::test_phase33_7_smash_product_has_no_automatic_typing,False,1,tests/test_phase33_barratt_hilton.py::test_phase33_6_formula_representation_does_not_add_smash_product_typing,False,All deletion candidates reach a natural newer-side sink through authorized removable edges.
C058,2,1,tests/test_phase41_preimage_subgroup.py::test_phase41_2_preimage_subgroup_uses_map_symboltests/test_phase41_preimage_subgroup.py::test_phase41_4_preimage_subgroup_map_type_remains_map_symbol,tests/test_phase41_preimage_subgroup.py::test_phase41_2_preimage_subgroup_uses_map_symboltests/test_phase41_preimage_subgroup.py::test_phase41_4_preimage_subgroup_map_type_remains_map_symbol,tests/test_phase41_preimage_subgroup.py::test_phase41_4_preimage_subgroup_map_type_remains_map_symbol,tests/test_phase41_preimage_subgroup.py::test_phase41_4_preimage_subgroup_map_type_remains_map_symbol,False,0,,False,Historical-protected nodes are retained; all other authorized older nodes reach a retained survivor.
C059,2,1,tests/test_phase41_preimage_subgroup.py::test_phase41_2_preimage_subgroup_uses_primary_component_targettests/test_phase41_preimage_subgroup.py::test_phase41_4_preimage_subgroup_target_type_remains_primary_component,tests/test_phase41_preimage_subgroup.py::test_phase41_2_preimage_subgroup_uses_primary_component_targettests/test_phase41_preimage_subgroup.py::test_phase41_4_preimage_subgroup_target_type_remains_primary_component,tests/test_phase41_preimage_subgroup.py::test_phase41_4_preimage_subgroup_target_type_remains_primary_component,tests/test_phase41_preimage_subgroup.py::test_phase41_4_preimage_subgroup_target_type_remains_primary_component,False,0,,False,Historical-protected nodes are retained; all other authorized older nodes reach a retained survivor.
C060,2,1,tests/test_phase62_applicability_provenance.py::test_phase62_5_nu_family_definition_rejects_threetests/test_phase62_nu_family_definition.py::test_phase62_2_rejects_concrete_index_below_four,,tests/test_phase62_nu_family_definition.py::test_phase62_2_rejects_concrete_index_below_four,tests/test_phase62_nu_family_definition.py::test_phase62_2_rejects_concrete_index_below_four,False,1,tests/test_phase62_applicability_provenance.py::test_phase62_5_nu_family_definition_rejects_three,False,All deletion candidates reach a natural newer-side sink through authorized removable edges.
C061,2,1,tests/test_phase72_probe.py::test_phase72_probe_output_contains_retirement_audittests/test_phase72r10_corrected_probe.py::test_phase72r10_probe_output_contains_retirement_audit,,tests/test_phase72r10_corrected_probe.py::test_phase72r10_probe_output_contains_retirement_audit,tests/test_phase72r10_corrected_probe.py::test_phase72r10_probe_output_contains_retirement_audit,False,1,tests/test_phase72_probe.py::test_phase72_probe_output_contains_retirement_audit,False,All deletion candidates reach a natural newer-side sink through authorized removable edges.
C062,2,1,tests/test_phase74_lemma512_final_integration.py::test_phase74_8_does_not_create_nu_square_classtests/test_phase74_lemma512_final_integration.py::test_phase74_8_final_generator_is_composition,,tests/test_phase74_lemma512_final_integration.py::test_phase74_8_final_generator_is_composition,tests/test_phase74_lemma512_final_integration.py::test_phase74_8_final_generator_is_composition,False,1,tests/test_phase74_lemma512_final_integration.py::test_phase74_8_does_not_create_nu_square_class,False,All deletion candidates reach a natural newer-side sink through authorized removable edges.
C063,2,1,tests/test_phase87_minimal_retry_policy_representation.py::test_phase87_2_current_search_still_stops_at_ambiguitytests/test_phase87_minimal_retry_policy_representation.py::test_phase87_2_fixture_preserves_catalog_candidate_order,,tests/test_phase87_minimal_retry_policy_representation.py::test_phase87_2_fixture_preserves_catalog_candidate_order,tests/test_phase87_minimal_retry_policy_representation.py::test_phase87_2_fixture_preserves_catalog_candidate_order,False,1,tests/test_phase87_minimal_retry_policy_representation.py::test_phase87_2_current_search_still_stops_at_ambiguity,False,All deletion candidates reach a natural newer-side sink through authorized removable edges.
C064,2,1,tests/test_toda_rules.py::test_phase23_5_consistent_indexed_data_allows_theorem_bridgetests/test_toda_rules.py::test_phase23_6_type_compatible_indexed_data_allows_theorem_bridge,,tests/test_toda_rules.py::test_phase23_6_type_compatible_indexed_data_allows_theorem_bridge,tests/test_toda_rules.py::test_phase23_6_type_compatible_indexed_data_allows_theorem_bridge,False,1,tests/test_toda_rules.py::test_phase23_5_consistent_indexed_data_allows_theorem_bridge,False,All deletion candidates reach a natural newer-side sink through authorized removable edges.
