candidate_no,start_line,end_line,category,label,provisional_unit,review_priority,context_signal,parent_named_label,legacy_locator,legacy_locator_state,semantic_identity,source_verification,statement_id,search_status,excerpt
1,81,83,unnumbered_display,,POSSIBLE_MATH_CLAIM,MEDIUM,relation_symbol,,,NOT_APPLICABLE,UNREVIEWED,UNVERIFIED,,NOT_CONNECTED,"\[ S^n=\{(t_1,\ldots,t_{n+1})\mid t_1^2+\cdots+t_{n+1}^2=1\}. \]"
2,87,89,numbered_math,,POSSIBLE_MATH_CLAIM,MEDIUM,relation_symbol,,,NOT_APPLICABLE,UNREVIEWED,UNVERIFIED,,NOT_CONNECTED,\begin{equation} \psi_n:I^n\longrightarrow S^n \end{equation}
3,107,111,numbered_math,,POSSIBLE_MATH_CLAIM,MEDIUM,relation_symbol,,,NOT_APPLICABLE,UNREVIEWED,UNVERIFIED,,NOT_CONNECTED,"\begin{equation} \psi_n(\partial I^n) = e_0,\quad \psi_n \text{ は, } I^n - \partial I^n \text{ を } S^n - e_0 \text{ の上に同相に写す.} \end{equation}"
4,112,114,unnumbered_display,,POSSIBLE_MATH_CLAIM,MEDIUM,relation_symbol,,,NOT_APPLICABLE,UNREVIEWED,UNVERIFIED,,NOT_CONNECTED,"\[ \psi_n(t) = (\cos 2\pi t,\ \sin 2\pi t). \]"
5,119,122,unnumbered_display,,POSSIBLE_DEFINITION,HIGH,definition_marker,,,NOT_APPLICABLE,UNREVIEWED,UNVERIFIED,,NOT_CONNECTED,"\[ \psi_{n+1}(t_{1},\cdots,t_{n},\frac{1}{2})= i(\psi_{n}(t_{1},\cdots,t_{n})). \]"
6,156,158,unnumbered_display,,POSSIBLE_MATH_CLAIM,MEDIUM,relation_symbol,,,NOT_APPLICABLE,UNREVIEWED,UNVERIFIED,,NOT_CONNECTED,"\[ [X,Y]=\{\, [f]\ \mid\ f:(X,x_0)\to (Y,y_0)\,\} \]"
7,173,175,unnumbered_display,,POSSIBLE_DEFINITION,HIGH,definition_marker,,,NOT_APPLICABLE,UNREVIEWED,UNVERIFIED,,NOT_CONNECTED,"\[ f^*:[Y,Z]\to[X,Z],\quad g_*:[X,Y]\to[X,Z]. \]"
8,176,178,unnumbered_display,,POSSIBLE_MATH_CLAIM,MEDIUM,relation_symbol,,,NOT_APPLICABLE,UNREVIEWED,UNVERIFIED,,NOT_CONNECTED,"\[ f^*(\beta)=[g\circ f],\qquad g_*(\alpha)=[g\circ f] \]"
9,180,182,unnumbered_display,,POSSIBLE_MATH_CLAIM,MEDIUM,relation_symbol,,,NOT_APPLICABLE,UNREVIEWED,UNVERIFIED,,NOT_CONNECTED,\[ (\gamma\circ \beta)\circ\alpha=\gamma\circ(\beta\circ\alpha). \]
10,183,186,unnumbered_display,,POSSIBLE_MATH_CLAIM,MEDIUM,relation_symbol,,,NOT_APPLICABLE,UNREVIEWED,UNVERIFIED,,NOT_CONNECTED,"\[ (f_2\circ f_1)^*=f_1^*\circ f_2^*,\quad (g_2\circ g_1)_*=g_{2*}\circ g_{1*}. \]"
11,191,193,unnumbered_display,,POSSIBLE_DEFINITION,HIGH,definition_marker,,,NOT_APPLICABLE,UNREVIEWED,UNVERIFIED,,NOT_CONNECTED,\[ A\vee B=\bigl(A\times\{b_0\}\bigr)\cup\bigl(\{a_0\}\times B\bigr) \]
12,196,199,unnumbered_display,,POSSIBLE_MATH_CLAIM,MEDIUM,relation_symbol,,,NOT_APPLICABLE,UNREVIEWED,UNVERIFIED,,NOT_CONNECTED,"\[ \shrink_{A,B}:A\times B\longrightarrow A\times B/A\vee B = A\ \wedge\ B \]"
13,201,203,unnumbered_display,,POSSIBLE_MATH_CLAIM,MEDIUM,relation_symbol,,,NOT_APPLICABLE,UNREVIEWED,UNVERIFIED,,NOT_CONNECTED,"\[ (A\ \wedge\ B)\ \wedge\ C\ \cong\ A\ \wedge\ (B\ \wedge\ C), \]"
14,204,207,unnumbered_display,,POSSIBLE_MATH_CLAIM,MEDIUM,relation_symbol,,,NOT_APPLICABLE,UNREVIEWED,UNVERIFIED,,NOT_CONNECTED,"\[ \phi_{A\wedge B, C}(\phi_{A,B}(a,b),c)\longleftrightarrow \phi_{A,B\wedge C}(a, \phi_{B,C}(b,c)). \]"
15,211,214,numbered_math,,POSSIBLE_MATH_CLAIM,MEDIUM,relation_symbol,,,NOT_APPLICABLE,UNREVIEWED,UNVERIFIED,,NOT_CONNECTED,\begin{equation} S^m\ \wedge\ S^n\ \cong\ S^{m+n+1}. \end{equation}
16,218,220,unnumbered_display,,POSSIBLE_MATH_CLAIM,MEDIUM,relation_symbol,,,NOT_APPLICABLE,UNREVIEWED,UNVERIFIED,,NOT_CONNECTED,"\[ \shrink_{m,n}\bigl(\psi_m(x),\,\psi_n(y)\bigr)=\psi_{m+n+1}(x,y). \]"
17,222,224,unnumbered_display,,POSSIBLE_MATH_CLAIM,MEDIUM,relation_symbol,,,NOT_APPLICABLE,UNREVIEWED,UNVERIFIED,,NOT_CONNECTED,"\[ f:A\to A',\quad g:B\to B' \]"
18,226,228,unnumbered_display,,POSSIBLE_MATH_CLAIM,MEDIUM,relation_symbol,,,NOT_APPLICABLE,UNREVIEWED,UNVERIFIED,,NOT_CONNECTED,\[ f\ \wedge \ g:\ A\ \wedge\ B\ \longrightarrow\ A'\ \wedge\ B' \]
19,230,232,unnumbered_display,,POSSIBLE_MATH_CLAIM,MEDIUM,relation_symbol,,,NOT_APPLICABLE,UNREVIEWED,UNVERIFIED,,NOT_CONNECTED,"\[ (f\wedge g)\circ \phi_{A,B} = \phi_{A',B'}\circ (f\times g). \]"
20,234,245,numbered_math,,POSSIBLE_MATH_CLAIM,MEDIUM,relation_symbol,,,NOT_APPLICABLE,UNREVIEWED,UNVERIFIED,,NOT_CONNECTED,"\begin{equation} \raisetag{3ex} \begin{aligned}[t] \text{0).}\ & f\simeq f',\ g\simeq g' \ \Rightarrow\ f\ \wedge\ g\simeq f'\ \wedge\ g': A\wedge B\to A'\wedge B', \qquad\qquad\qquad\qquad\qquad\qquad\\ \text{i).}\ & (f\wedge g)\wedge h = "
21,260,270,numbered_math,,POSSIBLE_DEFINITION,HIGH,definition_marker,,,NOT_APPLICABLE,UNREVIEWED,UNVERIFIED,,NOT_CONNECTED,\begin{equation} \raisetag{3ex} \begin{aligned}[t] \text{i).}\ & (\alpha\wedge\beta)\wedge\gamma = \alpha\wedge(\beta\wedge\gamma).\\ \text{ii).}\ & (\alpha'\circ\alpha)\wedge(\beta'\circ\beta) = (\alpha'\wedge\beta')\circ(\alpha\wedge\beta
22,274,276,unnumbered_display,,POSSIBLE_DEFINITION,HIGH,definition_marker,,,NOT_APPLICABLE,UNREVIEWED,UNVERIFIED,,NOT_CONNECTED,\[ \Ex^n X\ :=\ X\ \wedge\ S^n \]
23,284,287,unnumbered_display,,POSSIBLE_MATH_CLAIM,MEDIUM,relation_symbol,,,NOT_APPLICABLE,UNREVIEWED,UNVERIFIED,,NOT_CONNECTED,"\[ \Ex^n f:\ \Ex^n X\longrightarrow \Ex^n Y,\quad (Ef = E^1 f) \]"
24,294,311,numbered_math,,POSSIBLE_DEFINITION,HIGH,definition_marker,,,NOT_APPLICABLE,UNREVIEWED,UNVERIFIED,,NOT_CONNECTED,"\begin{equation} \raisetag{3ex} \begin{aligned}[t] \text{0).}\ & f\simeq g:X\to Y \text{ は, } E^n f\simeq E^n g \text{ を導く.}\\ & [f]\mapsto [E^n f] \text{ は, } E^n : [X,Y] \to [E^n X, E^n Y] \text{ を定める.}\\ \text{i).}\ & E^n(E^m\alpha) = E^"
25,315,318,unnumbered_display,,POSSIBLE_DEFINITION,HIGH,definition_marker,,,NOT_APPLICABLE,UNREVIEWED,UNVERIFIED,,NOT_CONNECTED,"\[ d_X:X\times I \to EX,\qquad d_X = \phi_{X,S^n}\circ (1_X\times \psi_1). \]"
26,326,329,unnumbered_display,,POSSIBLE_MATH_CLAIM,MEDIUM,relation_symbol,,,NOT_APPLICABLE,UNREVIEWED,UNVERIFIED,,NOT_CONNECTED,"\[ \Ex f(d_X(x, t)) = d_Y(f(x), t),\quad x\in X,\quad t \in I. \]"
27,334,340,unnumbered_display,,POSSIBLE_DEFINITION,HIGH,definition_marker,,,NOT_APPLICABLE,UNREVIEWED,UNVERIFIED,,NOT_CONNECTED,"\[ (f+g)(d_X(x,t)) := \begin{cases} f(d_X(x,2t)), & 0\le t\le \tfrac12,\\[2mm] g(d_X(x,2t-1)), & \tfrac12\le t\le 1, \end{cases} \]"
28,341,344,unnumbered_display,,POSSIBLE_MATH_CLAIM,MEDIUM,relation_symbol,,,NOT_APPLICABLE,UNREVIEWED,UNVERIFIED,,NOT_CONNECTED,"\[ (-f)(d_X(x, t)) := f(d_X(x, 1-t)). \]"
29,354,356,unnumbered_display,,POSSIBLE_MATH_CLAIM,MEDIUM,relation_symbol,,,NOT_APPLICABLE,UNREVIEWED,UNVERIFIED,,NOT_CONNECTED,"\[ [\Ex X,Y]\cong \pi_1\bigl(Y^X_{0}\bigr). \]"
30,358,361,numbered_math,,POSSIBLE_MATH_CLAIM,MEDIUM,relation_symbol,,,NOT_APPLICABLE,UNREVIEWED,UNVERIFIED,,NOT_CONNECTED,"\begin{equation} f:Y\to Z,\ g:W\to X \text{ に対して, 次は準同型である.} \end{equation}"
31,362,364,unnumbered_display,,POSSIBLE_MATH_CLAIM,MEDIUM,relation_symbol,,,NOT_APPLICABLE,UNREVIEWED,UNVERIFIED,,NOT_CONNECTED,"\[ f_*:[EX, Y] \to [EX,Z],\quad Eg^*:[EX,Y]\to[EW,Y]. \]"
32,366,368,unnumbered_display,,POSSIBLE_MATH_CLAIM,MEDIUM,relation_symbol,,,NOT_APPLICABLE,UNREVIEWED,UNVERIFIED,,NOT_CONNECTED,"\[ [f]\circ(\alpha + \alpha') = [f]\circ\alpha + [f]\circ\alpha', \]"
33,369,371,unnumbered_display,,POSSIBLE_MATH_CLAIM,MEDIUM,relation_symbol,,,NOT_APPLICABLE,UNREVIEWED,UNVERIFIED,,NOT_CONNECTED,\[ (\alpha + \alpha')\circ E[g] = \alpha\circ E[g] + \alpha'\circ E[g]. \]
34,378,382,numbered_math,,POSSIBLE_DEFINITION,HIGH,definition_marker,,,NOT_APPLICABLE,UNREVIEWED,UNVERIFIED,,NOT_CONNECTED,"\begin{equation} d_n:S^n\times I\longrightarrow S^{n+1},\qquad d_n\bigl(\psi_n(t_1,\ldots,t_n),t\bigr)=\psi_{n+1}(t_1,\ldots,t_n,t). \end{equation}"
35,395,398,unnumbered_display,,POSSIBLE_MATH_CLAIM,MEDIUM,relation_symbol,,,NOT_APPLICABLE,UNREVIEWED,UNVERIFIED,,NOT_CONNECTED,"\[ \Ox f:\ \Ox X\longrightarrow \Ox Y,\qquad (\Ox f(\ell))(t)=f(\ell(t)),\ \ \ell\in\Ox X,\ t\in I \]"
36,400,403,unnumbered_display,,POSSIBLE_MATH_CLAIM,MEDIUM,relation_symbol,,,NOT_APPLICABLE,UNREVIEWED,UNVERIFIED,,NOT_CONNECTED,"\[ \Ox:\ [X,Y]\longrightarrow [\Ox X,\Ox Y],\qquad \Omega [f] = [\Ox f] \]"
37,406,408,unnumbered_display,,POSSIBLE_MATH_CLAIM,MEDIUM,relation_symbol,,,NOT_APPLICABLE,UNREVIEWED,UNVERIFIED,,NOT_CONNECTED,\[ \Ox(\beta\circ\alpha)=\Ox\beta\circ \Ox\alpha \]
38,413,415,unnumbered_display,,POSSIBLE_MATH_CLAIM,MEDIUM,relation_symbol,,,NOT_APPLICABLE,UNREVIEWED,UNVERIFIED,,NOT_CONNECTED,"\[ i(x)(t) = d_X(x,t)\qquad (t\in I). \]"
39,417,419,unnumbered_display,,POSSIBLE_MATH_CLAIM,MEDIUM,relation_symbol,,,NOT_APPLICABLE,UNREVIEWED,UNVERIFIED,,NOT_CONNECTED,\[ i:X\to \Ox EX. \]
40,422,434,numbered_math,eq:loop-susp-comm,POSSIBLE_MATH_CLAIM,MEDIUM,relation_symbol,,,NOT_APPLICABLE,UNREVIEWED,UNVERIFIED,,NOT_CONNECTED,"\begin{equation}\label{eq:loop-susp-comm} \begin{tikzpicture}[baseline=(current bounding box.center)] \node (X) at (0,0) {$X$}; \node (Y) at (3,0) {$Y$}; \node (OX) at (0,-1.4) {$\Ox EX$}; \node (OY) at (3,-1.4) {$\Ox EY$}; \draw[->] (X)--n"
41,437,440,unnumbered_display,,POSSIBLE_DEFINITION,HIGH,definition_marker,,,NOT_APPLICABLE,UNREVIEWED,UNVERIFIED,,NOT_CONNECTED,\[ \Omega_0F= \Ox F\circ i:\ X\xrightarrow{\ i\ }\Ox EX\xrightarrow{\ \Ox F\ }\Ox Y \]
42,442,444,unnumbered_display,,POSSIBLE_DEFINITION,HIGH,definition_marker,,,NOT_APPLICABLE,UNREVIEWED,UNVERIFIED,,NOT_CONNECTED,"\[ \Omega_0F(x)(t) = F(d_X(x,t)) \]"
43,450,453,numbered_math,,POSSIBLE_MATH_CLAIM,MEDIUM,relation_symbol,,,NOT_APPLICABLE,UNREVIEWED,UNVERIFIED,,NOT_CONNECTED,"\begin{equation} \Omega_0:\ [EX,Y]\xrightarrow{\ \cong\ }[X, \Ox Y]. \end{equation}"
44,458,468,numbered_math,,POSSIBLE_MATH_CLAIM,MEDIUM,relation_symbol,,,NOT_APPLICABLE,UNREVIEWED,UNVERIFIED,,NOT_CONNECTED,"\begin{equation} \begin{tikzpicture}[baseline=(current bounding box.center)] \node (PX) at (-3,0) {$[X, Y]$}; \node (P1) at (3,0) {$[EX, EY]$}; \node (P2) at (0,-1.4) {$[X, \Ox EY].$}; \draw[->] (PX)--node[above] {$E$} (P1); \draw[->] (PX)-"
45,473,481,numbered_math,,POSSIBLE_MATH_CLAIM,MEDIUM,relation_symbol,,,NOT_APPLICABLE,UNREVIEWED,UNVERIFIED,,NOT_CONNECTED,"\begin{equation} \begin{aligned} \Omega_0(g\circ Ef)&=\Omega_0 g\circ f, & \Omega_0(h\circ g)&=\Ox h\circ \Omega_0 g,\\ \Omega_0(\beta\circ E\alpha)&=\Omega_0 \beta\circ \alpha, & \Omega_0(\gamma\circ \beta)&=\Ox\gamma\circ \Omega_0\beta . "
46,488,491,numbered_math,,POSSIBLE_MATH_CLAIM,MEDIUM,relation_symbol,,,NOT_APPLICABLE,UNREVIEWED,UNVERIFIED,,NOT_CONNECTED,"\begin{equation} \alpha\circ \Ex^n\beta=0,\qquad \beta\circ \gamma=0 \end{equation}"
47,493,497,unnumbered_display,,POSSIBLE_MATH_CLAIM,MEDIUM,relation_symbol,,,NOT_APPLICABLE,UNREVIEWED,UNVERIFIED,,NOT_CONNECTED,"\[ a:(\Ex^n Y,y_0)\to (Z,z_0),\quad b:(X,x_0)\to (Y,y_0),\quad c:(W,w_0)\to (X,x_0) \]"
48,500,503,unnumbered_display,,POSSIBLE_MATH_CLAIM,MEDIUM,relation_symbol,,,NOT_APPLICABLE,UNREVIEWED,UNVERIFIED,,NOT_CONNECTED,"\[ A_t:(\Ex^n X,x_0)\to (Z,z_0),\qquad B_t:(W,w_0)\to (Y,y_0),\qquad (0\le t\le 1) \]"
49,505,508,unnumbered_display,,POSSIBLE_MATH_CLAIM,MEDIUM,relation_symbol,,,NOT_APPLICABLE,UNREVIEWED,UNVERIFIED,,NOT_CONNECTED,"\[ A_0=a\circ \Ex^n b,\quad A_1(\Ex^n X)=z_0,\qquad B_0=b\circ c,\quad B_1(W)=y_0. \]"
50,510,517,numbered_math,eq:H-def,POSSIBLE_MATH_CLAIM,MEDIUM,relation_symbol,,,NOT_APPLICABLE,UNREVIEWED,UNVERIFIED,,NOT_CONNECTED,"\begin{equation}\label{eq:H-def} H(d(w,t))= \begin{cases} a\bigl(\Ex^n B_{2t-1}(w)\bigr), & \tfrac12\le t\le 1,\\[2mm] A_{1-2t}\bigl(\Ex^n c(w)\bigr), & 0\le t\le \tfrac12. \end{cases} \end{equation}"
51,527,529,unnumbered_display,,MATH_SPAN_UNDETERMINED,HIGH,no_safe_signal,,,NOT_APPLICABLE,UNREVIEWED,UNVERIFIED,,NOT_CONNECTED,"\[ \{\alpha,\ \Ex^n\beta,\ \Ex^n\gamma\}_n\ \subset\ [\Ex^{n+1}W, Z] \]"
52,536,538,unnumbered_display,,POSSIBLE_DEFINITION,HIGH,definition_marker,,,NOT_APPLICABLE,UNREVIEWED,UNVERIFIED,,NOT_CONNECTED,"\[ A\circ B=\{\ \alpha\circ\beta\mid \alpha\in A,\ \beta\in B\ \} \]"
53,540,542,unnumbered_display,,POSSIBLE_DEFINITION,HIGH,definition_marker,,,NOT_APPLICABLE,UNREVIEWED,UNVERIFIED,,NOT_CONNECTED,\[ A_1+A_2=\{\ \alpha_1+\alpha_2\mid \alpha_i\in A_i\ \} \]
54,545,564,named_statement,lem:double-coset,NAMED_STATEMENT_REVIEW,HIGH,theorem_environment,,Lemma 1.1 (provisional),NOT_MATCHED,UNREVIEWED,UNVERIFIED,,NOT_CONNECTED,"\begin{lemma}\label{lem:double-coset} $\{\alpha,\Ex^n\beta,\Ex^n\gamma\}_n$ は, $[\Ex^{n+1}W, Z]$ の中で, 次の部分群の double coset である. \[ [\Ex^{n+1}X, Z]\circ \Ex^{n+1}\gamma, \qquad \alpha\circ \Ex^n\!\bigl([\Ex W, Y]\bigr). \] $[\Ex^{n+1}W, Z]$ が"
55,576,579,unnumbered_display,,POSSIBLE_DEFINITION,HIGH,definition_marker,,,NOT_APPLICABLE,UNREVIEWED,UNVERIFIED,,NOT_CONNECTED,"\[ F:(\Ex^{n+1}X,x_0)\to (Z,z_0), \quad G:(\Ex W,w_0)\to (Y,y_0) \]"
56,581,587,unnumbered_display,,POSSIBLE_DEFINITION,HIGH,definition_marker,,,NOT_APPLICABLE,UNREVIEWED,UNVERIFIED,,NOT_CONNECTED,"\[ F(d_{E^{n}Z}(x,t))\equiv\left\{ \begin{array}{ll} A_{2t-1}(x), & \frac{1}{2} \leq t \leq 1, \\ A'_{1-2t}(x), & 0 \leq t \leq \frac{1}{2}, \\ \end{array}\right. \]"
57,588,594,unnumbered_display,,MATH_SPAN_UNDETERMINED,HIGH,no_safe_signal,,,NOT_APPLICABLE,UNREVIEWED,UNVERIFIED,,NOT_CONNECTED,"\[ G(d_{W}(w,t))\equiv\left\{ \begin{array}{ll} B'_{2t-1}(w), & \frac{1}{2} \leq t \leq 1, \\ B_{1-2t}(w), & 0 \leq t \leq \frac{1}{2}. \\ \end{array}\right. \]"
58,598,600,unnumbered_display,,POSSIBLE_MATH_CLAIM,MEDIUM,relation_symbol,,,NOT_APPLICABLE,UNREVIEWED,UNVERIFIED,,NOT_CONNECTED,\[ H'\ \simeq\ F\circ \Ex^{n+1}c\ +\ \bigl(H\ +\ a\circ \Ex^n G\circ \sigma\bigr) \]
59,604,606,unnumbered_display,,POSSIBLE_MATH_CLAIM,MEDIUM,relation_symbol,,,NOT_APPLICABLE,UNREVIEWED,UNVERIFIED,,NOT_CONNECTED,"\[ \sigma\bigl(\phi(w,\psi_{n+1}(t_1,\ldots,t_n,t))\bigr)=\phi(w, \psi_{n+1}(t, t_1,\ldots,t_n)) \]"
60,608,611,unnumbered_display,,POSSIBLE_MATH_CLAIM,MEDIUM,relation_symbol,,,NOT_APPLICABLE,UNREVIEWED,UNVERIFIED,,NOT_CONNECTED,"\[ \psi_{n+1}(t_1,\cdots,t_n, t) \longleftrightarrow \psi_{n+1}(t,t_1,\cdots,t_n) \]"
61,617,620,unnumbered_display,,POSSIBLE_MATH_CLAIM,MEDIUM,relation_symbol,,,NOT_APPLICABLE,UNREVIEWED,UNVERIFIED,,NOT_CONNECTED,\[ [H'] = [F]\circ E^{n+1}\gamma + ([H] \pm \alpha \circ E^n [G]) \]
62,626,629,unnumbered_display,,MATH_SPAN_UNDETERMINED,HIGH,no_safe_signal,,,NOT_APPLICABLE,UNREVIEWED,UNVERIFIED,,NOT_CONNECTED,"\[ F':(E^{n+1}X,x_0)\to(Z,z_0),\qquad G':(EW, w_0)\to (Y,y_0) \]"
63,631,633,unnumbered_display,,POSSIBLE_MATH_CLAIM,MEDIUM,relation_symbol,,,NOT_APPLICABLE,UNREVIEWED,UNVERIFIED,,NOT_CONNECTED,\[ F'\circ E^{n+1}c + (H + a\circ E^n G'\circ \sigma). \]
64,635,647,unnumbered_display,,POSSIBLE_DEFINITION,HIGH,definition_marker,,,NOT_APPLICABLE,UNREVIEWED,UNVERIFIED,,NOT_CONNECTED,"\[ A'_t(x)= \begin{cases} F'(d_{E^n X}(x,2-2t)),& \tfrac12\le t\le 1,\\ A_{2t}(x),& 0\le t\le \tfrac12, \end{cases} \qquad B'_t(w)= \begin{cases} G'(d_W(w,2t-1)),& \tfrac12\le t\le 1,\\ B_{2t}(w),& 0\le t\le \tfrac12, \end{cases} \]"
65,652,654,unnumbered_display,,POSSIBLE_MATH_CLAIM,MEDIUM,relation_symbol,,,NOT_APPLICABLE,UNREVIEWED,UNVERIFIED,,NOT_CONNECTED,\[ H'\ \simeq\ F'\circ \Ex^{n+1}c\ +\ (H+a\circ \Ex^n G'). \]
66,675,680,numbered_math,eq:split-m,POSSIBLE_MATH_CLAIM,MEDIUM,relation_symbol,,,NOT_APPLICABLE,UNREVIEWED,UNVERIFIED,,NOT_CONNECTED,"\begin{equation}\label{eq:split-m} \{\alpha,\ \Ex^n\beta,\ \Ex^n\gamma\}_n \ \subset\ \bigl\{\alpha,\ \Ex^{m}(E^{n-m}\beta),\ E^{m}(E^{n-m}\gamma)\bigr\}_m . \end{equation}"
67,687,711,named_statement,prop:1-2,NAMED_STATEMENT_REVIEW,HIGH,theorem_environment,,Proposition 1.2,NOT_MATCHED,UNREVIEWED,UNVERIFIED,,NOT_CONNECTED,"\begin{proposition}[]\label{prop:1-2} \leavevmode \begin{enumerate} \item[$0).$] $\alpha$, $\beta$, $\gamma$ のうち, いずれかが $0$ なら, \[ \{\alpha,\ \Ex^n\beta,\ \Ex^n\gamma\}_n\equiv0. \] \item[$i).$] $\alpha\circ \Ex^n\beta=\beta\circ\gamma=0$ の"
68,740,752,named_statement,prop:1-3,NAMED_STATEMENT_REVIEW,HIGH,theorem_environment,,Proposition 1.3,NOT_MATCHED,UNREVIEWED,UNVERIFIED,,NOT_CONNECTED,"\begin{proposition}\label{prop:1-3} 任意の $n\ge 0$ に対し, \[ -\Omega_0\bigl\{\alpha,\ \Ex^{n+1}\beta,\ \Ex^{n+1}\gamma\bigr\}_{n+1} = \bigl\{\Omega_0\alpha,\ \Ex^{n}\beta,\ \Ex^{n}\gamma\bigr\}_n \ , \] \[ -\Ex\{\alpha,\ \Ex^n\beta,\ \Ex^n\gamm"
69,759,767,unnumbered_display,,POSSIBLE_MATH_CLAIM,MEDIUM,relation_symbol,,,NOT_APPLICABLE,UNREVIEWED,UNVERIFIED,,NOT_CONNECTED,"\[ H(d_{ER}(d_R(w,s),t))= \begin{cases} a(\Ex^{n+1}B_{2t-1}(d_R(w,s))), & \tfrac12\le t\le 1,\\[2mm] A_{1-2t}(\Ex^{n+1}c(d_R(w,s))), & 0\le t\le \tfrac12, \end{cases} \]"
70,778,780,unnumbered_display,,POSSIBLE_DEFINITION,HIGH,definition_marker,,,NOT_APPLICABLE,UNREVIEWED,UNVERIFIED,,NOT_CONNECTED,"\[ d_{ER}(d_R(w,s),t) = \phi(w, \psi_2(s, t)). \]"
71,783,786,unnumbered_display,,POSSIBLE_PROOF_INTERNAL,MEDIUM,proof_marker,,,NOT_APPLICABLE,UNREVIEWED,UNVERIFIED,,NOT_CONNECTED,"\[ \sigma(d_{ER}(d_R(w,s),t)) = d_{ER}(d_R(w,t), s). \]"
72,790,798,unnumbered_display,,POSSIBLE_PROOF_INTERNAL,MEDIUM,proof_marker,,,NOT_APPLICABLE,UNREVIEWED,UNVERIFIED,,NOT_CONNECTED,"\[ \Omega_0(H\circ \sigma)(d_R(w,t))= \begin{cases} \Omega_0 a(\Ex^{n}B_{2t-1}(w)), & \tfrac12\le t\le 1,\\[2mm] \Omega_0 A_{1-2t}(\Ex^{n}c(w)), & 0\le t\le \tfrac12. \end{cases} \]"
73,814,822,unnumbered_display,,POSSIBLE_PROOF_INTERNAL,MEDIUM,proof_marker,,,NOT_APPLICABLE,UNREVIEWED,UNVERIFIED,,NOT_CONNECTED,"\[ \begin{align*} -E\todai[n]{\alpha, E^n\beta, E^n\gamma} & = -\Omega_0^{-1}(\iota \circ \todai[n]{\alpha, E^n\beta, E^n\gamma}) \subset -\Omega_0^{-1}\todai[n]{\iota\circ\alpha, E^n\beta, E^n\gamma}\\ & = \todai[n+1]{\Omega_0^{-1}\circ\io"
74,826,834,named_statement,prop:1-4,NAMED_STATEMENT_REVIEW,HIGH,theorem_environment,,Proposition 1.4,NOT_MATCHED,UNREVIEWED,UNVERIFIED,,NOT_CONNECTED,"\begin{proposition}\label{prop:1-4} $\alpha\circ \Ex^n\beta=\beta\circ\gamma=\gamma\circ\delta=0$ のとき, 次が成り立つ. \[ \{\alpha,\ \Ex^n\beta,\ \Ex^n\gamma\}_n\circ\Ex^{n+1}\delta = (-1)^{n+1}\bigl(\alpha\circ \Ex^n\{\beta,\ \gamma,\ \delta\}\big"
75,845,854,unnumbered_display,,POSSIBLE_DEFINITION,HIGH,definition_marker,,,NOT_APPLICABLE,UNREVIEWED,UNVERIFIED,,NOT_CONNECTED,"\[ H(d_{E^n V}(s, t)) = \left\{ \begin{array}{ll} A_{1-2t}(E^n c(E^n d(s))), & 0\leq t \leq \frac{1}{2},\\ a(E^n B_{2t-1}(E^n d(s))), & \frac{1}{2} \leq t \leq 1. \end{array} \right. \]"
76,862,872,unnumbered_display,,POSSIBLE_DEFINITION,HIGH,definition_marker,,,NOT_APPLICABLE,UNREVIEWED,UNVERIFIED,,NOT_CONNECTED,"\[ H_{u}(d_{\Ex^{n}V}(s,t))\equiv\left\{ \begin{array}{ll} A_{1-2t}(\Ex^{n}C_{2u(1-2t)}(s)), & 0\leq t \leq \frac{1}{2},\ 0\leq u \leq \frac{1}{2}, \\ A_{(2-2u)(1-2t)}(\Ex^{n}C_{1-2t}(s)), & 0\leq t \leq \frac{1}{2},\ \frac{1}{2} \leq u \le"
77,875,878,unnumbered_display,,POSSIBLE_DEFINITION,HIGH,definition_marker,,,NOT_APPLICABLE,UNREVIEWED,UNVERIFIED,,NOT_CONNECTED,"\[ \sigma(\phi_{V,S^{n+1}}(v,\psi_{n+1}(t_{1},\cdots,t_{n},t))) := \phi_{V,S^{n+1}}(v,\psi_{n+1}(1-t,t_{1},\cdots,t_{n})). \]"
78,880,889,unnumbered_display,,POSSIBLE_DEFINITION,HIGH,definition_marker,,,NOT_APPLICABLE,UNREVIEWED,UNVERIFIED,,NOT_CONNECTED,"\[ K(d_{V}(v, t)) = \left\{ \begin{array}{ll} B_{1-2t}(d(v)), & 0\leq t \leq \frac{1}{2},\\ b(C_{2t-1}(v)), & \frac{1}{2} \leq t \leq 1. \end{array} \right. \]"
79,907,910,unnumbered_display,,POSSIBLE_PROOF_INTERNAL,MEDIUM,proof_marker,,,NOT_APPLICABLE,UNREVIEWED,UNVERIFIED,,NOT_CONNECTED,"\[ [a\circ E^n K\circ\sigma] \in \todai[n]{\alpha, E^n\beta, E^n\gamma}\circ E^{n+1}\delta \]"
80,917,944,named_statement,prop:1-5,NAMED_STATEMENT_REVIEW,HIGH,theorem_environment,,Proposition 1.5,NOT_MATCHED,UNREVIEWED,UNVERIFIED,,NOT_CONNECTED,"\begin{proposition}[]\label{prop:1-5} $\alpha,\beta,\gamma,\delta,\varepsilon$ を, \[ \alpha\circ \beta=\beta\circ\gamma=\gamma\circ\delta=\delta\circ\varepsilon=0 \] \[ 0\in \alpha\circ\{\beta,\ \gamma,\ \delta\}, \ \ 0\in\{\beta,\ \gamma,\"
81,947,952,unnumbered_display,,POSSIBLE_PROOF_INTERNAL,MEDIUM,proof_marker,,,NOT_APPLICABLE,UNREVIEWED,UNVERIFIED,,NOT_CONNECTED,"\[ \{\{\alpha,\beta,\gamma\},\ E\delta,\ E\varepsilon\} +\{\alpha,\ \{\beta,\gamma,\delta\},\ E\varepsilon\} +\{\alpha,\ \beta,\ \{\gamma,\delta,\varepsilon\}\} \equiv0 . \]"
82,956,986,named_statement,prop:1-6,NAMED_STATEMENT_REVIEW,HIGH,theorem_environment,,Proposition 1.6,NOT_MATCHED,UNREVIEWED,UNVERIFIED,,NOT_CONNECTED,"\begin{proposition}[]\label{prop:1-6} $\alpha,\alpha'\in[\Ex^n Y, Z]$, $\beta,\beta'\in[X, Y]$, $\gamma,\gamma'\in[W, X]$ とする. \\ $n\ge 1$ \emph{または} $W=\Ex W'$ の場合には, \[ \{\alpha,\Ex^n\beta,\Ex^n\gamma\}_n + \{\alpha,\Ex^n\beta,\Ex^n\gamma"
83,998,1001,unnumbered_display,,MATH_SPAN_UNDETERMINED,HIGH,no_safe_signal,,,NOT_APPLICABLE,UNREVIEWED,UNVERIFIED,,NOT_CONNECTED,"\[ (\alpha+\alpha')\circ \Ex^{n+1}\!\bigl([W, Y]\bigr) + [\Ex^{n+1}X, Z]\circ \Ex^{n+1}\gamma. \]"
84,1007,1011,unnumbered_display,,MATH_SPAN_UNDETERMINED,HIGH,no_safe_signal,,,NOT_APPLICABLE,UNREVIEWED,UNVERIFIED,,NOT_CONNECTED,"\[ \alpha\circ E^{n+1}[W,X] + \alpha'\circ E^{n+1}[W,X] + [E^{n+1}X,Z]. \]"
85,1013,1016,unnumbered_display,,MATH_SPAN_UNDETERMINED,HIGH,no_safe_signal,,,NOT_APPLICABLE,UNREVIEWED,UNVERIFIED,,NOT_CONNECTED,"\[ (\alpha + \alpha') \circ E^{n+1}[W,X] + [E^[n+1]X,Z] \circ E^{n+1}\gamma. \]"
86,1047,1053,unnumbered_display,,POSSIBLE_DEFINITION,HIGH,definition_marker,,,NOT_APPLICABLE,UNREVIEWED,UNVERIFIED,,NOT_CONNECTED,"\[ H''(\phi(w,\psi_2(s, t))) := \begin{cases} H(\phi(w, \psi_2(2s, t))), & 0\le s\le \tfrac12,\\ H'(\phi(w, \psi_2(2s-1, t))), & \tfrac12\le s\le 1. \end{cases} \]"
87,1062,1065,unnumbered_display,,POSSIBLE_MATH_CLAIM,MEDIUM,relation_symbol,,,NOT_APPLICABLE,UNREVIEWED,UNVERIFIED,,NOT_CONNECTED,"\[ [H] + [H'] = [H''] \in \todai[n]{\alpha + \alpha', E^n\beta, E^n\gamma} \]"
88,1076,1078,unnumbered_display,,POSSIBLE_DEFINITION,HIGH,definition_marker,,,NOT_APPLICABLE,UNREVIEWED,UNVERIFIED,,NOT_CONNECTED,\[ CX=(X\times I)/\bigl(X\times\{1\}\ \cup\ x_0\times I\bigr). \]
89,1100,1106,unnumbered_display,,POSSIBLE_DEFINITION,HIGH,definition_marker,,,NOT_APPLICABLE,UNREVIEWED,UNVERIFIED,,NOT_CONNECTED,"\[ h(d_W(w, t)) \left\{ \begin{array}{ll} = d'_X(c(w), 1-2t), & 0 \leq t \leq \frac{1}{2}, \\ \in Y, & \frac{1}{2} \leq t \leq 1. \\ \end{array}\right. \]"
90,1115,1119,numbered_math,eq:cone-susp,POSSIBLE_MATH_CLAIM,MEDIUM,relation_symbol,,,NOT_APPLICABLE,UNREVIEWED,UNVERIFIED,,NOT_CONNECTED,"\begin{equation}\label{eq:cone-susp} \Ex^n(Y\cup_\beta CX)\ =\ \Ex^nY\ \cup_{\beta'}\ C\Ex^n X,\quad \beta'=\Ex^n \beta. \end{equation}"
91,1121,1123,unnumbered_display,,POSSIBLE_MATH_CLAIM,MEDIUM,relation_symbol,,,NOT_APPLICABLE,UNREVIEWED,UNVERIFIED,,NOT_CONNECTED,"\[ \phi(d'_X(x,t),\psi_n(t_1,\ldots,t_n))\longleftrightarrow d'_Z(\phi'(x,\psi_n(t_1,\ldots,t_n)),t) \]"
92,1129,1139,named_statement,prop:1-7,NAMED_STATEMENT_REVIEW,HIGH,theorem_environment,,Proposition 1.7,NOT_MATCHED,UNREVIEWED,UNVERIFIED,,NOT_CONNECTED,"\begin{proposition}[]\label{prop:1-7} \(\alpha\in[E^nY, Z],\ \beta\in[X,Y],\ \gamma\in[W,X]\) に対して, $\alpha\circ \Ex^n\beta=\beta\circ\gamma=0$ を仮定する. \\ $\alpha$ の extension $\overline\alpha\in[\Ex^n(Y\cup_\beta CX), Z]$ と, $\gamma$ の coex"
93,1146,1152,unnumbered_display,,POSSIBLE_MATH_CLAIM,MEDIUM,relation_symbol,,,NOT_APPLICABLE,UNREVIEWED,UNVERIFIED,,NOT_CONNECTED,"\[ h\bigl(d_W(w,t)\bigr)= \begin{cases} d'_X(c(w),1-2t), & 0\le t\le \tfrac12,\\ B_{2t-1}(w), & \tfrac12\le t\le 1. \end{cases} \]"
94,1174,1186,named_statement,prop:1-8,NAMED_STATEMENT_REVIEW,HIGH,theorem_environment,,Proposition 1.8,NOT_MATCHED,UNREVIEWED,UNVERIFIED,,NOT_CONNECTED,"\begin{proposition}\label{prop:1-8} $\alpha,\beta,\gamma$ は, Prop$1.7$ と同様とする. \\ $\widetilde{\beta}\in[\Ex^{n+1}X, Z\cup_\alpha C\Ex^nY]$ を, $E^n\beta$ の \emph{coextension} とするとき, 次が成り立つ. \[ \bigl\{\ \widetilde{\beta}\circ\Ex^{n+1}\gamma\ "
95,1192,1198,unnumbered_display,,POSSIBLE_MATH_CLAIM,MEDIUM,relation_symbol,,,NOT_APPLICABLE,UNREVIEWED,UNVERIFIED,,NOT_CONNECTED,"\[ H_s\bigl(d(w,t)\bigr)= \begin{cases} d'_V\!\left(E^nB_{s(1-2t)}(w),\ (1-s)(1-2t)\right), & 0\le t\le \tfrac12,\\ A_{2t-1}\!\left(E^n c(w)\right), & \tfrac12\le t\le 1. \end{cases} \]"
96,1216,1219,numbered_math,eq:p-def,POSSIBLE_MATH_CLAIM,MEDIUM,relation_symbol,,,NOT_APPLICABLE,UNREVIEWED,UNVERIFIED,,NOT_CONNECTED,\begin{equation}\label{eq:p-def} p:X\cup_\gamma CW\to EW \end{equation}
97,1221,1224,unnumbered_display,,POSSIBLE_MATH_CLAIM,MEDIUM,relation_symbol,,,NOT_APPLICABLE,UNREVIEWED,UNVERIFIED,,NOT_CONNECTED,"\[ p(d'_W(w, t)) = d_W(w, t),\qquad p(X) = x_0. \]"
98,1227,1233,numbered_math,eq:p-star,POSSIBLE_MATH_CLAIM,MEDIUM,relation_symbol,,,NOT_APPLICABLE,UNREVIEWED,UNVERIFIED,,NOT_CONNECTED,"\begin{equation}\label{eq:p-star} p_*(\widetilde{\delta})=E\delta, \quad\text{for a coextension }\ \widetilde{\delta}\in[EV, X\cup_\gamma CW] \text{ of }\delta\in[V, W]. \end{equation}"
99,1235,1258,named_statement,prop:1-9,NAMED_STATEMENT_REVIEW,HIGH,theorem_environment,,Proposition 1.9,NOT_MATCHED,UNREVIEWED,UNVERIFIED,,NOT_CONNECTED,"\begin{proposition}\label{prop:1-9} $\alpha,\beta,\gamma$ は, Prop$1.7$ と同様とする. \\ $\overline\beta\in[X\cup_f CW, Y]$ を $\beta$ の \emph{extension} とする. このとき, ある $\lambda\in[\Ex^{n+1}W, Z]$ が存在して, 次を満たす. \[ (\Ex^n p)^*\lambda=\alpha\circ \Ex^"
100,1264,1269,unnumbered_display,,POSSIBLE_DEFINITION,HIGH,definition_marker,,,NOT_APPLICABLE,UNREVIEWED,UNVERIFIED,,NOT_CONNECTED,"\[ \begin{cases} G(x) = a(E^n b(x)), & x \in E^n X,\\ G(d'_V(w, t)) = a(E^n B_t(w)), & w \in E^n W = V,\ t \in I. \end{cases} \]"
101,1278,1281,unnumbered_display,,POSSIBLE_MATH_CLAIM,MEDIUM,relation_symbol,,,NOT_APPLICABLE,UNREVIEWED,UNVERIFIED,,NOT_CONNECTED,"\[ G_0 = G,\qquad G_1(E^n X) = z_0. \]"
102,1298,1306,unnumbered_display,,POSSIBLE_MATH_CLAIM,MEDIUM,relation_symbol,,,NOT_APPLICABLE,UNREVIEWED,UNVERIFIED,,NOT_CONNECTED,"\[ H_s\bigl(d_V(w,t)\bigr)= \begin{cases} A_{1-2t}\!\left(E^n c(w)\right), & 0\le t\le \dfrac{1-s}{2},\\ G_s\!\left(d'_V\!\left(w,\dfrac{2t-1+s}{1+s}\right)\right), & \dfrac{1-s}{2}\le t\le 1. \end{cases} \]"
