n,k,group,root_rule,root_boundary,root_component_key,reference,selected_rule,selected_statement_type,selected_statement,boundary_status,component_key,eligible
2,4,pi_6^2,Toda Lemma 5.7 pi_6^2 eta_2 nu-prime,UNTRACKED,,Proposition 5.6,Toda Proposition 5.6 finite-dimensional integration,TodaProp56FiniteDimensionalStatement,"$\pi_{5}^{2} = \mathbb{Z}/2\{\eta_{2}\eta_{3}\eta_{4}\}$, $\pi_{6}^{3} = \mathbb{Z}/4\{\nu'\}$, $\pi_{7}^{4} = \mathbb{Z}\{\nu_{4}\} \oplus \mathbb{Z}/4\{E\nu'\}$, $\pi_{8}^{5} = \mathbb{Z}/8\{\nu_{5}\}$, $\pi_{n + 3}^{n} = \mathbb{Z}/8\{\nu_{n}\}$, $n \ge 6$ が成り立つ.",FIXED_STATEMENT_WITHOUT_COMPONENT,,False
2,5,pi_7^2,Toda Proposition 5.9 pi_7^2 eta_2 nu-prime eta_6,UNTRACKED,,Proposition 5.3,Toda Proposition 5.3 finite-dimensional integration,TodaProp53FiniteDimensionalStatement,"$\pi_{4}^{2} = \mathbb{Z}/2\{\eta_{2}\eta_{3}\}$, $\pi_{5}^{3} = \mathbb{Z}/2\{\eta_{3}\eta_{4}\}$, $\pi_{6}^{4} = \mathbb{Z}/2\{\eta_{4}\eta_{5}\}$, $\pi_{n + 2}^{n} = \mathbb{Z}/2\{\eta_{n}\eta_{n + 1}\}$, $n \ge 5$ が成り立つ.",FIXED_STATEMENT_WITHOUT_COMPONENT,,False
2,7,pi_9^2,Toda Proposition 5.15 pi_9^2 zero from Toda (5.2),fixed_statement,pi9_2_zero,Proposition 5.11,Toda Proposition 5.11 finite-dimensional integration,TodaProp511FiniteDimensionalStatement,"$\pi_{8}^{2} = \mathbb{Z}/2\{\eta_{2}\nu'\eta_{6}\eta_{7}\}$, $\pi_{9}^{3} = 0$, $\pi_{10}^{4} = \mathbb{Z}/8\{\nu_{4}\nu_{7}\}$, $\pi_{11}^{5} = \mathbb{Z}/2\{\nu_{5}\nu_{8}\}$, $\pi_{12}^{6} = \mathbb{Z}/2\{\nu_{6}\nu_{9}\}$, $\pi_{13}^{7} = \mathbb{Z}/2\{\nu_{7}\nu_{10}\}$, $\pi_{14}^{8} = \mathbb{Z}/2\{\nu_{8}\nu_{11}\}$, $\pi_{n + 6}^{n} = \mathbb{Z}/2\{\nu_{n}\nu_{n + 3}\}$, $n \ge 9$ が成り立つ.",FIXED_STATEMENT_WITHOUT_COMPONENT,,False
3,2,pi_5^3,Toda Proposition 5.3 n=3 pi_5^3 finite-cyclic transport,fixed_statement,pi5_3_group_relation,Proposition 5.3,Toda Proposition 5.3 n=3 suspension isomorphism,TodaSuspensionIsomorphismStatement,$E: \pi_{4}^{2} \to \pi_{5}^{3}$ は同型写像である.,PROOF_INTERNAL,,False
3,3,pi_6^3,Toda Proposition 5.6 pi_6^3 finite cyclic,fixed_statement,pi6_3_group_relation,Proposition 5.1,Toda Proposition 5.1 finite-dimensional integration,TodaProp51FiniteDimensionalStatement,"$\pi_{3}^{2} = \mathbb{Z}\{\eta_{2}\}$, $H\left(\eta_{2}\right) = \iota_{3}$, $\Delta\left(\iota_{5}\right) = \pm 2\eta_{2}$, $\pi_{n + 1}^{n} = \mathbb{Z}/2\{\eta_{n}\}$ が成り立つ.",FIXED_STATEMENT_WITHOUT_COMPONENT,,False
3,4,pi_7^3,Toda Proposition 5.8 pi_7^3 finite cyclic,UNTRACKED,,Proposition 5.3,Toda Proposition 5.3 finite-dimensional integration,TodaProp53FiniteDimensionalStatement,"$\pi_{4}^{2} = \mathbb{Z}/2\{\eta_{2}\eta_{3}\}$, $\pi_{5}^{3} = \mathbb{Z}/2\{\eta_{3}\eta_{4}\}$, $\pi_{6}^{4} = \mathbb{Z}/2\{\eta_{4}\eta_{5}\}$, $\pi_{n + 2}^{n} = \mathbb{Z}/2\{\eta_{n}\eta_{n + 1}\}$, $n \ge 5$ が成り立つ.",FIXED_STATEMENT_WITHOUT_COMPONENT,,False
3,4,pi_7^3,Toda Proposition 5.8 pi_7^3 finite cyclic,UNTRACKED,,Proposition 5.6,Toda Proposition 5.6 pi_7^3 Hopf surjective,TodaHopfInvariantSurjectiveStatement,$H: \pi_{7}^{3} \to \pi_{7}^{5}$ は全射である.,PROOF_INTERNAL,,False
3,6,pi_9^3,Toda Proposition 5.11 pi_9^3 zero,fixed_statement,pi9_3_zero,Proposition 5.11,Toda Proposition 5.11 zero E implies H injective,TodaHopfInvariantInjectiveStatement,$H: \pi_{9}^{3} \to \pi_{9}^{5}$ は単射である.,PROOF_INTERNAL,,False
3,7,pi_10^3,Toda Proposition 5.15 pi_10^3 zero,fixed_statement,pi10_3_zero,Proposition 5.15,Toda Proposition 5.15 pi_10^3 concrete EHP exactness,TodaProp42ExactnessStatement,$\pi_{9}^{2} \xrightarrow{E} \pi_{10}^{3} \xrightarrow{H} \pi_{10}^{5}$ は完全である.,PROOF_INTERNAL,,False
3,7,pi_10^3,Toda Proposition 5.15 pi_10^3 zero,fixed_statement,pi10_3_zero,Proposition 5.11,Toda Proposition 5.11 finite-dimensional integration,TodaProp511FiniteDimensionalStatement,"$\pi_{8}^{2} = \mathbb{Z}/2\{\eta_{2}\nu'\eta_{6}\eta_{7}\}$, $\pi_{9}^{3} = 0$, $\pi_{10}^{4} = \mathbb{Z}/8\{\nu_{4}\nu_{7}\}$, $\pi_{11}^{5} = \mathbb{Z}/2\{\nu_{5}\nu_{8}\}$, $\pi_{12}^{6} = \mathbb{Z}/2\{\nu_{6}\nu_{9}\}$, $\pi_{13}^{7} = \mathbb{Z}/2\{\nu_{7}\nu_{10}\}$, $\pi_{14}^{8} = \mathbb{Z}/2\{\nu_{8}\nu_{11}\}$, $\pi_{n + 6}^{n} = \mathbb{Z}/2\{\nu_{n}\nu_{n + 3}\}$, $n \ge 9$ が成り立つ.",FIXED_STATEMENT_WITHOUT_COMPONENT,,False
4,3,pi_7^4,Toda Proposition 5.6 pi_7^4 decomposition,fixed_statement,pi7_4_group_relation,Proposition 5.3,Toda Proposition 5.3 n=3 Hopf eta_5 surjectivity,TodaHopfInvariantSurjectiveStatement,$H: \pi_{6}^{3} \to \pi_{6}^{5}$ は全射である.,PROOF_INTERNAL,,False
4,4,pi_8^4,Toda Proposition 5.8 pi_8^4 decomposition,UNTRACKED,,Proposition 5.1,Toda Proposition 5.1 finite-dimensional integration,TodaProp51FiniteDimensionalStatement,"$\pi_{3}^{2} = \mathbb{Z}\{\eta_{2}\}$, $H\left(\eta_{2}\right) = \iota_{3}$, $\Delta\left(\iota_{5}\right) = \pm 2\eta_{2}$, $\pi_{n + 1}^{n} = \mathbb{Z}/2\{\eta_{n}\}$ が成り立つ.",FIXED_STATEMENT_WITHOUT_COMPONENT,,False
4,4,pi_8^4,Toda Proposition 5.8 pi_8^4 decomposition,UNTRACKED,,Proposition 5.3,Toda Proposition 5.3 finite-dimensional integration,TodaProp53FiniteDimensionalStatement,"$\pi_{4}^{2} = \mathbb{Z}/2\{\eta_{2}\eta_{3}\}$, $\pi_{5}^{3} = \mathbb{Z}/2\{\eta_{3}\eta_{4}\}$, $\pi_{6}^{4} = \mathbb{Z}/2\{\eta_{4}\eta_{5}\}$, $\pi_{n + 2}^{n} = \mathbb{Z}/2\{\eta_{n}\eta_{n + 1}\}$, $n \ge 5$ が成り立つ.",FIXED_STATEMENT_WITHOUT_COMPONENT,,False
4,5,pi_9^4,Toda Proposition 5.9 pi_9^4 decomposition,UNTRACKED,,Proposition 5.3,Toda Proposition 5.3 finite-dimensional integration,TodaProp53FiniteDimensionalStatement,"$\pi_{4}^{2} = \mathbb{Z}/2\{\eta_{2}\eta_{3}\}$, $\pi_{5}^{3} = \mathbb{Z}/2\{\eta_{3}\eta_{4}\}$, $\pi_{6}^{4} = \mathbb{Z}/2\{\eta_{4}\eta_{5}\}$, $\pi_{n + 2}^{n} = \mathbb{Z}/2\{\eta_{n}\eta_{n + 1}\}$, $n \ge 5$ が成り立つ.",FIXED_STATEMENT_WITHOUT_COMPONENT,,False
4,6,pi_10^4,Toda Proposition 5.11 pi_10^4 generated by nu_4 squared,fixed_statement,pi10_4_group_relation,Proposition 5.6,Toda Proposition 5.6 finite-dimensional integration,TodaProp56FiniteDimensionalStatement,"$\pi_{5}^{2} = \mathbb{Z}/2\{\eta_{2}\eta_{3}\eta_{4}\}$, $\pi_{6}^{3} = \mathbb{Z}/4\{\nu'\}$, $\pi_{7}^{4} = \mathbb{Z}\{\nu_{4}\} \oplus \mathbb{Z}/4\{E\nu'\}$, $\pi_{8}^{5} = \mathbb{Z}/8\{\nu_{5}\}$, $\pi_{n + 3}^{n} = \mathbb{Z}/8\{\nu_{n}\}$, $n \ge 6$ が成り立つ.",FIXED_STATEMENT_WITHOUT_COMPONENT,,False
5,1,pi_6^5,Toda Lemma 5.4 pi_6^5 finite-cyclic specialization,UNTRACKED,,Proposition 5.1,Toda Proposition 5.1 finite-dimensional integration,TodaProp51FiniteDimensionalStatement,"$\pi_{3}^{2} = \mathbb{Z}\{\eta_{2}\}$, $H\left(\eta_{2}\right) = \iota_{3}$, $\Delta\left(\iota_{5}\right) = \pm 2\eta_{2}$, $\pi_{n + 1}^{n} = \mathbb{Z}/2\{\eta_{n}\}$ が成り立つ.",FIXED_STATEMENT_WITHOUT_COMPONENT,,False
5,2,pi_7^5,ProofRule.INFERENCE,UNTRACKED,,Proposition 5.3,Toda Proposition 5.3 eta_4 squared stable transport,Relation,$\pi_{n + 2}^{n} = \mathbb{Z}/2\{E^{n - 4}\eta_{4}\eta_{5}\}$,PROOF_INTERNAL,,False
5,3,pi_8^5,Toda Proposition 5.6 pi_8^5 finite cyclic,fixed_statement,pi8_5_group_relation,Proposition 5.6,Toda Proposition 5.6 nu_5 order eight,Relation,$\operatorname{ord}\left(\nu_{5}\right) = 8$,PROOF_INTERNAL,,False
5,3,pi_8^5,Toda Proposition 5.6 pi_8^5 finite cyclic,fixed_statement,pi8_5_group_relation,Proposition 5.3,Toda Proposition 5.3 n=3 Hopf eta_5 surjectivity,TodaHopfInvariantSurjectiveStatement,$H: \pi_{6}^{3} \to \pi_{6}^{5}$ は全射である.,PROOF_INTERNAL,,False
5,4,pi_9^5,Toda Proposition 5.8 pi_9^5 finite cyclic,UNTRACKED,,Proposition 5.1,Toda Proposition 5.1 finite-dimensional integration,TodaProp51FiniteDimensionalStatement,"$\pi_{3}^{2} = \mathbb{Z}\{\eta_{2}\}$, $H\left(\eta_{2}\right) = \iota_{3}$, $\Delta\left(\iota_{5}\right) = \pm 2\eta_{2}$, $\pi_{n + 1}^{n} = \mathbb{Z}/2\{\eta_{n}\}$ が成り立つ.",FIXED_STATEMENT_WITHOUT_COMPONENT,,False
5,5,pi_10^5,Toda Proposition 5.9 pi_10^5 finite cyclic,UNTRACKED,,Proposition 5.3,Toda Proposition 5.3 finite-dimensional integration,TodaProp53FiniteDimensionalStatement,"$\pi_{4}^{2} = \mathbb{Z}/2\{\eta_{2}\eta_{3}\}$, $\pi_{5}^{3} = \mathbb{Z}/2\{\eta_{3}\eta_{4}\}$, $\pi_{6}^{4} = \mathbb{Z}/2\{\eta_{4}\eta_{5}\}$, $\pi_{n + 2}^{n} = \mathbb{Z}/2\{\eta_{n}\eta_{n + 1}\}$, $n \ge 5$ が成り立つ.",FIXED_STATEMENT_WITHOUT_COMPONENT,,False
5,6,pi_11^5,Toda Proposition 5.11 pi_11^5 nu_5 squared,fixed_statement,higher_nu_squared_group_relation,Proposition 5.6,Toda Proposition 5.6 finite-dimensional integration,TodaProp56FiniteDimensionalStatement,"$\pi_{5}^{2} = \mathbb{Z}/2\{\eta_{2}\eta_{3}\eta_{4}\}$, $\pi_{6}^{3} = \mathbb{Z}/4\{\nu'\}$, $\pi_{7}^{4} = \mathbb{Z}\{\nu_{4}\} \oplus \mathbb{Z}/4\{E\nu'\}$, $\pi_{8}^{5} = \mathbb{Z}/8\{\nu_{5}\}$, $\pi_{n + 3}^{n} = \mathbb{Z}/8\{\nu_{n}\}$, $n \ge 6$ が成り立つ.",FIXED_STATEMENT_WITHOUT_COMPONENT,,False
5,7,pi_12^5,Toda Proposition 5.15 pi_12^5 finite cyclic,fixed_statement,pi12_5_group_relation,Proposition 5.15,Toda Proposition 5.15 pi_12^5 Hopf isomorphism,TodaProp515Pi12_5HopfIsomorphismStatement,"$H: \pi_{12}^{5} \xrightarrow{\cong} \mathbb{Z}/2\{4\nu_{9}\}$, $H(\sigma''') = 4\nu_{9}$ が成り立つ.",PROOF_INTERNAL,,False
5,7,pi_12^5,Toda Proposition 5.15 pi_12^5 finite cyclic,fixed_statement,pi12_5_group_relation,Proposition 5.11,Toda Proposition 5.11 pi_12^9 nu_9 specialization,Relation,$\pi_{12}^{9} = \mathbb{Z}/8\{\nu_{9}\}$,PROOF_INTERNAL,,False
5,7,pi_12^5,Toda Proposition 5.15 pi_12^5 finite cyclic,fixed_statement,pi12_5_group_relation,Proposition 5.11,Toda Proposition 5.11 finite-dimensional integration,TodaProp511FiniteDimensionalStatement,"$\pi_{8}^{2} = \mathbb{Z}/2\{\eta_{2}\nu'\eta_{6}\eta_{7}\}$, $\pi_{9}^{3} = 0$, $\pi_{10}^{4} = \mathbb{Z}/8\{\nu_{4}\nu_{7}\}$, $\pi_{11}^{5} = \mathbb{Z}/2\{\nu_{5}\nu_{8}\}$, $\pi_{12}^{6} = \mathbb{Z}/2\{\nu_{6}\nu_{9}\}$, $\pi_{13}^{7} = \mathbb{Z}/2\{\nu_{7}\nu_{10}\}$, $\pi_{14}^{8} = \mathbb{Z}/2\{\nu_{8}\nu_{11}\}$, $\pi_{n + 6}^{n} = \mathbb{Z}/2\{\nu_{n}\nu_{n + 3}\}$, $n \ge 9$ が成り立つ.",FIXED_STATEMENT_WITHOUT_COMPONENT,,False
6,2,pi_8^6,ProofRule.INFERENCE,UNTRACKED,,Proposition 5.3,Toda Proposition 5.3 eta_4 squared stable transport,Relation,$\pi_{n + 2}^{n} = \mathbb{Z}/2\{E^{n - 4}\eta_{4}\eta_{5}\}$,PROOF_INTERNAL,,False
6,3,pi_9^6,ProofRule.INFERENCE,UNTRACKED,,Proposition 5.6,Toda Proposition 5.6 nu_5 stable transport,Relation,$\pi_{n + 3}^{n} = \mathbb{Z}/8\{E^{n - 5}\nu_{5}\}$,PROOF_INTERNAL,,False
6,4,pi_10^6,Toda Proposition 5.8 pi_10^6 zero,UNTRACKED,,Proposition 5.1,Toda Proposition 5.1 finite-dimensional integration,TodaProp51FiniteDimensionalStatement,"$\pi_{3}^{2} = \mathbb{Z}\{\eta_{2}\}$, $H\left(\eta_{2}\right) = \iota_{3}$, $\Delta\left(\iota_{5}\right) = \pm 2\eta_{2}$, $\pi_{n + 1}^{n} = \mathbb{Z}/2\{\eta_{n}\}$ が成り立つ.",FIXED_STATEMENT_WITHOUT_COMPONENT,,False
6,7,pi_13^6,Toda Proposition 5.15 pi_13^6 finite cyclic,fixed_statement,pi13_6_group_relation,Proposition 5.15,Toda Proposition 5.15 pi_12^5 Hopf isomorphism,TodaProp515Pi12_5HopfIsomorphismStatement,"$H: \pi_{12}^{5} \xrightarrow{\cong} \mathbb{Z}/2\{4\nu_{9}\}$, $H(\sigma''') = 4\nu_{9}$ が成り立つ.",PROOF_INTERNAL,,False
6,7,pi_13^6,Toda Proposition 5.15 pi_13^6 finite cyclic,fixed_statement,pi13_6_group_relation,Proposition 5.11,Toda Proposition 5.11 pi_13^11 eta_11 squared,Relation,$\pi_{13}^{11} = \mathbb{Z}/2\{\eta_{11}\eta_{12}\}$,PROOF_INTERNAL,,False
6,7,pi_13^6,Toda Proposition 5.15 pi_13^6 finite cyclic,fixed_statement,pi13_6_group_relation,Proposition 5.6,Toda Proposition 5.6 finite-dimensional integration,TodaProp56FiniteDimensionalStatement,"$\pi_{5}^{2} = \mathbb{Z}/2\{\eta_{2}\eta_{3}\eta_{4}\}$, $\pi_{6}^{3} = \mathbb{Z}/4\{\nu'\}$, $\pi_{7}^{4} = \mathbb{Z}\{\nu_{4}\} \oplus \mathbb{Z}/4\{E\nu'\}$, $\pi_{8}^{5} = \mathbb{Z}/8\{\nu_{5}\}$, $\pi_{n + 3}^{n} = \mathbb{Z}/8\{\nu_{n}\}$, $n \ge 6$ が成り立つ.",FIXED_STATEMENT_WITHOUT_COMPONENT,,False
6,7,pi_13^6,Toda Proposition 5.15 pi_13^6 finite cyclic,fixed_statement,pi13_6_group_relation,Proposition 5.3,Toda Proposition 5.3 finite-dimensional integration,TodaProp53FiniteDimensionalStatement,"$\pi_{4}^{2} = \mathbb{Z}/2\{\eta_{2}\eta_{3}\}$, $\pi_{5}^{3} = \mathbb{Z}/2\{\eta_{3}\eta_{4}\}$, $\pi_{6}^{4} = \mathbb{Z}/2\{\eta_{4}\eta_{5}\}$, $\pi_{n + 2}^{n} = \mathbb{Z}/2\{\eta_{n}\eta_{n + 1}\}$, $n \ge 5$ が成り立つ.",FIXED_STATEMENT_WITHOUT_COMPONENT,,False
7,2,pi_9^7,ProofRule.INFERENCE,UNTRACKED,,Proposition 5.3,Toda Proposition 5.3 eta_4 squared stable transport,Relation,$\pi_{n + 2}^{n} = \mathbb{Z}/2\{E^{n - 4}\eta_{4}\eta_{5}\}$,PROOF_INTERNAL,,False
7,3,pi_10^7,Toda Proposition 5.11 pi_10^7 nu_7 specialization,proof_internal,,Proposition 5.6,Toda Proposition 5.6 finite-dimensional integration,TodaProp56FiniteDimensionalStatement,"$\pi_{5}^{2} = \mathbb{Z}/2\{\eta_{2}\eta_{3}\eta_{4}\}$, $\pi_{6}^{3} = \mathbb{Z}/4\{\nu'\}$, $\pi_{7}^{4} = \mathbb{Z}\{\nu_{4}\} \oplus \mathbb{Z}/4\{E\nu'\}$, $\pi_{8}^{5} = \mathbb{Z}/8\{\nu_{5}\}$, $\pi_{n + 3}^{n} = \mathbb{Z}/8\{\nu_{n}\}$, $n \ge 6$ が成り立つ.",FIXED_STATEMENT_WITHOUT_COMPONENT,,False
7,6,pi_13^7,Toda Proposition 5.11 pi_13^7 nu_7 squared,fixed_statement,higher_nu_squared_group_relation,Proposition 5.11,Toda Proposition 5.11 pi_12^6 nu_6 squared,Relation,$\pi_{12}^{6} = \mathbb{Z}/2\{\nu_{6}\nu_{9}\}$,FIXED_STATEMENT_INELIGIBLE,higher_nu_squared_group_relation,False
7,7,pi_14^7,Toda Proposition 5.15 pi_14^7 finite cyclic,fixed_statement,pi14_7_group_relation,Proposition 5.11,Toda Proposition 5.11 pi_14^13 eta_13,Relation,$\pi_{14}^{13} = \mathbb{Z}/2\{\eta_{13}\}$,PROOF_INTERNAL,,False
7,7,pi_14^7,Toda Proposition 5.15 pi_14^7 finite cyclic,fixed_statement,pi14_7_group_relation,Proposition 5.11,Toda Proposition 5.11 pi_13^11 eta_11 squared,Relation,$\pi_{13}^{11} = \mathbb{Z}/2\{\eta_{11}\eta_{12}\}$,PROOF_INTERNAL,,False
7,7,pi_14^7,Toda Proposition 5.15 pi_14^7 finite cyclic,fixed_statement,pi14_7_group_relation,Proposition 5.3,Toda Proposition 5.3 finite-dimensional integration,TodaProp53FiniteDimensionalStatement,"$\pi_{4}^{2} = \mathbb{Z}/2\{\eta_{2}\eta_{3}\}$, $\pi_{5}^{3} = \mathbb{Z}/2\{\eta_{3}\eta_{4}\}$, $\pi_{6}^{4} = \mathbb{Z}/2\{\eta_{4}\eta_{5}\}$, $\pi_{n + 2}^{n} = \mathbb{Z}/2\{\eta_{n}\eta_{n + 1}\}$, $n \ge 5$ が成り立つ.",FIXED_STATEMENT_WITHOUT_COMPONENT,,False
7,7,pi_14^7,Toda Proposition 5.15 pi_14^7 finite cyclic,fixed_statement,pi14_7_group_relation,Proposition 5.1,Toda Proposition 5.1 finite-dimensional integration,TodaProp51FiniteDimensionalStatement,"$\pi_{3}^{2} = \mathbb{Z}\{\eta_{2}\}$, $H\left(\eta_{2}\right) = \iota_{3}$, $\Delta\left(\iota_{5}\right) = \pm 2\eta_{2}$, $\pi_{n + 1}^{n} = \mathbb{Z}/2\{\eta_{n}\}$ が成り立つ.",FIXED_STATEMENT_WITHOUT_COMPONENT,,False
8,2,pi_10^8,ProofRule.INFERENCE,UNTRACKED,,Proposition 5.3,Toda Proposition 5.3 eta_4 squared stable transport,Relation,$\pi_{n + 2}^{n} = \mathbb{Z}/2\{E^{n - 4}\eta_{4}\eta_{5}\}$,PROOF_INTERNAL,,False
8,3,pi_11^8,ProofRule.INFERENCE,UNTRACKED,,Proposition 5.6,Toda Proposition 5.6 nu_5 stable transport,Relation,$\pi_{n + 3}^{n} = \mathbb{Z}/8\{E^{n - 5}\nu_{5}\}$,PROOF_INTERNAL,,False
8,6,pi_14^8,Toda Proposition 5.11 pi_14^8 nu_8 squared,fixed_statement,higher_nu_squared_group_relation,Proposition 5.11,Toda Proposition 5.11 pi_13^7 nu_7 squared,Relation,$\pi_{13}^{7} = \mathbb{Z}/2\{\nu_{7}\nu_{10}\}$,FIXED_STATEMENT_INELIGIBLE,higher_nu_squared_group_relation,False
8,7,pi_15^8,Toda Proposition 5.15 pi_15^8 final decomposition,fixed_statement,pi15_8_group_relation,Proposition 5.15,Toda Proposition 5.15 sigma_8 transported decomposition,Toda515Sigma8TransportedDecompositionStatement,$\pi_{15}^{8} \cong \mathbb{Z}/8\{E\sigma'\} \oplus \mathbb{Z}\{\sigma_{8}\}$,PROOF_INTERNAL,,False
9,2,pi_11^9,ProofRule.INFERENCE,UNTRACKED,,Proposition 5.3,Toda Proposition 5.3 eta_4 squared stable transport,Relation,$\pi_{n + 2}^{n} = \mathbb{Z}/2\{E^{n - 4}\eta_{4}\eta_{5}\}$,PROOF_INTERNAL,,False
9,3,pi_12^9,Toda Proposition 5.11 pi_12^9 nu_9 specialization,proof_internal,,Proposition 5.6,Toda Proposition 5.6 finite-dimensional integration,TodaProp56FiniteDimensionalStatement,"$\pi_{5}^{2} = \mathbb{Z}/2\{\eta_{2}\eta_{3}\eta_{4}\}$, $\pi_{6}^{3} = \mathbb{Z}/4\{\nu'\}$, $\pi_{7}^{4} = \mathbb{Z}\{\nu_{4}\} \oplus \mathbb{Z}/4\{E\nu'\}$, $\pi_{8}^{5} = \mathbb{Z}/8\{\nu_{5}\}$, $\pi_{n + 3}^{n} = \mathbb{Z}/8\{\nu_{n}\}$, $n \ge 6$ が成り立つ.",FIXED_STATEMENT_WITHOUT_COMPONENT,,False
9,6,pi_15^9,ProofRule.INFERENCE,UNTRACKED,,Proposition 5.11,Toda Proposition 5.11 higher six-stem nu squared transport,Relation,$\pi_{n + 6}^{n} = \mathbb{Z}/2\{\nu_{n}\nu_{n + 3}\}$,PROOF_INTERNAL,,False
9,7,pi_16^9,Toda Proposition 5.15 pi_16^9 generated by sigma_9,proof_internal,,Proposition 5.15,Toda Proposition 5.15 pi_12^5 Hopf isomorphism,TodaProp515Pi12_5HopfIsomorphismStatement,"$H: \pi_{12}^{5} \xrightarrow{\cong} \mathbb{Z}/2\{4\nu_{9}\}$, $H(\sigma''') = 4\nu_{9}$ が成り立つ.",PROOF_INTERNAL,,False
10,2,pi_12^10,ProofRule.INFERENCE,UNTRACKED,,Proposition 5.3,Toda Proposition 5.3 eta_4 squared stable transport,Relation,$\pi_{n + 2}^{n} = \mathbb{Z}/2\{E^{n - 4}\eta_{4}\eta_{5}\}$,PROOF_INTERNAL,,False
10,3,pi_13^10,ProofRule.INFERENCE,UNTRACKED,,Proposition 5.6,Toda Proposition 5.6 nu_5 stable transport,Relation,$\pi_{n + 3}^{n} = \mathbb{Z}/8\{E^{n - 5}\nu_{5}\}$,PROOF_INTERNAL,,False
10,6,pi_16^10,ProofRule.INFERENCE,UNTRACKED,,Proposition 5.11,Toda Proposition 5.11 higher six-stem nu squared transport,Relation,$\pi_{n + 6}^{n} = \mathbb{Z}/2\{\nu_{n}\nu_{n + 3}\}$,PROOF_INTERNAL,,False
10,7,pi_17^10,ProofRule.INFERENCE,UNTRACKED,,Proposition 5.15,Toda Proposition 5.15 pi_16^9 generated by sigma_9,Relation,$\pi_{16}^{9} = \mathbb{Z}/16\{\sigma_{9}\}$,PROOF_INTERNAL,,False
11,2,pi_13^11,Toda Proposition 5.11 pi_13^11 eta_11 squared,proof_internal,,Proposition 5.3,Toda Proposition 5.3 finite-dimensional integration,TodaProp53FiniteDimensionalStatement,"$\pi_{4}^{2} = \mathbb{Z}/2\{\eta_{2}\eta_{3}\}$, $\pi_{5}^{3} = \mathbb{Z}/2\{\eta_{3}\eta_{4}\}$, $\pi_{6}^{4} = \mathbb{Z}/2\{\eta_{4}\eta_{5}\}$, $\pi_{n + 2}^{n} = \mathbb{Z}/2\{\eta_{n}\eta_{n + 1}\}$, $n \ge 5$ が成り立つ.",FIXED_STATEMENT_WITHOUT_COMPONENT,,False
11,3,pi_14^11,ProofRule.INFERENCE,UNTRACKED,,Proposition 5.6,Toda Proposition 5.6 nu_5 stable transport,Relation,$\pi_{n + 3}^{n} = \mathbb{Z}/8\{E^{n - 5}\nu_{5}\}$,PROOF_INTERNAL,,False
11,6,pi_17^11,ProofRule.INFERENCE,UNTRACKED,,Proposition 5.11,Toda Proposition 5.11 higher six-stem nu squared transport,Relation,$\pi_{n + 6}^{n} = \mathbb{Z}/2\{\nu_{n}\nu_{n + 3}\}$,PROOF_INTERNAL,,False
11,7,pi_18^11,ProofRule.INFERENCE,UNTRACKED,,Proposition 5.15,Toda Proposition 5.15 pi_16^9 generated by sigma_9,Relation,$\pi_{16}^{9} = \mathbb{Z}/16\{\sigma_{9}\}$,PROOF_INTERNAL,,False
12,2,pi_14^12,ProofRule.INFERENCE,UNTRACKED,,Proposition 5.3,Toda Proposition 5.3 eta_4 squared stable transport,Relation,$\pi_{n + 2}^{n} = \mathbb{Z}/2\{E^{n - 4}\eta_{4}\eta_{5}\}$,PROOF_INTERNAL,,False
12,3,pi_15^12,ProofRule.INFERENCE,UNTRACKED,,Proposition 5.6,Toda Proposition 5.6 nu_5 stable transport,Relation,$\pi_{n + 3}^{n} = \mathbb{Z}/8\{E^{n - 5}\nu_{5}\}$,PROOF_INTERNAL,,False
12,6,pi_18^12,ProofRule.INFERENCE,UNTRACKED,,Proposition 5.11,Toda Proposition 5.11 higher six-stem nu squared transport,Relation,$\pi_{n + 6}^{n} = \mathbb{Z}/2\{\nu_{n}\nu_{n + 3}\}$,PROOF_INTERNAL,,False
12,7,pi_19^12,ProofRule.INFERENCE,UNTRACKED,,Proposition 5.15,Toda Proposition 5.15 pi_16^9 generated by sigma_9,Relation,$\pi_{16}^{9} = \mathbb{Z}/16\{\sigma_{9}\}$,PROOF_INTERNAL,,False
13,1,pi_14^13,Toda Proposition 5.11 pi_14^13 eta_13,proof_internal,,Proposition 5.1,Toda Proposition 5.1 finite-dimensional integration,TodaProp51FiniteDimensionalStatement,"$\pi_{3}^{2} = \mathbb{Z}\{\eta_{2}\}$, $H\left(\eta_{2}\right) = \iota_{3}$, $\Delta\left(\iota_{5}\right) = \pm 2\eta_{2}$, $\pi_{n + 1}^{n} = \mathbb{Z}/2\{\eta_{n}\}$ が成り立つ.",FIXED_STATEMENT_WITHOUT_COMPONENT,,False
13,2,pi_15^13,ProofRule.INFERENCE,UNTRACKED,,Proposition 5.3,Toda Proposition 5.3 eta_4 squared stable transport,Relation,$\pi_{n + 2}^{n} = \mathbb{Z}/2\{E^{n - 4}\eta_{4}\eta_{5}\}$,PROOF_INTERNAL,,False
13,3,pi_16^13,ProofRule.INFERENCE,UNTRACKED,,Proposition 5.6,Toda Proposition 5.6 nu_5 stable transport,Relation,$\pi_{n + 3}^{n} = \mathbb{Z}/8\{E^{n - 5}\nu_{5}\}$,PROOF_INTERNAL,,False
13,6,pi_19^13,ProofRule.INFERENCE,UNTRACKED,,Proposition 5.11,Toda Proposition 5.11 higher six-stem nu squared transport,Relation,$\pi_{n + 6}^{n} = \mathbb{Z}/2\{\nu_{n}\nu_{n + 3}\}$,PROOF_INTERNAL,,False
13,7,pi_20^13,ProofRule.INFERENCE,UNTRACKED,,Proposition 5.15,Toda Proposition 5.15 pi_16^9 generated by sigma_9,Relation,$\pi_{16}^{9} = \mathbb{Z}/16\{\sigma_{9}\}$,PROOF_INTERNAL,,False
14,2,pi_16^14,ProofRule.INFERENCE,UNTRACKED,,Proposition 5.3,Toda Proposition 5.3 eta_4 squared stable transport,Relation,$\pi_{n + 2}^{n} = \mathbb{Z}/2\{E^{n - 4}\eta_{4}\eta_{5}\}$,PROOF_INTERNAL,,False
14,3,pi_17^14,ProofRule.INFERENCE,UNTRACKED,,Proposition 5.6,Toda Proposition 5.6 nu_5 stable transport,Relation,$\pi_{n + 3}^{n} = \mathbb{Z}/8\{E^{n - 5}\nu_{5}\}$,PROOF_INTERNAL,,False
14,6,pi_20^14,ProofRule.INFERENCE,UNTRACKED,,Proposition 5.11,Toda Proposition 5.11 higher six-stem nu squared transport,Relation,$\pi_{n + 6}^{n} = \mathbb{Z}/2\{\nu_{n}\nu_{n + 3}\}$,PROOF_INTERNAL,,False
14,7,pi_21^14,ProofRule.INFERENCE,UNTRACKED,,Proposition 5.15,Toda Proposition 5.15 pi_16^9 generated by sigma_9,Relation,$\pi_{16}^{9} = \mathbb{Z}/16\{\sigma_{9}\}$,PROOF_INTERNAL,,False
15,2,pi_17^15,ProofRule.INFERENCE,UNTRACKED,,Proposition 5.3,Toda Proposition 5.3 eta_4 squared stable transport,Relation,$\pi_{n + 2}^{n} = \mathbb{Z}/2\{E^{n - 4}\eta_{4}\eta_{5}\}$,PROOF_INTERNAL,,False
15,3,pi_18^15,ProofRule.INFERENCE,UNTRACKED,,Proposition 5.6,Toda Proposition 5.6 nu_5 stable transport,Relation,$\pi_{n + 3}^{n} = \mathbb{Z}/8\{E^{n - 5}\nu_{5}\}$,PROOF_INTERNAL,,False
15,6,pi_21^15,ProofRule.INFERENCE,UNTRACKED,,Proposition 5.11,Toda Proposition 5.11 higher six-stem nu squared transport,Relation,$\pi_{n + 6}^{n} = \mathbb{Z}/2\{\nu_{n}\nu_{n + 3}\}$,PROOF_INTERNAL,,False
15,7,pi_22^15,ProofRule.INFERENCE,UNTRACKED,,Proposition 5.15,Toda Proposition 5.15 pi_16^9 generated by sigma_9,Relation,$\pi_{16}^{9} = \mathbb{Z}/16\{\sigma_{9}\}$,PROOF_INTERNAL,,False
